distancia_km,pl_800,pl_1800,rsrp_800,rsrp_1800,cumple_800,cumple_1800,delta_rsrp_800_menos_1800,geometry
1.3028202647146978,130.28259568692368,144.4414995502165,-98.28259568692368,-112.44149955021649,True,False,14.158903863292807,POINT (439164.17051091086 4483844.022539812)
1.2794808357844074,130.00198353843294,144.16088740172574,-98.00198353843294,-112.16088740172574,True,False,14.158903863292807,POINT (439133.8273724066 4483826.578516603)
1.2566828462773802,129.72289482992227,143.8817986932151,-97.72289482992227,-111.8817986932151,True,False,14.158903863292835,POINT (439103.4842339023 4483809.134493395)
1.2344562945336763,129.44588388568826,143.6047877489811,-97.44588388568826,-111.6047877489811,True,False,14.158903863292835,POINT (439073.14109539805 4483791.690470185)
1.2105642991144734,129.14249824439779,143.3014021076906,-97.14249824439779,-111.30140210769059,True,False,14.158903863292807,POINT (439044.402234248 4483771.741920709)
1.1869272600527527,128.8363996357543,142.99530349904714,-96.8363996357543,-110.99530349904714,True,False,14.158903863292835,POINT (439015.8685612987 4483751.472994596)
1.1640565221121655,128.53436583858155,142.69326970187439,-96.53436583858155,-110.69326970187439,True,False,14.158903863292835,POINT (438987.18843181396 4483731.411833794)
1.1461330093208144,128.2934887294955,142.4523925927883,-96.2934887294955,-110.4523925927883,True,False,14.158903863292807,POINT (438956.0500905729 4483715.854348998)
1.1355720295565426,128.1497879552997,142.30869181859254,-96.1497879552997,-110.30869181859254,True,False,14.158903863292835,POINT (438922.40871494415 4483706.966934689)
1.1313461183510503,128.09191224570122,142.25081610899403,-96.09191224570122,-110.25081610899403,True,False,14.158903863292807,POINT (438887.64883845457 4483703.44412934)
1.1288483628004926,128.05760265027584,142.21650651356867,-96.05760265027584,-110.21650651356867,True,False,14.158903863292835,POINT (438852.7765507062 4483700.580148492)
1.1188460774569278,127.91944462000595,142.07834848329878,-95.91944462000595,-110.07834848329878,True,False,14.158903863292835,POINT (438820.00206565805 4483689.2352301255)
1.0979808462386182,127.627220851542,141.7861247148348,-95.627220851542,-109.78612471483481,True,False,14.158903863292807,POINT (438793.85885338625 4483666.543913803)
1.0678609522957487,127.19543738906098,141.3543412523538,-95.19543738906098,-109.3543412523538,True,False,14.15890386329282,POINT (438779.73989256273 4483635.05894464)
1.0332540141170896,126.68403360685996,140.84293747015278,-94.68403360685996,-108.84293747015278,True,False,14.15890386329282,POINT (438781.2272534083 4483600.433565131)
1.001220966056868,126.19516392798603,140.35406779127885,-94.19516392798603,-108.35406779127885,True,False,14.15890386329282,POINT (438796.5688266588 4483569.675765047)
0.9761434437765258,125.80140311316315,139.96030697645597,-93.80140311316315,-107.96030697645597,True,False,14.15890386329282,POINT (438822.3467042572 4483546.426825879)
0.9546369725740322,125.45557083035472,139.61447469364754,-93.45557083035472,-107.61447469364754,True,False,14.15890386329282,POINT (438850.93938354944 4483526.241219854)
0.9333457147385906,125.10543784965864,139.26434171295145,-93.10543784965864,-107.26434171295145,True,False,14.158903863292807,POINT (438879.0940000931 4483505.452779405)
0.9123721056380049,124.7526303115364,138.91153417482923,-92.7526303115364,-106.91153417482923,True,False,14.158903863292835,POINT (438906.8337239231 4483484.147621781)
0.8894350488145079,124.35738735225138,138.5162912155442,-92.35738735225138,-106.51629121554419,True,False,14.158903863292807,POINT (438932.29033397255 4483460.127609191)
0.8637619386614247,123.90272383056116,138.06162769385398,-91.90272383056116,-106.06162769385398,True,False,14.15890386329282,POINT (438954.22276062024 4483432.854436739)
0.8360410056228205,123.39636420451552,137.55526806780836,-91.39636420451552,-105.55526806780836,True,False,14.158903863292835,POINT (438972.66934895056 4483403.2287271535)
1.3028202647146978,130.28259568692368,144.4414995502165,-98.28259568692368,-112.44149955021649,True,False,14.158903863292807,POINT (439164.17051091086 4483844.022539812)
1.27777936825819,129.98132687820348,144.1402307414963,-97.98132687820348,-112.14023074149631,True,False,14.158903863292835,POINT (439135.05725976767 4483824.595275262)
1.2532156980119766,129.68000761730946,143.83891148060226,-97.68000761730946,-111.83891148060226,True,False,14.158903863292807,POINT (439105.9440086245 4483805.1680107135)
1.2291578651819655,129.37911310969875,143.53801697299156,-97.37911310969875,-111.53801697299156,True,False,14.158903863292807,POINT (439076.8307574813 4483785.740746164)
1.2046416946981275,129.0663656347929,143.22526949808574,-97.0663656347929,-111.22526949808574,True,False,14.158903863292835,POINT (439048.5181808342 4483765.198062855)
1.179902141753944,128.74424880407108,142.90315266736388,-96.74424880407108,-110.90315266736388,True,False,14.158903863292807,POINT (439020.798566024 4483743.829325064)
1.1556930888544326,128.4224332199248,142.58133708321762,-96.42243321992481,-110.58133708321762,True,False,14.158903863292807,POINT (438993.0789512138 4483722.460587273)
1.1303292758618413,128.07795387465376,142.23685773794656,-96.07795387465376,-110.23685773794656,True,False,14.158903863292807,POINT (438966.92279021215 4483699.2512580305)
1.1048332829141727,127.72379922254218,141.882703085835,-95.72379922254218,-109.882703085835,True,False,14.15890386329282,POINT (438941.3516419166 4483675.353216796)
1.0798698505835973,127.36903316131752,141.52793702461034,-95.36903316131752,-109.52793702461034,True,False,14.15890386329282,POINT (438915.780493621 4483651.455175562)
1.0531628174084675,126.98029056348977,141.13919442678258,-94.98029056348977,-109.13919442678258,True,False,14.158903863292807,POINT (438892.6206755772 4483625.2217064155)
1.0268639916170403,126.58773434022575,140.74663820351856,-94.58773434022575,-108.74663820351856,True,False,14.158903863292807,POINT (438869.5524266158 4483598.899550542)
1.0009067555172564,126.19029155787139,140.3491954211642,-94.19029155787139,-108.34919542116421,True,False,14.15890386329282,POINT (438846.7057826377 4483572.393792891)
0.9743864135149635,125.77343661728521,139.93234048057803,-93.77343661728521,-107.93234048057803,True,False,14.15890386329282,POINT (438825.13193470496 4483544.833511953)
0.9483207077277179,125.3525217561746,139.51142561946742,-93.3525217561746,-107.51142561946742,True,False,14.15890386329282,POINT (438803.6726195909 4483517.18684093)
0.922085536961461,124.91702218388139,139.0759260471742,-92.91702218388139,-107.07592604717419,True,False,14.158903863292807,POINT (438783.1002287534 4483488.871178564)
0.8964492792354883,124.4793256795139,138.63822954280673,-92.4793256795139,-106.63822954280673,True,False,14.15890386329282,POINT (438762.527837916 4483460.555516197)
0.8236326255807341,123.16424462129049,137.32314848458333,-91.16424462129049,-105.32314848458333,True,False,14.158903863292835,POINT (438980.10977613233 4483389.887961916)
0.7933447269331793,122.5826407304772,136.74154459377002,-90.5826407304772,-104.74154459377002,True,True,14.15890386329282,POINT (438993.5600949322 4483357.582753632)
0.7618915221717631,121.95467050761762,136.11357437091044,-89.95467050761762,-104.11357437091044,True,True,14.15890386329282,POINT (439003.9973988901 4483324.183003547)
0.7293312632051848,121.27667682400575,135.43558068729857,-89.27667682400575,-103.43558068729857,True,True,14.15890386329282,POINT (439010.9746717616 4483289.96018079)
0.6954856156462921,120.53904986586382,134.69795372915664,-88.53904986586382,-102.69795372915664,True,True,14.15890386329282,POINT (439013.4131712077 4483255.08164437)
0.6608821333777922,119.74682604664014,133.90572990993297,-87.74682604664014,-101.90572990993297,True,True,14.158903863292835,POINT (439011.7715062574 4483220.140600923)
0.6260401116077478,118.9060729350546,133.0649767983474,-86.9060729350546,-101.0649767983474,True,True,14.158903863292807,POINT (439008.02555908513 4483185.349170116)
0.5910606502099609,118.01355387780023,132.17245774109304,-86.01355387780023,-100.17245774109304,True,True,14.158903863292807,POINT (439001.52702390734 4483150.973989817)
0.5563034955753392,117.07277590964036,131.23167977293318,-85.07277590964036,-99.23167977293318,True,True,14.15890386329282,POINT (438997.2333599231 4483116.363349342)
0.5240848354032657,116.14665502085641,130.30555888414924,-84.14665502085641,-98.30555888414924,True,True,14.15890386329282,POINT (439003.0524290843 4483082.04010335)
2.3518080408842503,139.45142233828017,153.610326201573,-107.45142233828017,-121.610326201573,False,False,14.158903863292835,POINT (440984.0595361447 4483626.919234633)
2.321642649012614,139.25102652881563,153.40993039210846,-107.25102652881563,-121.40993039210846,False,False,14.158903863292835,POINT (440964.94809187914 4483597.597694802)
2.2916128358681322,139.04892827788385,153.20783214117665,-107.04892827788385,-121.20783214117665,False,False,14.158903863292807,POINT (440945.8334834005 4483568.278329144)
2.2649871722733024,138.86751219958916,153.02641606288196,-106.86751219958916,-121.02641606288196,False,False,14.158903863292807,POINT (440928.06781806546 4483543.728024477)
2.232747537584611,138.64496864939662,152.80387251268942,-106.64496864939662,-120.80387251268942,False,False,14.158903863292807,POINT (440904.7106021964 4483517.661945622)
2.2001041596391957,138.416339795475,152.57524365876785,-106.41633979547501,-120.57524365876785,False,False,14.158903863292835,POINT (440880.39868791646 4483492.502773281)
2.1669301451460004,138.18049240348634,152.33939626677918,-106.18049240348634,-120.33939626677918,False,False,14.158903863292835,POINT (440854.84892899636 4483468.609763294)
2.1333180424343454,137.93781893209706,152.09672279538987,-105.93781893209706,-120.09672279538987,False,False,14.158903863292807,POINT (440828.2290194199 4483445.891103453)
2.09952521462642,137.68995526362227,151.8488591269151,-105.68995526362227,-119.8488591269151,False,False,14.158903863292835,POINT (440801.08587673836 4483423.794728063)
2.0658129059948567,137.4386746326518,151.59757849594462,-105.43867463265181,-119.59757849594462,False,False,14.158903863292807,POINT (440774.0338672312 4483401.590909692)
2.032766819020749,137.1883478238078,151.34725168710062,-105.18834782380779,-119.34725168710062,False,False,14.158903863292835,POINT (440748.3154329741 4483377.871754023)
2.000838936929475,136.94259584082687,151.1014997041197,-104.94259584082687,-119.1014997041197,True,False,14.158903863292835,POINT (440724.57001561514 4483352.195497762)
1.773662667730749,135.07174191399247,149.23064577728528,-103.07174191399247,-117.23064577728528,True,False,14.158903863292807,POINT (440588.14831219794 4483057.042656522)
1.7661105715322207,135.00550439940096,149.1644082626938,-103.00550439940096,-117.1644082626938,True,False,14.158903863292835,POINT (440589.8870965061 4483022.099779728)
1.7610148826012901,134.9606511820215,149.1195550453143,-102.96065118202151,-117.11955504531431,True,False,14.158903863292807,POINT (440593.4379332761 4482987.292534963)
1.7610540508852652,134.9609964433925,149.1199003066853,-102.9609964433925,-117.11990030668531,True,False,14.158903863292807,POINT (440601.38585773215 4482953.223459021)
1.7649634271277994,134.99541831530388,149.15432217859671,-102.99541831530388,-117.15432217859671,True,False,14.158903863292835,POINT (440612.3962805969 4482920.032035933)
1.7721984577407877,135.05892176815766,149.2178256314505,-103.05892176815766,-117.2178256314505,True,False,14.158903863292835,POINT (440625.92617458425 4482887.7611333905)
1.784867793911141,135.1695013745735,149.32840523786635,-103.16950137457351,-117.32840523786635,True,False,14.158903863292835,POINT (440643.9269742814 4482857.759028245)
1.7924345771021422,135.2351714606125,149.3940753239053,-103.23517146061249,-117.3940753239053,True,False,14.158903863292807,POINT (440653.99528699333 4482842.451732236)
1.8098876853836432,135.3855912294072,149.54449509270003,-103.3855912294072,-117.54449509270003,True,False,14.158903863292835,POINT (440675.5926480239 4482814.909873248)
1.8262564222136186,135.52535297322817,149.68425683652097,-103.52535297322817,-117.68425683652097,True,False,14.158903863292807,POINT (440695.7199389628 4482786.278008888)
1.8429425742426,135.6665414398355,149.8254453031283,-103.6665414398355,-117.8254453031283,True,False,14.158903863292807,POINT (440715.6578508215 4482757.512610539)
1.859606680449752,135.80627329024148,149.9651771535343,-103.80627329024148,-117.96517715353431,True,False,14.158903863292835,POINT (440735.0918082875 4482728.404837054)
1.8788376661470214,135.96598095277324,150.12488481606604,-103.96598095277324,-118.12488481606604,True,False,14.158903863292807,POINT (440756.4942769408 4482700.738035479)
1.7924345771021422,135.2351714606125,149.3940753239053,-103.23517146061249,-117.3940753239053,True,False,14.158903863292807,POINT (440653.99528699333 4482842.451732236)
1.8073545093617327,135.3638492465564,149.52275310984922,-103.36384924655641,-117.52275310984922,True,False,14.158903863292807,POINT (440673.2629187831 4482813.2325884225)
1.8235791413708042,135.50257935650362,149.66148321979645,-103.50257935650362,-117.66148321979645,True,False,14.158903863292835,POINT (440693.23455024866 4482784.490305563)
1.8403420794894134,135.64462186792952,149.80352573122232,-103.64462186792952,-117.80352573122232,True,False,14.158903863292807,POINT (440713.22089698206 4482755.757990233)
1.8561628831583623,135.77749929092377,149.9364031542166,-103.77749929092377,-117.9364031542166,True,False,14.158903863292835,POINT (440731.82651097805 4482726.130834699)
1.87087033352199,135.90001384393315,150.05891770722596,-103.90001384393315,-118.05891770722596,True,False,14.158903863292807,POINT (440748.8572213604 4482695.56810346)
1.883123776096081,136.00135302091832,150.16025688421112,-104.00135302091832,-118.16025688421112,True,False,14.158903863292807,POINT (440762.9675757365 4482663.542102729)
1.889314165447662,136.05229872263791,150.21120258593075,-104.05229872263791,-118.21120258593075,True,False,14.158903863292835,POINT (440770.05249297107 4482642.893730492)
1.8890300623207916,136.04996426611493,150.20886812940776,-104.04996426611493,-118.20886812940776,True,False,14.158903863292835,POINT (440770.75175343885 4482608.10851347)
1.8784076057010455,135.96242733057753,150.12133119387033,-103.96242733057753,-118.12133119387033,True,False,14.158903863292807,POINT (440760.4704468715 4482574.749372839)
1.8673049221321194,135.87040227501427,150.0293061383071,-103.87040227501427,-118.0293061383071,True,False,14.158903863292835,POINT (440749.1216365756 4482541.680862004)
1.865437426106472,135.85486971622177,150.0137735795146,-103.85486971622177,-118.0137735795146,True,False,14.158903863292835,POINT (440746.36442650255 4482506.971219422)
1.8728901603837484,135.91676394478318,150.07566780807602,-103.91676394478318,-118.07566780807602,True,False,14.158903863292835,POINT (440752.3054282047 4482472.526928509)
1.889314165447662,136.05229872263791,150.21120258593075,-104.05229872263791,-118.21120258593075,True,False,14.158903863292835,POINT (440770.05249297107 4482642.893730492)
1.8988567706498385,136.13050643902454,150.28941030231738,-104.13050643902454,-118.28941030231738,True,False,14.158903863292835,POINT (440780.55236484756 4482609.549676017)
1.905230880850909,136.18252768579327,150.3414315490861,-104.18252768579327,-118.34143154908611,True,False,14.158903863292835,POINT (440787.29304996016 4482575.2129265675)
1.909647651659596,136.21847245016443,150.37737631345726,-104.21847245016443,-118.37737631345726,True,False,14.158903863292835,POINT (440791.4500911022 4482540.464440855)
1.9140931526531473,136.25456717698955,150.41347104028236,-104.25456717698955,-118.41347104028236,True,False,14.158903863292807,POINT (440795.0034794332 4482505.645287629)
1.9190207947047608,136.2944787605759,150.45338262386872,-104.29447876057591,-118.45338262386872,True,False,14.158903863292807,POINT (440798.4099292761 4482470.811517075)
1.877673555558195,135.95635993846466,150.1152638017575,-103.95635993846466,-118.1152638017575,True,False,14.158903863292835,POINT (440756.0701101528 4482454.801615516)
1.8564267522167892,135.7797058868789,149.93860975017174,-103.7797058868789,-117.93860975017174,True,False,14.158903863292835,POINT (440733.5136628908 4482436.255257342)
1.8273395873111233,135.53455716043715,149.69346102372998,-103.53455716043715,-117.69346102372998,True,False,14.158903863292835,POINT (440705.7953026957 4482457.322287248)
1.877673555558195,135.95635993846466,150.1152638017575,-103.95635993846466,-118.1152638017575,True,False,14.158903863292835,POINT (440756.0701101528 4482454.801615516)
1.8885643446784193,136.04613673558708,150.2050405988799,-104.04613673558708,-118.20504059887989,True,False,14.158903863292807,POINT (440764.56152858975 4482420.847296013)
1.8922646351802808,136.07652180438376,150.23542566767657,-104.07652180438376,-118.23542566767657,True,False,14.158903863292807,POINT (440765.2356851335 4482386.821577252)
1.1083715653695663,127.77343359708982,141.93233746038263,-95.77343359708982,-109.93233746038263,True,False,14.158903863292807,POINT (439464.6985400013 4481629.230396154)
1.1020692369426812,127.68491498066145,141.84381884395427,-95.68491498066145,-109.84381884395427,True,False,14.15890386329282,POINT (439462.52689391637 4481635.297917364)
1.1020692369426812,127.68491498066145,141.84381884395427,-95.68491498066145,-109.84381884395427,True,False,14.15890386329282,POINT (439462.52689391637 4481635.297917364)
1.0942368717454096,127.57419826402183,141.73310212731465,-95.57419826402183,-109.73310212731465,True,False,14.15890386329282,POINT (439462.57639536203 4481644.555597314)
1.1020692369426812,127.68491498066145,141.84381884395427,-95.68491498066145,-109.84381884395427,True,False,14.15890386329282,POINT (439462.52689391637 4481635.297917364)
1.090207881219778,127.5169362036197,141.6758400669125,-95.5169362036197,-109.67584006691251,True,False,14.15890386329282,POINT (439455.62937424425 4481644.97815541)
1.0942368717454096,127.57419826402183,141.73310212731465,-95.57419826402183,-109.73310212731465,True,False,14.15890386329282,POINT (439462.57639536203 4481644.555597314)
1.0805971540917836,127.37948467896858,141.5383885422614,-95.37948467896858,-109.5383885422614,True,False,14.15890386329282,POINT (439463.15919622174 4481661.0577940615)
1.0942368717454096,127.57419826402183,141.73310212731465,-95.57419826402183,-109.73310212731465,True,False,14.15890386329282,POINT (439462.57639536203 4481644.555597314)
1.090207881219778,127.5169362036197,141.6758400669125,-95.5169362036197,-109.67584006691251,True,False,14.15890386329282,POINT (439455.62937424425 4481644.97815541)
1.090207881219778,127.5169362036197,141.6758400669125,-95.5169362036197,-109.67584006691251,True,False,14.15890386329282,POINT (439455.62937424425 4481644.97815541)
1.0755444092899735,127.30672978953454,141.46563365282736,-95.30672978953454,-109.46563365282736,True,False,14.15890386329282,POINT (439436.6627514297 4481650.58221063)
1.0755444092899735,127.30672978953454,141.46563365282736,-95.30672978953454,-109.46563365282736,True,False,14.15890386329282,POINT (439436.6627514297 4481650.58221063)
1.0444981950203938,126.85204920744535,141.01095307073817,-94.85204920744535,-109.01095307073817,True,False,14.15890386329282,POINT (439407.5351543749 4481669.417340352)
1.0099663569653599,126.33016609466318,140.48906995795602,-94.33016609466318,-108.48906995795602,True,False,14.158903863292835,POINT (439390.04337767453 4481699.191579409)
0.9751076200315321,125.78492209462199,139.9438259579148,-93.78492209462199,-107.94382595791481,True,False,14.15890386329282,POINT (439372.2477304922 4481729.167274342)
0.94086098821233,125.22992970150584,139.38883356479866,-93.22992970150584,-107.38883356479866,True,False,14.15890386329282,POINT (439348.900720298 4481755.237553071)
0.9062395637618568,124.64793831245579,138.8068421757486,-92.64793831245579,-106.80684217574861,True,False,14.15890386329282,POINT (439327.65928470064 4481782.988477009)
0.8712744006446911,124.03715120724986,138.19605507054268,-92.03715120724986,-106.19605507054268,True,False,14.15890386329282,POINT (439310.79421287717 4481813.619814777)
0.8366518688040244,123.40770227257275,137.56660613586556,-91.40770227257275,-105.56660613586556,True,False,14.158903863292807,POINT (439297.9892869728 4481846.168900837)
0.8026618826591375,122.76388525695836,136.92278912025117,-90.76388525695836,-104.92278912025117,True,True,14.158903863292807,POINT (439288.1250831395 4481879.738296708)
0.7776199490424771,122.2718672850992,136.43077114839204,-90.2718672850992,-104.43077114839204,True,True,14.158903863292835,POINT (439288.7948225713 4481909.342309891)
0.7468221766333435,121.64456227333102,135.80346613662385,-89.64456227333102,-103.80346613662385,True,True,14.158903863292835,POINT (439279.47341742687 4481939.806747858)
1.1253724979417228,128.0097310373766,142.16863490066945,-96.00973103737661,-110.16863490066945,True,False,14.158903863292835,POINT (439519.1451949565 4481644.430978067)
1.1145533265945704,127.8597711736576,142.01867503695044,-95.8597711736576,-110.01867503695044,True,False,14.158903863292835,POINT (439485.43838202895 4481635.004909838)
1.1253724979417228,128.0097310373766,142.16863490066945,-96.00973103737661,-110.16863490066945,True,False,14.158903863292835,POINT (439519.1451949565 4481644.430978067)
1.1084858909512474,127.77503469152738,141.9339385548202,-95.77503469152738,-109.9339385548202,True,False,14.15890386329282,POINT (439484.35854563664 4481641.529670474)
1.1018340624299316,127.68160207539688,141.84050593868972,-95.68160207539688,-109.84050593868972,True,False,14.158903863292835,POINT (439474.9506135872 4481643.389774553)
1.0942368717454096,127.57419826402183,141.73310212731465,-95.57419826402183,-109.73310212731465,True,False,14.15890386329282,POINT (439462.57639536203 4481644.555597314)
1.1018340624299316,127.68160207539688,141.84050593868972,-95.68160207539688,-109.84050593868972,True,False,14.158903863292835,POINT (439474.9506135872 4481643.389774553)
1.0805971540917836,127.37948467896858,141.5383885422614,-95.37948467896858,-109.5383885422614,True,False,14.15890386329282,POINT (439463.15919622174 4481661.0577940615)
1.0805971540917836,127.37948467896858,141.5383885422614,-95.37948467896858,-109.5383885422614,True,False,14.15890386329282,POINT (439463.15919622174 4481661.0577940615)
1.0517216481908116,126.95903375402415,141.11793761731698,-94.95903375402415,-109.11793761731698,True,False,14.158903863292835,POINT (439461.22382487886 4481694.2204976715)
1.0517216481908116,126.95903375402415,141.11793761731698,-94.95903375402415,-109.11793761731698,True,False,14.158903863292835,POINT (439461.22382487886 4481694.2204976715)
1.0729852155433692,127.26974924323639,141.4286531065292,-95.26974924323639,-109.4286531065292,True,False,14.158903863292807,POINT (439450.0203998673 4481661.76922614)
1.0517216481908116,126.95903375402415,141.11793761731698,-94.95903375402415,-109.11793761731698,True,False,14.158903863292835,POINT (439461.22382487886 4481694.2204976715)
1.0228436330475192,126.52683890669056,140.68574276998336,-94.52683890669056,-108.68574276998336,True,False,14.158903863292807,POINT (439461.49571762694 4481729.218687977)
0.99429822837508,126.08745914108366,140.24636300437646,-94.08745914108366,-108.24636300437646,True,False,14.158903863292807,POINT (439461.6654098999 4481764.218249889)
0.9731183235100812,125.75322119044732,139.91212505374014,-93.75322119044732,-107.91212505374014,True,False,14.15890386329282,POINT (439462.3542384885 4481790.943875077)
1.0010013192173026,126.19175809013986,140.35066195343268,-94.19175809013986,-108.35066195343268,True,False,14.15890386329282,POINT (439461.6233847142 4481755.952883825)
1.029643326990274,126.62969306276928,140.7885969260621,-94.62969306276928,-108.7885969260621,True,False,14.15890386329282,POINT (439461.4562468234 4481720.9532829)
0.9731183235100812,125.75322119044732,139.91212505374014,-93.75322119044732,-107.91212505374014,True,False,14.15890386329282,POINT (439462.3542384885 4481790.943875077)
0.9455186144542016,125.30658597858624,139.46548984187905,-93.30658597858624,-107.46548984187905,True,False,14.158903863292807,POINT (439462.7840324918 4481825.94123608)
0.918449724887497,124.85569272290356,139.01459658619638,-92.85569272290356,-107.01459658619638,True,False,14.15890386329282,POINT (439463.2547042537 4481860.938066748)
0.891937964824419,124.40100909284496,138.55991295613777,-92.40100909284496,-106.55991295613777,True,False,14.158903863292807,POINT (439463.732988772 4481895.934798651)
0.865982469414371,123.94257915906215,138.10148302235498,-91.94257915906215,-106.10148302235498,True,False,14.158903863292835,POINT (439464.1425099516 4481930.932369442)
0.8406592344749017,123.4818772589922,137.64078112228503,-91.4818772589922,-105.64078112228503,True,False,14.158903863292835,POINT (439464.5181349338 4481965.930353753)
0.9731183235100812,125.75322119044732,139.91212505374014,-93.75322119044732,-107.91212505374014,True,False,14.15890386329282,POINT (439462.3542384885 4481790.943875077)
0.9806623651273244,125.8730998060072,140.03200366930002,-93.8730998060072,-108.03200366930002,True,False,14.15890386329282,POINT (439491.53035230975 4481803.8343134895)
0.9706191588071806,125.71330318750853,139.87220705080136,-93.71330318750853,-107.87220705080136,True,False,14.158903863292835,POINT (439511.0605815307 4481832.878592557)
0.9664172230281203,125.64595535681123,139.80485922010405,-93.64595535681123,-107.80485922010405,True,False,14.15890386329282,POINT (439534.23158074816 4481858.921355295)
0.9710875819168633,125.7207929143804,139.87969677767322,-93.7207929143804,-107.87969677767322,True,False,14.15890386329282,POINT (439562.61894029373 4481879.3946724115)
1.4320815264826563,131.7510540894671,145.9099579527599,-99.75105408946709,-113.9099579527599,True,False,14.158903863292807,POINT (440149.1456240382 4483239.467329174)
1.4186548396166119,131.60482751255822,145.76373137585102,-99.60482751255822,-113.76373137585102,True,False,14.158903863292807,POINT (440121.9526659868 4483261.502369779)
1.4059393676346814,131.4650650151526,145.6239688784454,-99.46506501515259,-113.6239688784454,True,False,14.158903863292807,POINT (440094.73846195894 4483283.510299083)
1.3930850577418012,131.32248573158984,145.48138959488267,-99.32248573158984,-113.48138959488267,True,False,14.158903863292835,POINT (440066.93046014704 4483304.763886993)
1.4320815264826563,131.7510540894671,145.9099579527599,-99.75105408946709,-113.9099579527599,True,False,14.158903863292807,POINT (440149.1456240382 4483239.467329174)
1.4641986006767818,132.09534417019194,146.25424803348474,-100.09534417019194,-114.25424803348474,True,False,14.158903863292807,POINT (440170.94806782727 4483266.847129116)
1.4964449826015938,132.43350502846536,146.59240889175817,-100.43350502846536,-114.59240889175817,True,False,14.158903863292807,POINT (440192.75051161635 4483294.226929056)
1.5288124900341598,132.76568602506896,146.92458988836177,-100.76568602506896,-114.92458988836177,True,False,14.158903863292807,POINT (440214.55295540544 4483321.606728998)
1.5477454982580074,132.956746695927,147.1156505592198,-100.956746695927,-115.1156505592198,True,False,14.158903863292807,POINT (440218.8277530313 4483352.2275840985)
1.5349620418879204,132.8280018784683,146.98690574176112,-100.82800187846831,-114.98690574176112,True,False,14.158903863292807,POINT (440191.25989612954 4483373.433444348)
1.5038138024379772,132.50975705549,146.66866091878285,-100.50975705549001,-114.66866091878285,True,False,14.158903863292835,POINT (440156.48704704747 4483370.424773412)
1.4724376958051035,132.18244891083967,146.3413527741325,-100.18244891083967,-114.3413527741325,True,False,14.158903863292835,POINT (440121.6824458333 4483366.731572318)
1.441112470571557,131.84863860961562,146.00754247290845,-99.84863860961562,-114.00754247290845,True,False,14.158903863292835,POINT (440086.91927761975 4483362.763790759)
1.4075906927299198,131.48328686101902,145.64219072431186,-99.48328686101902,-113.64219072431186,True,False,14.158903863292835,POINT (440062.647357709 4483338.620846363)
1.4320815264826563,131.7510540894671,145.9099579527599,-99.75105408946709,-113.9099579527599,True,False,14.158903863292807,POINT (440149.1456240382 4483239.467329174)
1.4461975081683143,131.90331659480623,146.06222045809903,-99.90331659480623,-114.06222045809903,True,False,14.158903863292807,POINT (440176.3155628669 4483217.403910943)
1.4632460823065603,132.0852424350927,146.24414629838554,-100.08524243509271,-114.24414629838554,True,False,14.158903863292835,POINT (440204.9597306859 4483197.441958333)
1.4845003885449553,132.30910198672527,146.4680058500181,-100.30910198672527,-114.4680058500181,True,False,14.158903863292835,POINT (440235.9038359488 4483181.095354071)
1.384049828413286,131.22147790278004,145.38038176607284,-99.22147790278004,-113.38038176607284,True,False,14.158903863292807,POINT (440047.21964372986 4483319.111034758)
1.364827204291165,131.0043699471165,145.16327381040932,-99.00436994711649,-113.16327381040932,True,False,14.158903863292835,POINT (440015.1474052547 4483332.951371106)
1.3386503765624111,130.7037490871819,144.8626529504747,-98.7037490871819,-112.86265295047471,True,False,14.158903863292807,POINT (439980.4658777374 4483337.291292781)
1.384049828413286,131.22147790278004,145.38038176607284,-99.22147790278004,-113.38038176607284,True,False,14.158903863292807,POINT (440047.21964372986 4483319.111034758)
1.3969063418398007,131.3650081573545,145.52391202064734,-99.36500815735451,-113.52391202064734,True,False,14.158903863292835,POINT (440075.368113953 4483298.317185646)
1.4097432571865542,131.50700765481525,145.66591151810806,-99.50700765481525,-113.66591151810806,True,False,14.158903863292807,POINT (440103.0121518001 4483276.85525906)
1.422649172546167,131.64847287855935,145.80737674185215,-99.64847287855935,-113.80737674185215,True,False,14.158903863292807,POINT (440130.20161149924 4483254.8159015095)
1.50370177420818,132.5086005947707,146.66750445806352,-100.50860059477071,-114.66750445806352,True,False,14.158903863292807,POINT (440263.2132951893 4483166.710450491)
1.5215807529448429,132.6920824499158,146.85098631320864,-100.6920824499158,-114.85098631320864,True,False,14.158903863292835,POINT (440291.3234632589 4483145.869324776)
1.50370177420818,132.5086005947707,146.66750445806352,-100.50860059477071,-114.66750445806352,True,False,14.158903863292807,POINT (440263.2132951893 4483166.710450491)
1.4819412494039517,132.28231835306997,146.4412222163628,-100.28231835306997,-114.4412222163628,True,False,14.158903863292835,POINT (440232.2440761016 4483182.984528662)
1.4608514658630969,132.05981775492313,146.21872161821594,-100.05981775492313,-114.21872161821594,True,False,14.158903863292807,POINT (440201.3604632965 4483199.443981568)
1.4444995589411722,131.8850804318101,146.04398429510294,-99.88508043181011,-114.04398429510294,True,False,14.158903863292835,POINT (440173.11836379237 4483220.000204619)
1.7450733462672363,134.8194879403181,148.97839180361092,-102.81948794031811,-116.97839180361092,True,False,14.158903863292807,POINT (440607.37728123594 4482310.238814331)
1.7161815540713607,134.56033133448022,148.71923519777306,-102.56033133448022,-116.71923519777306,True,False,14.158903863292835,POINT (440575.7665919625 4482295.249003447)
1.6898503881143643,134.32031471017652,148.47921857346935,-102.32031471017652,-116.47921857346935,True,False,14.158903863292835,POINT (440545.9433062991 4482276.980814115)
1.666715737358516,134.10632843700742,148.26523230030026,-102.10632843700742,-116.26523230030026,True,False,14.158903863292835,POINT (440518.4111518215 4482255.391701792)
1.6446783752249863,133.89971124967104,148.05861511296388,-101.89971124967104,-116.05861511296388,True,False,14.158903863292835,POINT (440491.42499657976 4482233.103870465)
1.6230965980824548,133.69466460200104,147.85356846529385,-101.69466460200104,-115.85356846529385,True,False,14.158903863292807,POINT (440464.43884133804 4482210.8160391385)
1.6154789879129605,133.62163872105765,147.78054258435046,-101.62163872105765,-115.78054258435046,True,False,14.158903863292807,POINT (440454.77068849857 4482202.831123992)
1.593056785690201,133.40467368806463,147.56357755135744,-101.40467368806463,-115.56357755135744,True,False,14.158903863292807,POINT (440426.6300550558 4482182.0505603785)
1.5685437099861517,133.16395444131862,147.32285830461143,-101.16395444131862,-115.32285830461143,True,False,14.158903863292807,POINT (440396.6273630729 4482164.154333197)
1.6154789879129605,133.62163872105765,147.78054258435046,-101.62163872105765,-115.78054258435046,True,False,14.158903863292807,POINT (440454.77068849857 4482202.831123992)
1.580744974240312,133.2842378787965,147.44314174208932,-101.28423787879649,-115.44314174208932,True,False,14.158903863292835,POINT (440421.6602061386 4482213.781875342)
1.5473054154909294,132.95233223308543,147.11123609637826,-100.95233223308543,-115.11123609637826,True,False,14.158903863292835,POINT (440390.645921932 4482228.110739392)
1.5299156109840228,132.77688281617645,146.9357866794693,-100.77688281617645,-114.93578667946929,True,False,14.158903863292835,POINT (440379.85615799145 4482260.2424221905)
1.5352963773984603,132.83138267375898,146.99028653705182,-100.83138267375898,-114.99028653705182,True,False,14.158903863292835,POINT (440391.76206899894 4482292.918670545)
1.5527441530735728,133.00680020561867,147.1657040689115,-101.00680020561867,-115.16570406891151,True,False,14.158903863292835,POINT (440377.95520847186 4482155.78743497)
1.518984209493461,132.66556982601713,146.82447368930994,-100.66556982601713,-114.82447368930994,True,False,14.158903863292807,POINT (440343.0365746741 4482156.330371922)
1.5527441530735728,133.00680020561867,147.1657040689115,-101.00680020561867,-115.16570406891151,True,False,14.158903863292835,POINT (440377.95520847186 4482155.78743497)
1.5252859673874537,132.72983718285863,146.88874104615147,-100.72983718285863,-114.88874104615147,True,False,14.158903863292835,POINT (440345.5914978965 4482142.476396247)
1.49773353934249,132.44686597360771,146.60576983690052,-100.44686597360771,-114.60576983690052,True,False,14.158903863292807,POINT (440312.98397341353 4482129.7592545)
1.470258335221313,132.15945594122616,146.31835980451896,-100.15945594122616,-114.31835980451896,True,False,14.158903863292807,POINT (440280.2399208642 4482117.396931796)
1.5425437045999317,132.90448714131855,147.06339100461136,-100.90448714131855,-115.06339100461136,True,False,14.158903863292807,POINT (440403.36114878976 4482316.96835405)
1.5528294866740249,133.0076532851781,147.1665571484709,-101.0076532851781,-115.1665571484709,True,False,14.158903863292807,POINT (440418.692465251 4482348.383152851)
1.5713119810924843,133.1913266814738,147.35023054476665,-101.19132668147381,-115.35023054476665,True,False,14.158903863292835,POINT (440440.963244786 4482374.9908978185)
1.5979785751325468,133.45255908100242,147.61146294429525,-101.45255908100242,-115.61146294429525,True,False,14.158903863292835,POINT (440470.11141137313 4482394.226585715)
1.6259036632268995,133.72148802206746,147.8803918853603,-101.72148802206746,-115.8803918853603,True,False,14.158903863292835,POINT (440500.09229638416 4482412.27000598)
1.4951209852723086,132.41976461343157,146.57866847672437,-100.41976461343157,-114.57866847672437,True,False,14.158903863292807,POINT (440316.64707175683 4482150.970297019)
1.4875110913807368,132.34055258093002,146.49945644422286,-100.34055258093002,-114.49945644422286,True,False,14.158903863292835,POINT (440318.56709327345 4482185.912231354)
1.4801375888831547,132.26341366407257,146.42231752736538,-100.26341366407257,-114.42231752736538,True,False,14.158903863292807,POINT (440319.87699126283 4482220.681746808)
1.4504727539159898,131.9491385520555,146.10804241534834,-99.9491385520555,-114.10804241534834,True,False,14.158903863292835,POINT (440294.8147302036 4482243.46526163)
1.4214908324066922,131.63582853007995,145.79473239337275,-99.63582853007995,-113.79473239337275,True,False,14.158903863292807,POINT (440270.7285227427 4482268.386662503)
1.404259507766385,131.4465063238228,145.6054101871156,-99.4465063238228,-113.60541018711561,True,False,14.158903863292807,POINT (440259.96801032644 4482301.32181253)
1.3948721331023102,131.34238642106433,145.50129028435717,-99.34238642106433,-113.50129028435717,True,False,14.158903863292835,POINT (440256.83919922786 4482336.181029951)
1.4951209852723086,132.41976461343157,146.57866847672437,-100.41976461343157,-114.57866847672437,True,False,14.158903863292807,POINT (440316.64707175683 4482150.970297019)
1.4705741186827679,132.16278967103014,146.32169353432295,-100.16278967103014,-114.32169353432295,True,False,14.158903863292807,POINT (440285.9282439563 4482134.212981245)
1.4484013694376114,131.92695440520248,146.08585826849531,-99.92695440520248,-114.08585826849531,True,False,14.158903863292835,POINT (440253.91091341735 4482107.456571297)
1.4216189191051398,131.63722722083514,145.79613108412795,-99.63722722083514,-113.79613108412795,True,False,14.158903863292807,POINT (440221.2169546873 4482094.96237014)
1.3952004068686437,131.34603927227465,145.5049431355675,-99.34603927227465,-113.50494313556749,True,False,14.158903863292835,POINT (440188.52299595723 4482082.468168982)
1.369147630102179,131.05343177203963,145.21233563533247,-99.05343177203963,-113.21233563533247,True,False,14.158903863292835,POINT (440155.8188534392 4482070.00067743)
1.39098219177342,131.29903570976145,145.45793957305426,-99.29903570976145,-113.45793957305426,True,False,14.158903863292807,POINT (440254.47414340865 4482345.564317913)
1.3916204436838404,131.306156894238,145.4650607575308,-99.306156894238,-113.46506075753081,True,False,14.158903863292807,POINT (440256.5892881865 4482354.650079814)
1.39098219177342,131.29903570976145,145.45793957305426,-99.29903570976145,-113.45793957305426,True,False,14.158903863292807,POINT (440254.47414340865 4482345.564317913)
1.4015198752239584,131.41619183619918,145.57509569949198,-99.41619183619918,-113.57509569949198,True,False,14.158903863292807,POINT (440259.05866431165 4482311.064740009)
1.4153370844486357,131.5684814623679,145.72738532566075,-99.56848146236791,-113.72738532566075,True,False,14.158903863292835,POINT (440266.31565147714 4482277.106120387)
1.4415211014633267,131.85303962671188,146.0119434900047,-99.85303962671188,-114.01194349000471,True,False,14.158903863292835,POINT (440286.97010061034 4482249.274555415)
1.4738261424894394,132.19707973874742,146.35598360204025,-100.19707973874742,-114.35598360204025,True,False,14.158903863292835,POINT (440315.4662229578 4482229.294709753)
1.4858058899034863,132.32274742283687,146.4816512861297,-100.32274742283687,-114.4816512861297,True,False,14.158903863292835,POINT (440319.390439243 4482195.662803001)
1.4927092351075435,132.39470422529308,146.55360808858592,-100.39470422529308,-114.55360808858592,True,False,14.158903863292835,POINT (440316.97312442074 4482160.749842311)
1.39098219177342,131.29903570976145,145.45793957305426,-99.29903570976145,-113.45793957305426,True,False,14.158903863292807,POINT (440254.47414340865 4482345.564317913)
1.3817151877042668,131.19527097114664,145.35417483443948,-99.19527097114664,-113.35417483443948,True,False,14.158903863292835,POINT (440246.42931919056 4482353.83209415)
1.466252829224179,132.11710751291653,146.27601137620937,-100.11710751291653,-114.27601137620937,True,False,14.158903863292835,POINT (440280.4510706797 4482131.189012421)
1.4475873754032131,131.9182279942495,146.07713185754233,-99.91822799424949,-114.07713185754233,True,False,14.158903863292835,POINT (440260.768323904 4482130.879985368)
1.466252829224179,132.11710751291653,146.27601137620937,-100.11710751291653,-114.27601137620937,True,False,14.158903863292835,POINT (440280.4510706797 4482131.189012421)
1.4548007389024247,131.99538840355933,146.15429226685214,-99.99538840355933,-114.15429226685214,True,False,14.158903863292807,POINT (440263.99190252286 4482117.444466246)
1.4475873754032131,131.9182279942495,146.07713185754233,-99.91822799424949,-114.07713185754233,True,False,14.158903863292835,POINT (440260.768323904 4482130.879985368)
1.4126387977368695,131.53885881814486,145.6977626814377,-99.53885881814486,-113.6977626814377,True,False,14.158903863292835,POINT (440227.6343732515 4482142.006446656)
1.380141932562232,131.17758579877835,145.33648966207116,-99.17758579877835,-113.33648966207116,True,False,14.158903863292807,POINT (440200.08005232445 4482162.688702458)
1.354960206569839,130.89173756442125,145.05064142771408,-98.89173756442125,-113.05064142771408,True,False,14.158903863292835,POINT (440182.96732604154 4482193.206130387)
1.4475873754032131,131.9182279942495,146.07713185754233,-99.91822799424949,-114.07713185754233,True,False,14.158903863292835,POINT (440260.768323904 4482130.879985368)
1.4548007389024247,131.99538840355933,146.15429226685214,-99.99538840355933,-114.15429226685214,True,False,14.158903863292807,POINT (440263.99190252286 4482117.444466246)
1.3497044554855524,130.8314075809953,144.9903114442881,-98.83140758099529,-112.9903114442881,True,False,14.158903863292807,POINT (440179.27245520824 4482199.346264494)
1.3750615272329478,131.1203383051347,145.27924216842752,-99.12033830513471,-113.27924216842752,True,False,14.158903863292807,POINT (440196.7160181262 4482169.016149908)
1.4055370139488577,131.4606219278671,145.61952579115993,-99.4606219278671,-113.61952579115993,True,False,14.158903863292835,POINT (440221.10659088765 4482144.910325572)
1.440443957622535,131.84143593160158,146.00033979489442,-99.84143593160158,-114.00033979489442,True,False,14.158903863292835,POINT (440253.7914107081 4482132.515833643)
1.3497044554855524,130.8314075809953,144.9903114442881,-98.83140758099529,-112.9903114442881,True,False,14.158903863292807,POINT (440179.27245520824 4482199.346264494)
1.316470832373467,130.44439704947473,144.60330091276757,-98.44439704947473,-112.60330091276757,True,False,14.158903863292835,POINT (440150.2830139427 4482218.95779924)
1.2824179100115993,130.03757652650913,144.19648038980193,-98.03757652650913,-112.19648038980193,True,False,14.158903863292807,POINT (440119.4088535325 4482235.102706049)
1.3497044554855524,130.8314075809953,144.9903114442881,-98.83140758099529,-112.9903114442881,True,False,14.158903863292807,POINT (440179.27245520824 4482199.346264494)
1.3507523873634135,130.84345536381326,145.00235922710607,-98.84345536381326,-113.00235922710607,True,False,14.158903863292807,POINT (440189.507080204 4482232.808954107)
1.3483937173956217,130.816325214004,144.9752290772968,-98.816325214004,-112.9752290772968,True,False,14.158903863292807,POINT (440195.478602099 4482266.973265737)
1.3298430454638166,130.60128042615904,144.76018428945187,-98.60128042615904,-112.76018428945187,True,False,14.158903863292835,POINT (440183.6851835427 4482299.592757984)
1.3085427695865375,130.350630455483,144.50953431877582,-98.35063045548301,-112.50953431877582,True,False,14.158903863292807,POINT (440168.1982845943 4482330.979952204)
1.287841540759735,130.10308916512855,144.26199302842136,-98.10308916512855,-112.26199302842136,True,False,14.158903863292807,POINT (440152.71138564585 4482362.367146423)
1.4548007389024247,131.99538840355933,146.15429226685214,-99.99538840355933,-114.15429226685214,True,False,14.158903863292807,POINT (440263.99190252286 4482117.444466246)
1.4484013694376114,131.92695440520248,146.08585826849531,-99.92695440520248,-114.08585826849531,True,False,14.158903863292835,POINT (440253.91091341735 4482107.456571297)
1.7558277302806995,134.91485938566888,149.07376324896168,-102.91485938566888,-117.07376324896168,True,False,14.158903863292807,POINT (440596.6732258281 4482950.32945112)
1.7309028988007735,134.69292094561496,148.8518248089078,-102.69292094561496,-116.85182480890779,True,False,14.158903863292835,POINT (440567.3963480728 4482966.6774488855)
1.7558277302806995,134.91485938566888,149.07376324896168,-102.91485938566888,-117.07376324896168,True,False,14.158903863292807,POINT (440596.6732258281 4482950.32945112)
1.7260514752700673,134.6493509892146,148.80825485250745,-102.64935098921461,-116.80825485250745,True,False,14.158903863292835,POINT (440567.32664270606 4482945.1343868235)
1.7295497843305312,134.68078110617475,148.83968496946758,-102.68078110617475,-116.83968496946758,True,False,14.158903863292835,POINT (440565.2521876244 4482969.883478432)
1.7311824761356167,134.6954280677178,148.85433193101062,-102.69542806771781,-116.85433193101062,True,False,14.158903863292807,POINT (440558.45309834485 4483004.216733229)
1.7335204281693166,134.71637791975994,148.87528178305274,-102.71637791975994,-116.87528178305274,True,False,14.158903863292807,POINT (440551.6540090653 4483038.549988027)
1.7365607919335015,134.74357969930668,148.9024835625995,-102.74357969930668,-116.90248356259951,True,False,14.158903863292835,POINT (440544.85491978575 4483072.883242823)
1.7428185719337,134.79941775318215,148.958321616475,-102.79941775318215,-116.95832161647499,True,False,14.158903863292835,POINT (440540.63655324484 4483107.421010373)
1.7732946887050063,135.06852100542068,149.22742486871348,-103.06852100542068,-117.22742486871348,True,False,14.158903863292807,POINT (440566.8047225256 4483125.487872172)
1.7870811791632395,135.18873951625676,149.34764337954957,-103.18873951625676,-117.34764337954957,True,False,14.158903863292807,POINT (440588.7905995215 4483101.966320258)
1.7765800432501475,135.09725398324852,149.25615784654136,-103.09725398324852,-117.25615784654136,True,False,14.158903863292835,POINT (440588.3288662 4483066.984726696)
1.7260514752700673,134.6493509892146,148.80825485250745,-102.64935098921461,-116.80825485250745,True,False,14.158903863292835,POINT (440567.32664270606 4482945.1343868235)
1.7295497843305312,134.68078110617475,148.83968496946758,-102.68078110617475,-116.83968496946758,True,False,14.158903863292835,POINT (440565.2521876244 4482969.883478432)
1.7260514752700673,134.6493509892146,148.80825485250745,-102.64935098921461,-116.80825485250745,True,False,14.158903863292835,POINT (440567.32664270606 4482945.1343868235)
1.7129055988282815,134.53067135363807,148.6895752169309,-102.53067135363807,-116.6895752169309,True,False,14.158903863292835,POINT (440547.21609914565 4482973.7539028665)
1.700544905484198,134.41824647740575,148.57715034069855,-102.41824647740575,-116.57715034069855,True,False,14.158903863292807,POINT (440527.2458904446 4483002.497436829)
1.6887060431056036,134.30979903611123,148.46870289940404,-102.30979903611123,-116.46870289940404,True,False,14.158903863292807,POINT (440507.1789315136 4483031.167139374)
1.6731432364678176,134.16607676133825,148.32498062463108,-102.16607676133825,-116.32498062463108,True,False,14.158903863292835,POINT (440483.47379927535 4483056.773699152)
1.6511176363007833,133.96036917609268,148.1192730393855,-101.96036917609268,-116.11927303938549,True,False,14.158903863292807,POINT (440454.3849146699 4483076.094499653)
1.6262899239702018,133.72517538157635,147.88407924486918,-101.72517538157635,-115.88407924486918,True,False,14.158903863292835,POINT (440423.0935584669 4483091.774136988)
1.6018421847083826,133.49004594328244,147.64894980657525,-101.49004594328244,-115.64894980657525,True,False,14.158903863292807,POINT (440391.8022022638 4483107.453774325)
1.5777920815541047,133.25521281975392,147.41411668304676,-101.25521281975392,-115.41411668304676,True,False,14.158903863292835,POINT (440360.51084606076 4483123.13341166)
1.7260514752700673,134.6493509892146,148.80825485250745,-102.64935098921461,-116.80825485250745,True,False,14.158903863292835,POINT (440567.32664270606 4482945.1343868235)
1.7063370619397602,134.47102957979206,148.6299334430849,-102.47102957979206,-116.6299334430849,True,False,14.158903863292835,POINT (440549.47912415565 4482934.486299674)
1.7063370619397602,134.47102957979206,148.6299334430849,-102.47102957979206,-116.6299334430849,True,False,14.158903863292835,POINT (440549.47912415565 4482934.486299674)
1.7172575870207998,134.5700612154674,148.72896507876024,-102.5700612154674,-116.72896507876024,True,False,14.158903863292835,POINT (440565.39207831246 4482911.7918386785)
1.7172575870207998,134.5700612154674,148.72896507876024,-102.5700612154674,-116.72896507876024,True,False,14.158903863292835,POINT (440565.39207831246 4482911.7918386785)
1.737230742503024,134.7495672652723,148.9084711285651,-102.7495672652723,-116.90847112856511,True,False,14.158903863292807,POINT (440590.45277105493 4482887.359040227)
1.7579209027276457,134.93335401657563,149.09225787986847,-102.93335401657563,-117.09225787986847,True,False,14.158903863292835,POINT (440615.7260027007 4482863.151932761)
1.7172575870207998,134.5700612154674,148.72896507876024,-102.5700612154674,-116.72896507876024,True,False,14.158903863292835,POINT (440565.39207831246 4482911.7918386785)
1.7357000342807765,134.73588343704824,148.89478730034108,-102.73588343704824,-116.89478730034108,True,False,14.158903863292835,POINT (440582.07725941297 4482922.271588549)
1.7644197508415274,134.99063583841246,149.1495397017053,-102.99063583841246,-117.1495397017053,True,False,14.158903863292835,POINT (440623.330636221 4482857.015235599)
1.7521639479464495,134.88243419300278,149.04133805629561,-102.88243419300278,-117.04133805629561,True,False,14.158903863292835,POINT (440605.67913116876 4482887.122536381)
1.7385005580234847,134.7609096860068,148.91981354929962,-102.76090968600681,-116.91981354929962,True,False,14.158903863292807,POINT (440586.17663688917 4482916.185436758)
1.7644197508415274,134.99063583841246,149.1495397017053,-102.99063583841246,-117.1495397017053,True,False,14.158903863292835,POINT (440623.330636221 4482857.015235599)
1.7298664204399334,134.6836227453012,148.84252660859403,-102.6836227453012,-116.84252660859403,True,False,14.158903863292835,POINT (440590.0913860914 4482846.123923639)
1.6952025389609675,134.36940262011885,148.52830648341165,-102.36940262011885,-116.52830648341165,True,False,14.158903863292807,POINT (440556.61722899514 4482835.902338306)
1.6607877243112947,134.0510185983147,148.20992246160753,-102.0510185983147,-116.20992246160753,True,False,14.158903863292835,POINT (440523.55149784044 4482824.573541147)
1.6294264942039107,133.75508562027545,147.91398948356826,-101.75508562027545,-115.91398948356826,True,False,14.158903863292807,POINT (440494.7637504718 4482804.990408575)
1.601169139542398,133.48352219734838,147.64242606064118,-101.48352219734838,-115.64242606064118,True,False,14.158903863292807,POINT (440469.58560328843 4482780.726203827)
1.7644197508415274,134.99063583841246,149.1495397017053,-102.99063583841246,-117.1495397017053,True,False,14.158903863292835,POINT (440623.330636221 4482857.015235599)
1.7798031970118535,135.12539137814122,149.28429524143405,-103.12539137814122,-117.28429524143405,True,False,14.158903863292835,POINT (440643.334034214 4482828.294788724)
1.7963231342401973,135.26881144717362,149.42771531046645,-103.26881144717362,-117.42771531046645,True,False,14.158903863292835,POINT (440663.8785230462 4482799.963229698)
1.8136907019503108,135.4181750505834,149.57707891387622,-103.41817505058339,-117.57707891387622,True,False,14.158903863292835,POINT (440684.72370064375 4482771.847778947)
1.8309692524547185,135.5653604880195,149.72426435131234,-103.56536048801951,-117.72426435131234,True,False,14.158903863292835,POINT (440705.0099250833 4482743.339956215)
1.8478088188081934,135.70747605280803,149.86637991610087,-103.70747605280803,-117.86637991610087,True,False,14.158903863292835,POINT (440724.4021710228 4482714.203480286)
1.8644192688573693,135.84639482719768,150.00529869049052,-103.84639482719768,-118.00529869049052,True,False,14.158903863292835,POINT (440743.0836904584 4482684.661785817)
1.8752253827814032,135.93610706944463,150.09501093273747,-103.93610706944463,-118.09501093273747,True,False,14.158903863292835,POINT (440755.58847936307 4482651.979545576)
1.874798409367161,135.93257216148308,150.09147602477591,-103.93257216148308,-118.09147602477591,True,False,14.158903863292835,POINT (440756.3175236222 4482617.337918864)
1.8621993879193788,135.82790103059054,149.98680489388335,-103.82790103059054,-117.98680489388335,True,False,14.158903863292807,POINT (440744.2197125272 4482584.966498497)
1.7357000342807765,134.73588343704824,148.89478730034108,-102.73588343704824,-116.89478730034108,True,False,14.158903863292835,POINT (440582.07725941297 4482922.271588549)
1.7260514752700673,134.6493509892146,148.80825485250745,-102.64935098921461,-116.80825485250745,True,False,14.158903863292835,POINT (440567.32664270606 4482945.1343868235)
1.7357000342807765,134.73588343704824,148.89478730034108,-102.73588343704824,-116.89478730034108,True,False,14.158903863292835,POINT (440582.07725941297 4482922.271588549)
1.7581596589937598,134.93546219449044,149.09436605778328,-102.93546219449044,-117.09436605778328,True,False,14.158903863292835,POINT (440598.9157676761 4482950.988782581)
1.7581596589937598,134.93546219449044,149.09436605778328,-102.93546219449044,-117.09436605778328,True,False,14.158903863292835,POINT (440598.9157676761 4482950.988782581)
1.7558277302806995,134.91485938566888,149.07376324896168,-102.91485938566888,-117.07376324896168,True,False,14.158903863292807,POINT (440596.6732258281 4482950.32945112)
1.2801155111728209,130.00968177906623,144.16858564235906,-98.00968177906623,-112.16858564235906,True,False,14.158903863292835,POINT (440094.5473665331 4482982.69855321)
1.2750770275913317,129.9484625188111,144.10736638210392,-97.94846251881111,-112.10736638210392,True,False,14.158903863292807,POINT (440089.2915761445 4482982.507551065)
1.2750770275913317,129.9484625188111,144.10736638210392,-97.94846251881111,-112.10736638210392,True,False,14.158903863292807,POINT (440089.2915761445 4482982.507551065)
1.2663018375736819,129.84126119730158,144.0001650605944,-97.84126119730158,-112.00016506059441,True,False,14.158903863292835,POINT (440074.23736871907 4482999.013016262)
1.2750770275913317,129.9484625188111,144.10736638210392,-97.94846251881111,-112.10736638210392,True,False,14.158903863292807,POINT (440089.2915761445 4482982.507551065)
1.2676522157786145,129.85780624496695,144.01671010825976,-97.85780624496695,-112.01671010825976,True,False,14.158903863292807,POINT (440083.07519383205 4482977.717409825)
1.264783676649714,129.82263936804753,143.98154323134034,-97.82263936804753,-111.98154323134034,True,False,14.158903863292807,POINT (440081.58929717477 4482973.1335780015)
1.2311861479997965,129.4047074577652,143.563611321058,-97.4047074577652,-111.563611321058,True,False,14.158903863292807,POINT (440052.23923848115 4482954.879168189)
1.1962017055143945,128.95722382691042,143.11612769020323,-96.95722382691042,-111.11612769020323,True,False,14.158903863292807,POINT (440018.67216420034 4482944.968301698)
1.1612109206833996,128.49637204370453,142.65527590699733,-96.49637204370453,-110.65527590699733,True,False,14.158903863292807,POINT (439985.17770891666 4482934.813427732)
1.126220708543949,128.02142670681556,142.18033057010837,-96.02142670681556,-110.18033057010837,True,False,14.158903863292807,POINT (439951.683253633 4482924.658553767)
1.091238096166903,127.53159825422645,141.69050211751926,-95.53159825422645,-109.69050211751926,True,False,14.158903863292807,POINT (439918.1200650147 4482914.733812267)
1.0562581186973752,127.02584716155494,141.18475102484777,-95.02584716155494,-109.18475102484777,True,False,14.158903863292835,POINT (439884.5427259474 4482904.8564492)
1.264783676649714,129.82263936804753,143.98154323134034,-97.82263936804753,-111.98154323134034,True,False,14.158903863292807,POINT (440081.58929717477 4482973.1335780015)
1.2681435170362625,129.86382137350338,144.0227252367962,-97.86382137350338,-112.02272523679619,True,False,14.158903863292807,POINT (440088.7468410635 4482962.1197066475)
1.0220952357551576,126.51547668667138,140.6743805499642,-94.51547668667138,-108.67438054996421,True,False,14.158903863292835,POINT (439852.33661115175 4482893.438846445)
1.0158111626261512,126.41974192255252,140.57864578584534,-94.41974192255252,-108.57864578584534,True,False,14.15890386329282,POINT (439846.22252505104 4482891.911718718)
1.2681435170362625,129.86382137350338,144.0227252367962,-97.86382137350338,-112.02272523679619,True,False,14.158903863292807,POINT (440088.7468410635 4482962.1197066475)
1.2708773764026995,129.89725021767651,144.05615408096935,-97.89725021767651,-112.05615408096935,True,False,14.158903863292835,POINT (440091.8099260744 4482961.529019466)
1.0158111626261512,126.41974192255252,140.57864578584534,-94.41974192255252,-108.57864578584534,True,False,14.15890386329282,POINT (439846.22252505104 4482891.911718718)
1.0020608764213454,126.20818066734493,140.36708453063775,-94.20818066734493,-108.36708453063775,True,False,14.15890386329282,POINT (439830.16597928567 4482896.503455148)
1.0158111626261512,126.41974192255252,140.57864578584534,-94.41974192255252,-108.57864578584534,True,False,14.15890386329282,POINT (439846.22252505104 4482891.911718718)
1.0084634945641682,126.30704986840604,140.46595373169885,-94.30704986840604,-108.46595373169885,True,False,14.158903863292807,POINT (439841.16532131145 4482883.759998725)
0.9889611891387909,126.00391168777054,140.16281555106337,-94.00391168777054,-108.16281555106337,True,False,14.158903863292835,POINT (439831.17333402386 4482850.027285002)
0.9675749248684054,125.66453996316368,139.8234438264565,-93.66453996316368,-107.8234438264565,True,False,14.15890386329282,POINT (439817.976904336 4482817.610402957)
0.9470172878423115,125.33117120753158,139.49007507082442,-93.33117120753158,-107.49007507082442,True,False,14.158903863292835,POINT (439804.80051196145 4482785.18537538)
0.9889611891387909,126.00391168777054,140.16281555106337,-94.00391168777054,-108.16281555106337,True,False,14.158903863292835,POINT (439831.17333402386 4482850.027285002)
1.0147060743524736,126.40284523277884,140.56174909607168,-94.40284523277884,-108.56174909607168,True,False,14.158903863292835,POINT (439851.36117971124 4482872.266316009)
0.9321849795217033,125.08612074131008,139.24502460460292,-93.08612074131008,-107.24502460460292,True,False,14.158903863292835,POINT (439795.03557074 4482760.401495614)
0.9192066801228465,124.86848115219422,139.02738501548703,-92.86848115219422,-107.02738501548703,True,False,14.158903863292807,POINT (439784.77923750284 4482745.4535698835)
0.9321849795217033,125.08612074131008,139.24502460460292,-93.08612074131008,-107.24502460460292,True,False,14.158903863292835,POINT (439795.03557074 4482760.401495614)
0.9518478289363033,125.41015062007997,139.56905448337278,-93.41015062007997,-107.56905448337278,True,False,14.158903863292807,POINT (439807.9441555984 4482792.931877704)
0.9726112667447678,125.74513050335098,139.9040343666438,-93.74513050335098,-107.9040343666438,True,False,14.15890386329282,POINT (439821.1287345367 4482825.35357799)
1.0147060743524736,126.40284523277884,140.56174909607168,-94.40284523277884,-108.56174909607168,True,False,14.158903863292835,POINT (439851.36117971124 4482872.266316009)
1.0185426815182026,126.46142783127117,140.620331694564,-94.46142783127117,-108.62033169456399,True,False,14.15890386329282,POINT (439855.2047234008 4482872.823739571)
0.6960918325086932,120.55257470024019,134.711478563533,-88.55257470024019,-102.711478563533,True,True,14.15890386329282,POINT (439503.33016520645 4482886.075249222)
0.6927984678585672,120.47895670506584,134.63786056835866,-88.47895670506584,-102.63786056835866,True,True,14.15890386329282,POINT (439509.2307862903 4482866.445630733)
0.6960918325086932,120.55257470024019,134.711478563533,-88.55257470024019,-102.711478563533,True,True,14.15890386329282,POINT (439503.33016520645 4482886.075249222)
0.6873656865368657,120.35674718987345,134.51565105316627,-88.35674718987345,-102.51565105316627,True,True,14.15890386329282,POINT (439479.6377712649 4482911.785169409)
0.6845376116899602,120.29274728747187,134.4516511507647,-88.29274728747187,-102.45165115076469,True,True,14.15890386329282,POINT (439459.21681620146 4482940.197609005)
0.6846213341202133,120.29464573787654,134.45354960116936,-88.29464573787654,-102.45354960116936,True,True,14.15890386329282,POINT (439439.718054156 4482969.263022793)
0.6927984678585672,120.47895670506584,134.63786056835866,-88.47895670506584,-102.63786056835866,True,True,14.15890386329282,POINT (439509.2307862903 4482866.445630733)
0.6894851159450892,120.40453792540406,134.56344178869688,-88.40453792540406,-102.56344178869688,True,True,14.15890386329282,POINT (439509.95914113254 4482856.959623723)
0.6792923806180372,120.17334357577005,134.33224743906285,-88.17334357577005,-102.33224743906285,True,True,14.158903863292807,POINT (439418.53386108996 4482988.81188831)
0.6448158650982068,119.36478898719875,133.52369285049159,-87.36478898719875,-101.52369285049159,True,True,14.158903863292835,POINT (439387.68067694386 4482972.28672483)
0.610398936269528,118.51330942016762,132.67221328346045,-86.51330942016762,-100.67221328346045,True,True,14.158903863292835,POINT (439356.82749279775 4482955.76156135)
0.576216471331672,117.61871772078163,131.77762158407444,-85.61871772078163,-99.77762158407444,True,True,14.158903863292807,POINT (439325.61899239547 4482939.922892308)
0.5427400383018208,116.68960824199512,130.84851210528794,-84.68960824199512,-98.84851210528794,True,True,14.15890386329282,POINT (439293.57695436827 4482925.982401265)
0.5102039454756031,115.72996522003564,129.88886908332847,-83.72996522003564,-97.88886908332847,True,True,14.158903863292835,POINT (439260.63734867657 4482914.150986436)
0.6792923806180372,120.17334357577005,134.33224743906285,-88.17334357577005,-102.33224743906285,True,True,14.158903863292807,POINT (439418.53386108996 4482988.81188831)
0.6757959897171967,120.09323765355822,134.25214151685105,-88.09323765355822,-102.25214151685105,True,True,14.158903863292835,POINT (439393.7792565098 4483013.528177556)
0.6794995903535282,120.17807801433322,134.33698187762604,-88.17807801433322,-102.33698187762604,True,True,14.15890386329282,POINT (439373.28108203766 4483041.607428484)
0.6978170099921883,120.59099943934336,134.7499033026362,-88.59099943934336,-102.7499033026362,True,True,14.158903863292835,POINT (439365.2009746393 4483075.627345946)
0.6792923806180372,120.17334357577005,134.33224743906285,-88.17334357577005,-102.33224743906285,True,True,14.158903863292807,POINT (439418.53386108996 4482988.81188831)
0.6844795406498236,120.29143035952714,134.45033422281995,-88.29143035952714,-102.45033422281995,True,True,14.158903863292807,POINT (439443.070858585 4482964.265236378)
0.6847035042890292,120.29650876420024,134.45541262749305,-88.29650876420024,-102.45541262749305,True,True,14.158903863292807,POINT (439462.5696206304 4482935.199822589)
0.6884359831663427,120.38089955751244,134.53980342080527,-88.38089955751244,-102.53980342080527,True,True,14.158903863292835,POINT (439483.4749265972 4482907.148855619)
0.5023463533473921,115.48903410466879,129.6479379679616,-83.48903410466879,-97.64793796796161,True,True,14.15890386329282,POINT (439252.63164625224 4482911.275457588)
0.47037361407128575,114.46818914263096,128.62709300592377,-82.46818914263096,-96.62709300592377,True,True,14.158903863292807,POINT (439219.59587835276 4482899.715265579)
0.4388351909599561,113.39082648657704,127.54973034986986,-81.39082648657704,-95.54973034986986,True,True,14.15890386329282,POINT (439186.58097266936 4482888.096222643)
0.7031532699440635,120.70925496783082,134.86815883112362,-88.70925496783082,-102.86815883112362,True,True,14.158903863292807,POINT (439363.3539239557 4483084.737578975)
0.6837641877803641,120.27519850303031,134.43410236632315,-88.27519850303031,-102.43410236632315,True,True,14.158903863292835,POINT (439370.61148958193 4483050.500224439)
0.6756997387028695,120.09102658639009,134.24993044968292,-88.09102658639009,-102.24993044968292,True,True,14.158903863292835,POINT (439387.58718215436 4483020.46115363)
0.678015776838155,120.14414315615494,134.30304701944777,-88.14414315615494,-102.30304701944777,True,True,14.158903863292835,POINT (439411.83363864844 4482995.255098792)
0.7031532699440635,120.70925496783082,134.86815883112362,-88.70925496783082,-102.86815883112362,True,True,14.158903863292807,POINT (439363.3539239557 4483084.737578975)
0.7315659279472174,121.3241670634259,135.48307092671874,-89.3241670634259,-103.48307092671874,True,True,14.158903863292835,POINT (439368.16502406617 4483118.824856929)
0.7472740377824733,121.65395167131855,135.81285553461137,-89.65395167131855,-103.81285553461137,True,True,14.15890386329282,POINT (439378.43005664274 4483130.717121028)
0.7177822745662022,121.02889932450086,135.18780318779366,-89.02889932450086,-103.18780318779366,True,True,14.158903863292807,POINT (439345.01595792366 4483120.643942637)
0.6855897282480912,120.31658772964046,134.47549159293328,-88.31658772964046,-102.47549159293328,True,True,14.15890386329282,POINT (439313.9133461618 4483104.596549087)
0.7472740377824733,121.65395167131855,135.81285553461137,-89.65395167131855,-103.81285553461137,True,True,14.15890386329282,POINT (439378.43005664274 4483130.717121028)
0.7759710983874237,122.23891723556697,136.3978210988598,-90.23891723556697,-104.3978210988598,True,True,14.15890386329282,POINT (439412.57369420194 4483138.407956103)
0.676415737754109,120.10746689634442,134.26637075963725,-88.10746689634442,-102.26637075963725,True,True,14.158903863292835,POINT (439305.02886404016 4483099.974994529)
0.7085770562095892,120.82853404137583,134.98743790466867,-88.82853404137583,-102.98743790466867,True,True,14.158903863292835,POINT (439336.0791287935 4483116.126807392)
0.7390034613690951,121.48118830579293,135.64009216908573,-89.48118830579293,-103.64009216908573,True,True,14.158903863292807,POINT (439368.72435106256 4483128.248909471)
0.676415737754109,120.10746689634442,134.26637075963725,-88.10746689634442,-102.26637075963725,True,True,14.158903863292835,POINT (439305.02886404016 4483099.974994529)
0.6444771952791462,119.35663375824403,133.51553762153685,-87.35663375824403,-101.51553762153685,True,True,14.15890386329282,POINT (439274.0590180932 4483083.669515633)
0.6132344482764325,118.58525303381542,132.74415689710824,-86.58525303381542,-100.74415689710824,True,True,14.15890386329282,POINT (439242.7422670226 4483068.063580405)
0.5842116566681975,117.8326264255364,131.9915302888292,-85.8326264255364,-99.99153028882921,True,True,14.158903863292807,POINT (439210.1047663761 4483055.52979985)
0.5579796227117942,117.11947657106757,131.2783804343604,-85.11947657106757,-99.2783804343604,True,True,14.158903863292835,POINT (439176.3861991672 4483046.154100906)
0.5332757474601694,116.41652696021526,130.5754308235081,-84.41652696021526,-98.5754308235081,True,True,14.158903863292835,POINT (439142.4856229059 4483037.476124924)
0.5145504933653344,115.86165090370343,130.02055476699624,-83.86165090370343,-98.02055476699624,True,True,14.158903863292807,POINT (439107.7960621848 4483034.505087205)
0.676415737754109,120.10746689634442,134.26637075963725,-88.10746689634442,-102.26637075963725,True,True,14.158903863292835,POINT (439305.02886404016 4483099.974994529)
0.706845980222076,120.79056397235257,134.9494678356454,-88.79056397235257,-102.94946783564541,True,True,14.158903863292835,POINT (439337.5927713936 4483112.598063651)
0.7093959239913675,120.84646308709534,135.00536695038815,-88.84646308709534,-103.00536695038815,True,True,14.158903863292807,POINT (439360.3045148471 4483096.067181375)
0.8006143619332222,122.72423632596394,136.88314018925678,-90.72423632596394,-104.88314018925678,True,True,14.158903863292835,POINT (439441.6273597828 4483144.713729457)
0.8235811173893377,123.16327380368962,137.32217766698244,-91.16327380368962,-105.32217766698244,True,False,14.15890386329282,POINT (439476.50885313825 4483142.131087898)
0.8006143619332222,122.72423632596394,136.88314018925678,-90.72423632596394,-104.88314018925678,True,True,14.158903863292835,POINT (439441.6273597828 4483144.713729457)
0.7716402720838662,122.1520369409106,136.31094080420343,-90.1520369409106,-104.31094080420343,True,True,14.15890386329282,POINT (439407.42368634447 4483137.2902044635)
0.6652602118343287,119.84932189455091,134.00822575784372,-87.84932189455091,-102.00822575784372,True,True,14.158903863292807,POINT (439547.31075778994 4482576.450303488)
0.6684312829225985,119.92313996899978,134.0820438322926,-87.92313996899978,-102.08204383229261,True,True,14.158903863292835,POINT (439549.96787104936 4482545.5463130325)
0.6652602118343287,119.84932189455091,134.00822575784372,-87.84932189455091,-102.00822575784372,True,True,14.158903863292807,POINT (439547.31075778994 4482576.450303488)
0.649211730563297,119.47025531449107,133.6291591777839,-87.47025531449107,-101.62915917778389,True,True,14.15890386329282,POINT (439530.7358968482 4482545.625185341)
0.6652602118343287,119.84932189455091,134.00822575784372,-87.84932189455091,-102.00822575784372,True,True,14.158903863292807,POINT (439547.31075778994 4482576.450303488)
0.6530290163883945,119.56126255391308,133.72016641720592,-87.56126255391308,-101.72016641720592,True,True,14.158903863292835,POINT (439534.060114248 4482608.838715204)
0.6460217329461703,119.39379176084026,133.5526956241331,-87.39379176084026,-101.5526956241331,True,True,14.158903863292835,POINT (439524.24879105925 4482642.422983363)
0.6434629921001291,119.33218590892461,133.49108977221744,-87.33218590892461,-101.49108977221744,True,True,14.15890386329282,POINT (439516.9893491451 4482676.588120587)
0.6485096097041387,119.453457925908,133.6123617892008,-87.453457925908,-101.6123617892008,True,True,14.158903863292807,POINT (439515.41120048356 4482711.528130253)
0.6560509431577354,119.63293130400847,133.7918351673013,-87.63293130400847,-101.79183516730129,True,True,14.15890386329282,POINT (439514.50906033156 4482746.516385703)
0.6652725114842941,119.84960889229927,134.0085127555921,-87.84960889229927,-102.00851275559211,True,True,14.158903863292835,POINT (439513.5257646182 4482781.502406987)
0.6761497235454648,120.10136088166296,134.26026474495578,-88.10136088166296,-102.26026474495578,True,True,14.15890386329282,POINT (439512.5082989944 4482816.487135294)
0.6684312829225985,119.92313996899978,134.0820438322926,-87.92313996899978,-102.08204383229261,True,True,14.158903863292835,POINT (439549.96787104936 4482545.5463130325)
0.6697403756907125,119.95351173408628,134.11241559737908,-87.95351173408628,-102.11241559737908,True,True,14.158903863292807,POINT (439550.98218395043 4482538.922018598)
0.6684312829225985,119.92313996899978,134.0820438322926,-87.92313996899978,-102.08204383229261,True,True,14.158903863292835,POINT (439549.96787104936 4482545.5463130325)
0.6490892725041199,119.4673269624994,133.62623082579222,-87.4673269624994,-101.62623082579222,True,True,14.15890386329282,POINT (439529.946075403 4482532.531519883)
0.6466979259014228,119.41003144676327,133.5689353100561,-87.41003144676327,-101.5689353100561,True,True,14.158903863292835,POINT (439527.9334854658 4482539.374806592)
0.643443601558306,119.33171811538894,133.49062197868176,-87.33171811538894,-101.49062197868176,True,True,14.15890386329282,POINT (439524.04176575894 4482528.693980428)
0.6466979259014228,119.41003144676327,133.5689353100561,-87.41003144676327,-101.5689353100561,True,True,14.158903863292835,POINT (439527.9334854658 4482539.374806592)
0.6490892725041199,119.4673269624994,133.62623082579222,-87.4673269624994,-101.62623082579222,True,True,14.15890386329282,POINT (439529.946075403 4482532.531519883)
0.6815931704723123,120.22583242626993,134.38473628956274,-88.22583242626993,-102.38473628956274,True,True,14.158903863292807,POINT (439512.0975853376 4482832.165257109)
0.6979993190585275,120.59505444339322,134.75395830668606,-88.59505444339322,-102.75395830668606,True,True,14.158903863292835,POINT (439521.0294793093 4482853.051378714)
0.6815931704723123,120.22583242626993,134.38473628956274,-88.22583242626993,-102.38473628956274,True,True,14.158903863292807,POINT (439512.0975853376 4482832.165257109)
0.6698893081609436,119.9569632980816,134.1158671613744,-87.9569632980816,-102.11586716137441,True,True,14.158903863292807,POINT (439513.0141522703 4482797.177260524)
0.6599824988530891,119.72568048782031,133.88458435111312,-87.72568048782031,-101.88458435111312,True,True,14.158903863292807,POINT (439514.0818036912 4482762.194065375)
0.6516974399814257,119.5295772358366,133.68848109912943,-87.5295772358366,-101.68848109912943,True,True,14.158903863292835,POINT (439515.0378291213 4482727.207124849)
0.6450443841283777,119.37028934593624,133.52919320922905,-87.37028934593624,-101.52919320922905,True,True,14.158903863292807,POINT (439515.82900311495 4482692.216149719)
0.6440271620240288,119.34579024458807,133.50469410788088,-87.34579024458807,-101.50469410788088,True,True,14.158903863292807,POINT (439520.3895365342 4482657.624244623)
0.6493835302759287,119.47436264753873,133.63326651083156,-87.47436264753873,-101.63326651083156,True,True,14.158903863292835,POINT (439529.38715110876 4482623.809031794)
0.6592909366760684,119.70940598415764,133.86830984745046,-87.70940598415764,-101.86830984745046,True,True,14.15890386329282,POINT (439541.0893730566 4482590.847058726)
1.3200368512617269,130.48638901084365,144.6452928741365,-98.48638901084365,-112.64529287413649,True,False,14.158903863292835,POINT (440100.78929927276 4482064.955383826)
1.3245688225293422,130.5395922341984,144.69849609749122,-98.53959223419841,-112.69849609749122,True,False,14.158903863292807,POINT (440098.6641952393 4482048.31009636)
1.3200368512617269,130.48638901084365,144.6452928741365,-98.48638901084365,-112.64529287413649,True,False,14.158903863292835,POINT (440100.78929927276 4482064.955383826)
1.2850493269751588,130.06939623593001,144.22830009922285,-98.06939623593001,-112.22830009922285,True,False,14.158903863292835,POINT (440068.8409598734 4482079.248865058)
1.250056271503413,129.64082334828626,143.7997272115791,-97.64082334828626,-111.7997272115791,True,False,14.158903863292835,POINT (440036.77174851217 4482093.26703898)
1.2150596288362092,129.20003559739519,143.35893946068802,-97.20003559739519,-111.35893946068802,True,False,14.158903863292835,POINT (440004.62749830267 4482107.114319524)
1.1800655902575543,128.7463990403364,142.90530290362923,-96.7463990403364,-110.90530290362923,True,False,14.158903863292835,POINT (439972.535619363 4482121.0819086125)
1.3245688225293422,130.5395922341984,144.69849609749122,-98.53959223419841,-112.69849609749122,True,False,14.158903863292807,POINT (440098.6641952393 4482048.31009636)
1.2996839498564978,130.24518120621778,144.40408506951061,-98.24518120621778,-112.40408506951061,True,False,14.158903863292835,POINT (440065.9573676485 4482035.850191649)
1.2763163623524896,129.96354325478947,144.12244711808228,-97.96354325478947,-112.12244711808228,True,False,14.158903863292807,POINT (440033.78306274547 4482022.086107894)
1.2558214943060773,129.71225131322427,143.87115517651708,-97.71225131322427,-111.87115517651708,True,False,14.158903863292807,POINT (440002.8919229007 4482005.689735717)
1.239438265575774,129.50840574687575,143.6673096101686,-97.50840574687575,-111.66730961016859,True,False,14.158903863292835,POINT (439974.0799111929 4481985.843954772)
1.2264931929636327,129.34542407188644,143.50432793517928,-97.34542407188644,-111.50432793517928,True,False,14.158903863292835,POINT (439947.0088016232 4481963.6879286915)
1.2163674031786158,129.21673430695952,143.37563817025233,-97.21673430695952,-111.37563817025233,True,False,14.158903863292807,POINT (439921.27042544493 4481939.971693046)
1.1729182203745916,128.65209290409308,142.8109967673859,-96.65209290409308,-110.81099676738589,True,False,14.158903863292807,POINT (439965.9915300154 4482123.960296043)
1.1603039975425915,128.48424345345387,142.6431473167467,-96.48424345345387,-110.6431473167467,True,False,14.158903863292835,POINT (439964.5912455323 4482154.449692405)
1.1564144389541855,128.43211932955327,142.59102319284608,-96.43211932955327,-110.59102319284608,True,False,14.158903863292807,POINT (439971.59155419987 4482184.522353256)
1.1729182203745916,128.65209290409308,142.8109967673859,-96.65209290409308,-110.81099676738589,True,False,14.158903863292807,POINT (439965.9915300154 4482123.960296043)
1.207911197358724,129.10843988788622,143.26734375117903,-97.10843988788622,-111.26734375117903,True,False,14.158903863292807,POINT (439998.0616759361 4482109.942781339)
1.2429078007316194,129.55179883376417,143.71070269705697,-97.55179883376417,-111.71070269705697,True,False,14.158903863292807,POINT (440030.2059261456 4482096.095500795)
1.27790282898317,129.98282667794035,144.14173054123316,-97.98282667794035,-112.14173054123316,True,False,14.158903863292807,POINT (440062.31531728635 4482082.168832253)
1.312890193503372,130.40211832594952,144.56102218924235,-98.40211832594952,-112.56102218924235,True,False,14.158903863292835,POINT (440094.2633267962 4482067.87461366)
1.1729182203745916,128.65209290409308,142.8109967673859,-96.65209290409308,-110.81099676738589,True,False,14.158903863292807,POINT (439965.9915300154 4482123.960296043)
1.1386862441154362,128.19230081469024,142.35120467798308,-96.19230081469024,-110.35120467798308,True,False,14.158903863292835,POINT (439937.0809834061 4482143.68794909)
1.1045024098609877,127.71914967180786,141.8780535351007,-95.71914967180786,-109.87805353510069,True,False,14.158903863292835,POINT (439908.1704367968 4482163.415602137)
1.0703047968128403,127.23092229757924,141.38982616087208,-95.23092229757924,-109.38982616087208,True,False,14.158903863292835,POINT (439879.08708407794 4482182.883440699)
1.0366914029516319,126.73558987397487,140.89449373726768,-94.73558987397487,-108.89449373726768,True,False,14.158903863292807,POINT (439851.15263798885 4482203.875971455)
1.0036229130890657,126.23235976812029,140.39126363141312,-94.23235976812029,-108.39126363141312,True,False,14.158903863292835,POINT (439824.1885936111 4482226.190547652)
1.1729182203745916,128.65209290409308,142.8109967673859,-96.65209290409308,-110.81099676738589,True,False,14.158903863292807,POINT (439965.9915300154 4482123.960296043)
1.1550728872968088,128.41410047291825,142.57300433621106,-96.41410047291825,-110.57300433621106,True,False,14.158903863292807,POINT (439937.8399341746 4482103.569355582)
1.13533661767303,128.1465695553174,142.30547341861023,-96.1465695553174,-110.30547341861023,True,False,14.158903863292835,POINT (439907.8478738462 4482085.533842492)
1.1159408579624808,127.87908432164505,142.03798818493786,-95.87908432164505,-110.03798818493786,True,False,14.158903863292807,POINT (439877.6078655238 4482067.911643519)
1.1018131685326402,127.68130770869568,141.8402115719885,-95.68130770869568,-109.8402115719885,True,False,14.15890386329282,POINT (439850.3699268052 4482046.395868574)
1.3458078172834933,130.7865268036375,144.94543066693035,-98.78652680363751,-112.94543066693035,True,False,14.158903863292835,POINT (440126.0898261455 4482058.691741013)
1.3245688225293422,130.5395922341984,144.69849609749122,-98.53959223419841,-112.69849609749122,True,False,14.158903863292807,POINT (440098.6641952393 4482048.31009636)
1.3458078172834933,130.7865268036375,144.94543066693035,-98.78652680363751,-112.94543066693035,True,False,14.158903863292835,POINT (440126.0898261455 4482058.691741013)
1.3200368512617269,130.48638901084365,144.6452928741365,-98.48638901084365,-112.64529287413649,True,False,14.158903863292835,POINT (440100.78929927276 4482064.955383826)
1.2141322868867572,129.1881836586678,143.34708752196062,-97.18818365866781,-111.34708752196062,True,False,14.158903863292807,POINT (439915.1393858517 4481934.245122089)
1.2075530304772086,129.10383630341718,143.26274016671,-97.10383630341718,-111.26274016670999,True,False,14.158903863292807,POINT (439896.0178738774 4481916.304451444)
0.6723920647321074,120.01485107182314,134.17375493511597,-88.01485107182314,-102.17375493511597,True,True,14.15890386329282,POINT (439554.01025156246 4482547.61169046)
0.6684312829225985,119.92313996899978,134.0820438322926,-87.92313996899978,-102.08204383229261,True,True,14.158903863292835,POINT (439549.96787104936 4482545.5463130325)
0.6723920647321074,120.01485107182314,134.17375493511597,-88.01485107182314,-102.17375493511597,True,True,14.15890386329282,POINT (439554.01025156246 4482547.61169046)
0.6697403756907125,119.95351173408628,134.11241559737908,-87.95351173408628,-102.11241559737908,True,True,14.158903863292807,POINT (439550.98218395043 4482538.922018598)
0.6697403756907125,119.95351173408628,134.11241559737908,-87.95351173408628,-102.11241559737908,True,True,14.158903863292807,POINT (439550.98218395043 4482538.922018598)
0.6737919811719207,120.04713669164886,134.2060405549417,-88.04713669164886,-102.2060405549417,True,True,14.158903863292835,POINT (439554.65428842057 4482531.876609055)
0.6312757908209614,119.03535623504952,133.19426009834234,-87.03535623504952,-101.19426009834234,True,True,14.15890386329282,POINT (439510.5108099291 4482512.407503142)
0.6173647706364664,118.68945603842818,132.84835990172098,-86.68945603842818,-100.84835990172098,True,True,14.158903863292807,POINT (439492.84597685415 4482482.192476977)
0.606278107092796,118.40815627761626,132.56706014090906,-86.40815627761626,-100.56706014090906,True,True,14.158903863292807,POINT (439476.2124072671 4482451.440185349)
0.6055382102124166,118.3892003190094,132.54810418230224,-86.3892003190094,-100.54810418230224,True,True,14.158903863292835,POINT (439467.5936924741 4482417.734608897)
0.6177570875388593,118.69931743726903,132.85822130056187,-86.69931743726903,-100.85822130056187,True,True,14.158903863292835,POINT (439470.14971815154 4482382.956241628)
0.6338667183225086,119.09893728818896,133.25784115148178,-87.09893728818896,-101.25784115148178,True,True,14.15890386329282,POINT (439475.1071671468 4482348.309110441)
0.6312757908209614,119.03535623504952,133.19426009834234,-87.03535623504952,-101.19426009834234,True,True,14.15890386329282,POINT (439510.5108099291 4482512.407503142)
0.6493918148329425,119.4745606846364,133.6334645479292,-87.4745606846364,-101.63346454792921,True,True,14.158903863292807,POINT (439529.32391728094 4482519.526378882)
0.6312757908209614,119.03535623504952,133.19426009834234,-87.03535623504952,-101.19426009834234,True,True,14.15890386329282,POINT (439510.5108099291 4482512.407503142)
0.5974292641237807,118.1799199928447,132.3388238561375,-86.1799199928447,-100.33882385613751,True,True,14.158903863292807,POINT (439475.9762878663 4482507.375843492)
0.5641057707896076,117.28897949480572,131.44788335809855,-85.28897949480572,-99.44788335809855,True,True,14.158903863292835,POINT (439441.6268554696 4482500.658962221)
0.5310049608642333,116.35028516578457,130.5091890290774,-84.35028516578457,-98.50918902907739,True,True,14.15890386329282,POINT (439407.2814173158 4482493.921889372)
0.49821135399311145,115.3607280726023,129.51963193589512,-83.3607280726023,-97.51963193589512,True,True,14.15890386329282,POINT (439372.96169383806 4482487.054824467)
0.6503784112913413,119.49812660190742,133.65703046520025,-87.49812660190742,-101.65703046520025,True,True,14.158903863292835,POINT (439479.5482551288 4482315.196493395)
0.6532364786014357,119.56619337054691,133.72509723383973,-87.56619337054691,-101.72509723383973,True,True,14.15890386329282,POINT (439480.3527075013 4482309.872686461)
0.6503784112913413,119.49812660190742,133.65703046520025,-87.49812660190742,-101.65703046520025,True,True,14.158903863292835,POINT (439479.5482551288 4482315.196493395)
0.6331018073426039,119.08019354094768,133.23909740424048,-87.08019354094768,-101.23909740424048,True,True,14.158903863292807,POINT (439474.8819547619 4482349.883098001)
0.6170623974386124,118.68185121512373,132.84075507841655,-86.68185121512373,-100.84075507841655,True,True,14.15890386329282,POINT (439469.9245057666 4482384.530229188)
0.6052893890444643,118.38282038309396,132.54172424638676,-86.38282038309396,-100.54172424638676,True,True,14.158903863292807,POINT (439467.7514098786 4482419.31678546)
0.6066514825321546,118.41771327499846,132.57661713829128,-86.41771327499846,-100.57661713829128,True,True,14.15890386329282,POINT (439476.88409880275 4482452.881361236)
0.617964443901168,118.7045270813424,132.86343094463524,-86.7045270813424,-100.86343094463524,True,True,14.158903863292835,POINT (439493.6521061666 4482483.562992568)
0.6503784112913413,119.49812660190742,133.65703046520025,-87.49812660190742,-101.65703046520025,True,True,14.158903863292835,POINT (439479.5482551288 4482315.196493395)
0.6248116805715581,118.87558300961415,133.03448687290697,-86.87558300961415,-101.03448687290697,True,True,14.15890386329282,POINT (439449.6891866459 4482310.975677704)
0.6493918148329425,119.4745606846364,133.6334645479292,-87.4745606846364,-101.63346454792921,True,True,14.158903863292807,POINT (439529.32391728094 4482519.526378882)
0.6624275132158869,119.78308249496732,133.94198635826015,-87.78308249496732,-101.94198635826015,True,True,14.158903863292835,POINT (439542.6661444017 4482522.959654815)
0.6493918148329425,119.4745606846364,133.6334645479292,-87.4745606846364,-101.63346454792921,True,True,14.158903863292807,POINT (439529.32391728094 4482519.526378882)
0.6842581375835235,120.28640838263456,134.4453122459274,-88.28640838263456,-102.4453122459274,True,True,14.158903863292835,POINT (439564.24497268605 4482518.827040231)
0.47467704824913115,114.6095647140452,128.768468577338,-82.6095647140452,-96.76846857733801,True,True,14.158903863292807,POINT (439348.12645965925 4482482.085519712)
0.5072446052287537,115.63966371985676,129.79856758314958,-83.63966371985676,-97.79856758314958,True,True,14.15890386329282,POINT (439382.446183137 4482488.952584618)
0.5401237265738221,116.61459674906668,130.7735006123595,-84.61459674906668,-98.7735006123595,True,True,14.15890386329282,POINT (439416.7701226339 4482495.79833683)
0.5732949669984387,117.53981254888038,131.6987164121732,-85.53981254888038,-99.69871641217321,True,True,14.158903863292835,POINT (439451.1195550306 4482502.515218101)
0.6066717385566537,118.41823158429891,132.57713544759173,-86.41823158429891,-100.57713544759173,True,True,14.15890386329282,POINT (439485.4689874273 4482509.232099374)
0.47467704824913115,114.6095647140452,128.768468577338,-82.6095647140452,-96.76846857733801,True,True,14.158903863292807,POINT (439348.12645965925 4482482.085519712)
0.4413063693452203,113.47799587651338,127.6368997398062,-81.47799587651338,-95.6368997398062,True,True,14.15890386329282,POINT (439314.45172602683 4482483.835151785)
0.7142515941088399,120.95235424089158,135.1112581041844,-88.95235424089158,-103.1112581041844,True,True,14.15890386329282,POINT (439596.3130353034 4482574.267052846)
0.6934082691839316,120.49261422000673,134.65151808329955,-88.49261422000673,-102.65151808329955,True,True,14.15890386329282,POINT (439575.34973178233 4482559.039580593)
0.7142515941088399,120.95235424089158,135.1112581041844,-88.95235424089158,-103.1112581041844,True,True,14.15890386329282,POINT (439596.3130353034 4482574.267052846)
0.725393224677156,121.19263188435768,135.3515357476505,-89.19263188435768,-103.3515357476505,True,True,14.15890386329282,POINT (439606.5840303436 4482607.707580902)
0.7398537375324897,121.49903858895901,135.65794245225183,-89.49903858895901,-103.65794245225183,True,True,14.15890386329282,POINT (439618.77469572675 4482640.243464567)
0.768163369724996,122.08193352376989,136.24083738706273,-90.08193352376989,-104.24083738706273,True,True,14.158903863292835,POINT (439644.8113911352 4482663.174611342)
0.6934082691839316,120.49261422000673,134.65151808329955,-88.49261422000673,-102.65151808329955,True,True,14.15890386329282,POINT (439575.34973178233 4482559.039580593)
0.6748590818107723,120.07170171430752,134.23060557760033,-88.07170171430752,-102.23060557760033,True,True,14.158903863292807,POINT (439556.8657590522 4482563.262978571)
0.6934082691839316,120.49261422000673,134.65151808329955,-88.49261422000673,-102.65151808329955,True,True,14.15890386329282,POINT (439575.34973178233 4482559.039580593)
0.6831051658263037,120.26022979879284,134.41913366208564,-88.26022979879284,-102.41913366208564,True,True,14.158903863292807,POINT (439564.9137232314 4482553.406995133)
0.7981856723044691,122.67707462057831,136.83597848387112,-90.67707462057831,-104.83597848387112,True,True,14.158903863292807,POINT (439673.3486971217 4482676.849522999)
0.8313190425316059,123.30844056527528,137.4673444285681,-91.30844056527528,-105.46734442856811,True,False,14.158903863292835,POINT (439704.6064103953 4482692.59612139)
0.8645995220212103,123.91776926728178,138.0766731305746,-91.91776926728178,-106.07667313057459,True,False,14.158903863292807,POINT (439735.8641236689 4482708.342719782)
0.7981856723044691,122.67707462057831,136.83597848387112,-90.67707462057831,-104.83597848387112,True,True,14.158903863292807,POINT (439673.3486971217 4482676.849522999)
0.8030012370021278,122.77044686498762,136.92935072828044,-90.77044686498762,-104.92935072828044,True,True,14.15890386329282,POINT (439679.58980843786 4482665.731644954)
0.7981856723044691,122.67707462057831,136.83597848387112,-90.67707462057831,-104.83597848387112,True,True,14.158903863292807,POINT (439673.3486971217 4482676.849522999)
0.7651042207952744,122.01999019525633,136.17889405854916,-90.01999019525633,-104.17889405854916,True,True,14.158903863292835,POINT (439641.93526431115 4482661.449261903)
0.737856172091771,121.45707009429105,135.61597395758386,-89.45707009429105,-103.61597395758386,True,True,14.158903863292807,POINT (439617.0283731729 4482637.381382949)
0.7243165105341094,121.16957340094406,135.32847726423688,-89.16957340094406,-103.32847726423688,True,True,14.15890386329282,POINT (439605.65742103936 4482604.484177205)
0.7363210920241132,121.42474105654989,135.5836449198427,-89.42474105654989,-103.5836449198427,True,True,14.158903863292807,POINT (439500.4373360024 4482172.3818523465)
0.7139737207185937,120.94631389878705,135.1052177620799,-88.94631389878705,-103.10521776207989,True,True,14.158903863292835,POINT (439495.6531504344 4482207.053332968)
0.6926746690868966,120.47618255771818,134.63508642101098,-88.47618255771818,-102.63508642101098,True,True,14.158903863292807,POINT (439490.8689648664 4482241.724813588)
0.7363210920241132,121.42474105654989,135.5836449198427,-89.42474105654989,-103.5836449198427,True,True,14.158903863292807,POINT (439500.4373360024 4482172.3818523465)
0.7479288435411233,121.66754806372101,135.82645192701384,-89.66754806372101,-103.82645192701384,True,True,14.15890386329282,POINT (439500.47984697577 4482151.445354034)
0.6778908949020195,120.1412837152578,134.30018757855063,-88.1412837152578,-102.30018757855063,True,True,14.158903863292835,POINT (439487.3874834932 4482266.955464082)
0.6983648487350455,120.6031815368469,134.7620854001397,-88.6031815368469,-102.76208540013971,True,True,14.158903863292807,POINT (439492.17166906124 4482232.283983461)
0.719958928346367,121.07590174957411,135.23480561286692,-89.07590174957411,-103.23480561286692,True,True,14.158903863292807,POINT (439496.9558546292 4482197.61250284)
0.6778908949020195,120.1412837152578,134.30018757855063,-88.1412837152578,-102.30018757855063,True,True,14.158903863292835,POINT (439487.3874834932 4482266.955464082)
0.6578025432473146,119.67432169945951,133.83322556275235,-87.67432169945951,-101.83322556275235,True,True,14.158903863292835,POINT (439481.61421481636 4482301.474476425)
0.6778908949020195,120.1412837152578,134.30018757855063,-88.1412837152578,-102.30018757855063,True,True,14.158903863292835,POINT (439487.3874834932 4482266.955464082)
0.694443678862974,120.51577645477603,134.67468031806885,-88.51577645477603,-102.67468031806885,True,True,14.15890386329282,POINT (439515.5889199117 4482287.684161825)
0.711835648184325,120.89975822745384,135.05866209074668,-88.89975822745384,-103.05866209074668,True,True,14.158903863292835,POINT (439543.4370371617 4482308.869295064)
0.7290626927326576,121.27095947491901,135.42986333821185,-89.27095947491901,-103.42986333821185,True,True,14.158903863292835,POINT (439570.2283693056 4482331.356388429)
0.7276786652642322,121.24146275751582,135.40036662080865,-89.24146275751582,-103.40036662080865,True,True,14.158903863292835,POINT (439579.4419307512 4482364.310858492)
0.7202120998271838,121.08135947915964,135.24026334245247,-89.08135947915964,-103.24026334245247,True,True,14.15890386329282,POINT (439581.2184245907 4482399.225910041)
0.724857287905901,121.18115875618909,135.34006261948193,-89.18115875618909,-103.34006261948193,True,True,14.158903863292835,POINT (439593.1906016352 4482431.690889861)
0.7464444374073417,121.63670872288833,135.79561258618116,-89.63670872288833,-103.79561258618116,True,True,14.158903863292835,POINT (439619.2330188445 4482454.799570219)
0.7479288435411233,121.66754806372101,135.82645192701384,-89.66754806372101,-103.82645192701384,True,True,14.15890386329282,POINT (439500.47984697577 4482151.445354034)
0.751941718179618,121.75061231317339,135.9095161764662,-89.75061231317339,-103.90951617646621,True,True,14.15890386329282,POINT (439499.1011461427 4482142.364933113)
0.751941718179618,121.75061231317339,135.9095161764662,-89.75061231317339,-103.90951617646621,True,True,14.15890386329282,POINT (439499.1011461427 4482142.364933113)
0.7639870329169325,121.99730700238479,136.15621086567762,-89.99730700238479,-104.15621086567762,True,True,14.158903863292835,POINT (439489.469630002 4482108.716249679)
0.751941718179618,121.75061231317339,135.9095161764662,-89.75061231317339,-103.90951617646621,True,True,14.15890386329282,POINT (439499.1011461427 4482142.364933113)
0.7639057508461895,121.99565537080785,136.15455923410067,-89.99565537080785,-104.15455923410067,True,True,14.15890386329282,POINT (439510.67790648586 4482138.064071473)
0.751941718179618,121.75061231317339,135.9095161764662,-89.75061231317339,-103.90951617646621,True,True,14.15890386329282,POINT (439499.1011461427 4482142.364933113)
0.7652830922260007,122.02361889407702,136.18252275736984,-90.02361889407702,-104.18252275736984,True,True,14.15890386329282,POINT (439504.2876607902 4482126.582007044)
0.4337994339210689,113.2116634371113,127.37056730040412,-81.2116634371113,-95.37056730040412,True,True,14.15890386329282,POINT (439306.94904802786 4482484.617599984)
0.43843354828553605,113.37661241414334,127.53551627743616,-81.37661241414334,-95.53551627743616,True,True,14.15890386329282,POINT (439303.10046307807 4482449.829918977)
0.4337994339210689,113.2116634371113,127.37056730040412,-81.2116634371113,-95.37056730040412,True,True,14.15890386329282,POINT (439306.94904802786 4482484.617599984)
0.41654654788713125,112.58166859927886,126.74057246257168,-80.58166859927886,-94.74057246257168,True,True,14.15890386329282,POINT (439284.82017710316 4482465.8148189215)
0.4408290588382936,113.46119712252982,127.62010098582265,-81.46119712252982,-95.62010098582265,True,True,14.15890386329282,POINT (439301.92434551066 4482437.768458724)
0.44721497495698526,113.68445536023881,127.84335922353164,-81.68445536023881,-95.84335922353164,True,True,14.15890386329282,POINT (439308.35871784785 4482436.928072235)
0.4408290588382936,113.46119712252982,127.62010098582265,-81.46119712252982,-95.62010098582265,True,True,14.15890386329282,POINT (439301.92434551066 4482437.768458724)
0.4479522726238321,113.71002649915322,127.86893036244604,-81.71002649915322,-95.86893036244604,True,True,14.15890386329282,POINT (439296.92131277383 4482403.128883267)
0.45869075744555526,114.07776431106105,128.23666817435387,-82.07776431106105,-96.23666817435387,True,True,14.15890386329282,POINT (439293.01318050054 4482368.350776515)
0.41654654788713125,112.58166859927886,126.74057246257168,-80.58166859927886,-94.74057246257168,True,True,14.15890386329282,POINT (439284.82017710316 4482465.8148189215)
0.4202623298250817,112.71952854155086,126.87843240484368,-80.71952854155086,-94.87843240484368,True,True,14.15890386329282,POINT (439285.3329239942 4482453.810652371)
0.41654654788713125,112.58166859927886,126.74057246257168,-80.58166859927886,-94.74057246257168,True,True,14.15890386329282,POINT (439284.82017710316 4482465.8148189215)
0.39258026607861685,111.66180714230077,125.82071100559358,-79.66180714230077,-93.82071100559358,True,True,14.158903863292807,POINT (439257.7040355985 4482458.03134009)
0.4202623298250817,112.71952854155086,126.87843240484368,-80.71952854155086,-94.87843240484368,True,True,14.15890386329282,POINT (439285.3329239942 4482453.810652371)
0.4408290588382936,113.46119712252982,127.62010098582265,-81.46119712252982,-95.62010098582265,True,True,14.15890386329282,POINT (439301.92434551066 4482437.768458724)
0.44721497495698526,113.68445536023881,127.84335922353164,-81.68445536023881,-95.84335922353164,True,True,14.15890386329282,POINT (439308.35871784785 4482436.928072235)
0.46409159081870893,114.25947386268653,128.41837772597935,-82.25947386268653,-96.41837772597935,True,True,14.15890386329282,POINT (439332.0181245415 4482458.432796541)
0.44721497495698526,113.68445536023881,127.84335922353164,-81.68445536023881,-95.84335922353164,True,True,14.15890386329282,POINT (439308.35871784785 4482436.928072235)
0.44225822999429554,113.51144205717725,127.67034592047007,-81.51144205717725,-95.67034592047007,True,True,14.15890386329282,POINT (439312.76153555064 4482471.64999966)
0.45894559231453425,114.08638614298087,128.2452900062737,-82.08638614298087,-96.2452900062737,True,True,14.158903863292835,POINT (439292.93899331696 4482367.628624262)
0.4275213888036885,112.98536660489061,127.14427046818344,-80.98536660489061,-95.14427046818344,True,True,14.15890386329282,POINT (439257.9481761992 4482368.43031324)
0.3966977967010656,111.82377246587293,125.98267632916576,-79.82377246587293,-93.98267632916576,True,True,14.15890386329282,POINT (439222.95729308174 4482369.229124018)
0.36662480266716657,110.599988679878,124.75889254317082,-78.599988679878,-92.75889254317082,True,True,14.15890386329282,POINT (439187.9664099643 4482370.027934795)
0.45894559231453425,114.08638614298087,128.2452900062737,-82.08638614298087,-96.2452900062737,True,True,14.158903863292835,POINT (439292.93899331696 4482367.628624262)
0.47281978910046224,114.54870826734475,128.70761213063756,-82.54870826734475,-96.70761213063756,True,True,14.158903863292807,POINT (439289.83008006576 4482332.766974009)
0.4888108521965748,115.06502996672783,129.22393383002066,-83.06502996672783,-97.22393383002066,True,True,14.15890386329282,POINT (439286.7211668146 4482297.905323755)
0.46036930834846596,114.13446683629049,128.2933706995833,-82.13446683629049,-96.2933706995833,True,True,14.15890386329282,POINT (439330.73939459573 4482469.005477355)
0.47467704824913115,114.6095647140452,128.768468577338,-82.6095647140452,-96.76846857733801,True,True,14.158903863292807,POINT (439348.12645965925 4482482.085519712)
0.46036930834846596,114.13446683629049,128.2933706995833,-82.13446683629049,-96.2933706995833,True,True,14.15890386329282,POINT (439330.73939459573 4482469.005477355)
0.4413063693452203,113.47799587651338,127.6368997398062,-81.47799587651338,-95.6368997398062,True,True,14.15890386329282,POINT (439314.45172602683 4482483.835151785)
0.4413063693452203,113.47799587651338,127.6368997398062,-81.47799587651338,-95.6368997398062,True,True,14.15890386329282,POINT (439314.45172602683 4482483.835151785)
0.4337994339210689,113.2116634371113,127.37056730040412,-81.2116634371113,-95.37056730040412,True,True,14.15890386329282,POINT (439306.94904802786 4482484.617599984)
0.4413063693452203,113.47799587651338,127.6368997398062,-81.47799587651338,-95.6368997398062,True,True,14.15890386329282,POINT (439314.45172602683 4482483.835151785)
0.4363271315775757,113.30185277878694,127.46075664207976,-81.30185277878694,-95.46075664207976,True,True,14.15890386329282,POINT (439315.12452354847 4482518.8149923785)
0.4315766268820164,113.13191739474928,127.29082125804209,-81.13191739474928,-95.29082125804209,True,True,14.158903863292807,POINT (439313.2503676272 4482553.746095109)
0.42743849961743047,112.98235662610081,127.14126048939363,-80.98235662610081,-95.14126048939363,True,True,14.15890386329282,POINT (439309.18876608595 4482588.503775473)
0.4235620910285262,112.84093559903724,126.99983946233006,-80.84093559903724,-94.99983946233006,True,True,14.15890386329282,POINT (439302.58106700366 4482622.815087249)
0.4203668584901358,112.72338902983066,126.88229289312346,-80.72338902983066,-94.88229289312346,True,True,14.158903863292807,POINT (439293.83217343176 4482656.703977187)
0.4177094311916915,112.624944726251,126.78384858954382,-80.624944726251,-94.78384858954382,True,True,14.15890386329282,POINT (439282.81903197546 4482689.91301754)
0.4176070101501152,112.6211380191852,126.78004188247802,-80.6211380191852,-94.78004188247802,True,True,14.15890386329282,POINT (439271.45328854263 4482723.016187724)
0.4161387251199788,112.56646305691172,126.72536692020452,-80.56646305691172,-94.72536692020452,True,True,14.158903863292807,POINT (439256.11896155076 4482754.4708959805)
0.41750662638848185,112.61740612612657,126.77630998941939,-80.61740612612657,-94.77630998941939,True,True,14.15890386329282,POINT (439240.6899993133 4482785.886610094)
0.4180825446352138,112.63880443252098,126.7977082958138,-80.63880443252098,-94.7977082958138,True,True,14.15890386329282,POINT (439222.0163709017 4482815.4754518615)
0.4194875799281841,112.6908852461428,126.84978910943562,-80.6908852461428,-94.84978910943562,True,True,14.15890386329282,POINT (439201.59915290494 4482843.897661366)
0.4224830409948642,112.80133884510927,126.96024270840209,-80.80133884510927,-94.96024270840209,True,True,14.15890386329282,POINT (439180.1228489714 4482871.533327206)
0.42302698857978804,112.82131213690077,126.9802160001936,-80.82131213690077,-94.9802160001936,True,True,14.15890386329282,POINT (439177.4028712428 4482874.97676802)
0.4242247897961896,112.86520398298441,127.02410784627725,-80.86520398298441,-95.02410784627725,True,True,14.158903863292835,POINT (439171.17633390677 4482882.5648988215)
0.42302698857978804,112.82131213690077,126.9802160001936,-80.82131213690077,-94.9802160001936,True,True,14.15890386329282,POINT (439177.4028712428 4482874.97676802)
0.4545773128656205,113.93792746801951,128.09683133131233,-81.93792746801951,-96.09683133131233,True,True,14.15890386329282,POINT (439210.48388535884 4482886.406824775)
0.48659180836016824,114.99439918831442,129.15330305160722,-82.99439918831442,-97.15330305160722,True,True,14.158903863292807,POINT (439243.5714742221 4482897.817848533)
0.4242247897961896,112.86520398298441,127.02410784627725,-80.86520398298441,-95.02410784627725,True,True,14.158903863292835,POINT (439171.17633390677 4482882.5648988215)
0.41715305571464995,112.60425454028034,126.76315840357316,-80.60425454028034,-94.76315840357316,True,True,14.15890386329282,POINT (439165.95074882184 4482877.767446888)
0.4242247897961896,112.86520398298441,127.02410784627725,-80.86520398298441,-95.02410784627725,True,True,14.158903863292835,POINT (439171.17633390677 4482882.5648988215)
0.4290496529300118,113.0407585721082,127.19966243540102,-81.0407585721082,-95.19966243540102,True,True,14.15890386329282,POINT (439148.00754128525 4482908.798599446)
0.4366387634141314,113.3129357411422,127.47183960443502,-81.3129357411422,-95.47183960443502,True,True,14.15890386329282,POINT (439124.84216081287 4482935.033975173)
0.4468431068851087,113.67154214228587,127.8304460055787,-81.67154214228587,-95.8304460055787,True,True,14.15890386329282,POINT (439101.6720281574 4482961.26649226)
0.4595811371890108,114.10786770157829,128.2667715648711,-82.10786770157829,-96.2667715648711,True,True,14.15890386329282,POINT (439078.57374388236 4482987.562167878)
0.475384677195304,114.63268883036756,128.7915926936604,-82.63268883036756,-96.79159269366039,True,True,14.158903863292835,POINT (439056.232659143 4483014.442111033)
0.41715305571464995,112.60425454028034,126.76315840357316,-80.60425454028034,-94.76315840357316,True,True,14.15890386329282,POINT (439165.95074882184 4482877.767446888)
0.4166288781406895,112.5847364505387,126.74364031383152,-80.5847364505387,-94.74364031383152,True,True,14.15890386329282,POINT (439169.6286712004 4482873.585805312)
0.48423757930560135,114.91911254232582,129.07801640561865,-82.91911254232582,-97.07801640561865,True,True,14.158903863292835,POINT (439051.49351886666 4483025.741493892)
0.49053682265011045,115.11974519399647,129.27864905728927,-83.11974519399647,-97.27864905728927,True,True,14.158903863292807,POINT (439054.1588679109 4483031.470006906)
0.11061696939059278,91.99907186237465,106.15797572566748,-59.99907186237465,-74.15797572566748,True,True,14.158903863292835,POINT (438847.7702845078 4482466.9452222055)
0.10355841656846876,90.97550852972161,105.13441239301443,-58.97550852972161,-73.13441239301443,True,True,14.15890386329282,POINT (438823.5989808499 4482486.6360287815)
0.10355841656846876,90.97550852972161,105.13441239301443,-58.97550852972161,-73.13441239301443,True,True,14.15890386329282,POINT (438823.5989808499 4482486.6360287815)
0.1,90.43272924361804,104.59163310691086,-58.43272924361804,-72.59163310691086,True,True,14.15890386329282,POINT (438823.7221194769 4482521.633900083)
0.10355841656846876,90.97550852972161,105.13441239301443,-58.97550852972161,-73.13441239301443,True,True,14.15890386329282,POINT (438823.5989808499 4482486.6360287815)
0.11697306236516217,92.8663556973643,107.02525956065712,-60.8663556973643,-75.02525956065712,True,True,14.15890386329282,POINT (438807.0037303331 4482482.398085387)
0.668168509872781,119.9170363033534,134.07594016664623,-87.9170363033534,-102.07594016664623,True,True,14.158903863292835,POINT (439273.1392801125 4482030.346321947)
0.6952180789478508,120.5330773122385,134.6919811755313,-88.5330773122385,-102.69198117553131,True,True,14.158903863292807,POINT (439307.1226160643 4482021.971865281)
0.722914769911433,121.13950286614539,135.2984067294382,-89.13950286614539,-103.2984067294382,True,True,14.158903863292807,POINT (439341.1200218632 4482013.655017286)
0.7511436316251516,121.73412774060519,135.893031603898,-89.73412774060519,-103.89303160389801,True,True,14.15890386329282,POINT (439375.1484919875 4482005.468057255)
0.7797015554918222,122.31336573744278,136.47226960073561,-90.31336573744278,-104.47226960073561,True,True,14.158903863292835,POINT (439409.2669488059 4481997.6622322295)
0.8089664586164026,122.88533720869256,137.0442410719854,-90.88533720869256,-105.0442410719854,True,False,14.158903863292835,POINT (439443.3002187028 4481989.495781699)
0.668168509872781,119.9170363033534,134.07594016664623,-87.9170363033534,-102.07594016664623,True,True,14.158903863292835,POINT (439273.1392801125 4482030.346321947)
0.6418156237080085,119.29239306464147,133.4512969279343,-87.29239306464147,-101.4512969279343,True,True,14.15890386329282,POINT (439275.78360338876 4482065.24621406)
0.6163885042517232,118.66488907917815,132.82379294247096,-86.66488907917815,-100.82379294247096,True,True,14.158903863292807,POINT (439278.5196967217 4482100.139104357)
0.5918551983692257,118.03440731931154,132.19331118260436,-86.03440731931154,-100.19331118260436,True,True,14.15890386329282,POINT (439281.1402100959 4482135.040508117)
0.5682563970699598,117.40277930112661,131.56168316441943,-85.40277930112661,-99.56168316441943,True,True,14.15890386329282,POINT (439283.546233782 4482169.957710898)
0.668168509872781,119.9170363033534,134.07594016664623,-87.9170363033534,-102.07594016664623,True,True,14.158903863292835,POINT (439273.1392801125 4482030.346321947)
0.6550052034212169,119.60816770804489,133.7670715713377,-87.60816770804489,-101.76707157133771,True,True,14.15890386329282,POINT (439266.5451388622 4482041.82262286)
0.8274464387658197,123.23595856652578,137.3948624298186,-91.23595856652578,-105.3948624298186,True,False,14.15890386329282,POINT (439464.71840070735 4481984.589651549)
0.7979966167459936,122.67339741201651,136.83230127530933,-90.67339741201651,-104.83230127530933,True,True,14.15890386329282,POINT (439430.64548651956 4481992.579469411)
0.7690117052035786,122.0990674004984,136.25797126379123,-90.0990674004984,-104.25797126379123,True,True,14.158903863292835,POINT (439396.56998068123 4482000.567120691)
0.7406059163640876,121.51481237209225,135.6737162353851,-89.51481237209225,-103.67371623538509,True,True,14.158903863292835,POINT (439362.471415423 4482008.457195615)
0.7125456401221218,120.91523350657184,135.07413736986467,-88.91523350657184,-103.07413736986467,True,True,14.158903863292835,POINT (439328.4629697146 4482016.729160446)
0.6850591037011063,120.30456861560423,134.46347247889705,-88.30456861560423,-102.46347247889705,True,True,14.15890386329282,POINT (439294.479164195 4482025.101482089)
0.8274464387658197,123.23595856652578,137.3948624298186,-91.23595856652578,-105.3948624298186,True,False,14.15890386329282,POINT (439464.71840070735 4481984.589651549)
0.8523960768202836,123.69710506528308,137.8560089285759,-91.69710506528308,-105.8560089285759,True,False,14.15890386329282,POINT (439464.3427757252 4481949.591667238)
0.8780321944729481,124.15708800863118,138.315991871924,-92.15708800863118,-106.31599187192401,True,False,14.158903863292835,POINT (439463.967150743 4481914.593682926)
0.9042430301325147,124.6137014664402,138.77260532973304,-92.6137014664402,-106.77260532973304,True,False,14.158903863292835,POINT (439463.5097033182 4481879.596696818)
0.9310186869882392,125.06668690593764,139.22559076923045,-93.06668690593764,-107.22559076923045,True,False,14.158903863292807,POINT (439463.0314187999 4481844.599964915)
0.9583432855279189,125.51572191186655,139.67462577515937,-93.51572191186655,-107.67462577515937,True,False,14.15890386329282,POINT (439462.5833846652 4481809.602840553)
0.8274464387658197,123.23595856652578,137.3948624298186,-91.23595856652578,-105.3948624298186,True,False,14.15890386329282,POINT (439464.71840070735 4481984.589651549)
0.8044941998014361,122.79928124780534,136.95818511109815,-90.79928124780534,-104.95818511109815,True,True,14.158903863292807,POINT (439466.7362728039 4482019.508805306)
0.7852677019183046,122.4237893484907,136.58269321178352,-90.4237893484907,-104.58269321178352,True,True,14.15890386329282,POINT (439472.18486995704 4482054.035021565)
0.7714377556216584,122.14796235250745,136.30686621580028,-90.14796235250745,-104.30686621580028,True,True,14.158903863292835,POINT (439482.3097760426 4482087.527381663)
0.5486288282297533,116.85712953397017,131.016033397263,-84.85712953397017,-99.01603339726299,True,True,14.15890386329282,POINT (439285.64914150606 4482200.475970486)
0.5458540201239482,116.7784183903576,130.93732225365042,-84.7784183903576,-98.93732225365042,True,True,14.15890386329282,POINT (439286.1189448023 4482205.101202736)
0.6550052034212169,119.60816770804489,133.7670715713377,-87.60816770804489,-101.76707157133771,True,True,14.15890386329282,POINT (439266.5451388622 4482041.82262286)
0.6616815505696486,119.76559189665228,133.9244957599451,-87.76559189665228,-101.9244957599451,True,True,14.15890386329282,POINT (439265.72775055503 4482033.015202996)
0.6550052034212169,119.60816770804489,133.7670715713377,-87.60816770804489,-101.76707157133771,True,True,14.15890386329282,POINT (439266.5451388622 4482041.82262286)
0.6347292349744357,119.12004569867723,133.27894956197005,-87.12004569867723,-101.27894956197005,True,True,14.15890386329282,POINT (439231.5481159603 4482042.260361447)
0.615801447556419,118.65009752825605,132.8090013915489,-86.65009752825605,-100.80900139154889,True,True,14.158903863292835,POINT (439196.55049679056 4482042.668592325)
0.5983239979613449,118.20315076612354,132.36205462941635,-86.20315076612354,-100.36205462941635,True,True,14.158903863292807,POINT (439161.55287803715 4482043.076858731)
0.5824241888202003,117.78505846190116,131.94396232519398,-85.78505846190116,-99.94396232519398,True,True,14.15890386329282,POINT (439126.555302236 4482043.488790818)
0.5682378594473378,117.40227289600527,131.5611767592981,-85.40227289600527,-99.56117675929809,True,True,14.15890386329282,POINT (439091.55772643484 4482043.900722904)
0.764053334864091,121.99865411143303,136.15755797472585,-89.99865411143303,-104.15755797472585,True,True,14.15890386329282,POINT (439489.4195669816 4482108.541349414)
0.7652830922260007,122.02361889407702,136.18252275736984,-90.02361889407702,-104.18252275736984,True,True,14.15890386329282,POINT (439504.2876607902 4482126.582007044)
0.764053334864091,121.99865411143303,136.15755797472585,-89.99865411143303,-104.15755797472585,True,True,14.15890386329282,POINT (439489.4195669816 4482108.541349414)
0.7760421820437934,122.24033918981644,136.39924305310925,-90.24033918981644,-104.39924305310925,True,True,14.158903863292807,POINT (439478.28587654314 4482075.360578354)
0.791649835636211,122.54944168967862,136.70834555297145,-90.54944168967862,-104.70834555297145,True,True,14.158903863292835,POINT (439469.5655121387 4482041.496819155)
0.8126211135671135,122.9553081965709,137.11421205986372,-90.9553081965709,-105.11421205986372,True,False,14.15890386329282,POINT (439465.7572066031 4482006.730395604)
0.7652830922260007,122.02361889407702,136.18252275736984,-90.02361889407702,-104.18252275736984,True,True,14.15890386329282,POINT (439504.2876607902 4482126.582007044)
0.7639057508461895,121.99565537080785,136.15455923410067,-89.99565537080785,-104.15455923410067,True,True,14.15890386329282,POINT (439510.67790648586 4482138.064071473)
0.7652830922260007,122.02361889407702,136.18252275736984,-90.02361889407702,-104.18252275736984,True,True,14.15890386329282,POINT (439504.2876607902 4482126.582007044)
0.7886826335160652,122.49114948577008,136.65005334906292,-90.49114948577008,-104.65005334906292,True,True,14.158903863292835,POINT (439523.31542942394 4482112.962808426)
0.9065371513739846,124.65303492754803,138.81193879084086,-92.65303492754803,-106.81193879084086,True,False,14.15890386329282,POINT (439773.02690583083 4482739.431671753)
0.878799642504908,124.17065020751575,138.32955407080857,-92.17065020751575,-106.32955407080857,True,False,14.15890386329282,POINT (439741.64026613574 4482754.919466288)
0.8516989444247889,123.68440421551833,137.84330807881116,-91.68440421551833,-105.84330807881116,True,False,14.158903863292835,POINT (439710.3240696058 4482770.549432215)
0.8251929302908074,123.19362423873811,137.35252810203093,-91.19362423873811,-105.35252810203093,True,False,14.15890386329282,POINT (439679.0078730759 4482786.179398143)
0.799340603711446,122.69951961773367,136.8584234810265,-90.69951961773367,-104.8584234810265,True,True,14.158903863292835,POINT (439647.69157387153 4482801.809158349)
0.7737257509666202,122.19393423722767,136.35283810052047,-90.19393423722767,-104.35283810052047,True,True,14.158903863292807,POINT (439616.074302148 4482816.818619608)
0.7488044585525951,121.6857107517688,135.8446146150616,-89.6857107517688,-103.8446146150616,True,True,14.158903863292807,POINT (439584.4168543784 4482831.745300349)
0.725183475617251,121.18814266707516,135.34704653036798,-89.18814266707516,-103.34704653036798,True,True,14.15890386329282,POINT (439553.0402684108 4482847.216954846)
0.9065371513739846,124.65303492754803,138.81193879084086,-92.65303492754803,-106.81193879084086,True,False,14.15890386329282,POINT (439773.02690583083 4482739.431671753)
0.905091637787886,124.6282627403048,138.78716660359763,-92.6282627403048,-106.78716660359763,True,False,14.15890386329282,POINT (439772.80287702434 4482732.661972137)
0.7195290916628744,121.06663117328223,135.22553503657505,-89.06663117328223,-103.22553503657505,True,True,14.15890386329282,POINT (439544.994797508 4482851.836282175)
0.7087952356487355,120.83331308707554,134.99221695036834,-88.83331308707554,-102.99221695036834,True,True,14.158903863292807,POINT (439527.0248264766 4482866.07966853)
0.7195290916628744,121.06663117328223,135.22553503657505,-89.06663117328223,-103.22553503657505,True,True,14.15890386329282,POINT (439544.994797508 4482851.836282175)
0.7423494493224342,121.5513141130965,135.71021797638932,-89.5513141130965,-103.71021797638932,True,True,14.15890386329282,POINT (439576.03408847697 4482835.719802417)
0.7670430952511658,122.0592782651383,136.21818212843112,-90.0592782651383,-104.21818212843112,True,True,14.15890386329282,POINT (439607.6828931646 4482820.774892713)
0.792527803498135,122.56664793386315,136.72555179715596,-90.56664793386315,-104.72555179715596,True,True,14.158903863292807,POINT (439639.34082041547 4482805.849222136)
0.8182741650324528,123.06292247566466,137.22182633895747,-91.06292247566466,-105.22182633895747,True,False,14.158903863292807,POINT (439670.7070449513 4482790.322355307)
0.8446128815046452,123.55471223027047,137.71361609356327,-91.55471223027047,-105.71361609356327,True,False,14.158903863292807,POINT (439702.0232414813 4482774.692389379)
0.8715613748022829,124.04226328705465,138.20116715034746,-92.04226328705465,-106.20116715034746,True,False,14.158903863292807,POINT (439733.33943801123 4482759.062423451)
0.8991277897149244,124.52563846677307,138.68454233006588,-92.52563846677307,-106.68454233006588,True,False,14.158903863292807,POINT (439764.70172585367 4482743.525474382)
0.905091637787886,124.6282627403048,138.78716660359763,-92.6282627403048,-106.78716660359763,True,False,14.15890386329282,POINT (439772.80287702434 4482732.661972137)
0.8888500139372069,124.34717345016276,138.5060773134556,-92.34717345016276,-106.50607731345559,True,False,14.158903863292835,POINT (439758.56292453676 4482719.777622204)
0.905091637787886,124.6282627403048,138.78716660359763,-92.6282627403048,-106.78716660359763,True,False,14.15890386329282,POINT (439772.80287702434 4482732.661972137)
0.9080491581566978,124.67890439613488,138.8378082594277,-92.67890439613488,-106.8378082594277,True,False,14.15890386329282,POINT (439776.72721197235 4482727.457377065)
0.8888500139372069,124.34717345016276,138.5060773134556,-92.34717345016276,-106.50607731345559,True,False,14.158903863292835,POINT (439758.56292453676 4482719.777622204)
0.8554730956740176,123.75304053962053,137.91194440291335,-91.75304053962053,-105.91194440291335,True,False,14.15890386329282,POINT (439727.3052112632 4482704.0310238125)
0.8222311643132466,123.13780844669283,137.29671230998565,-91.13780844669283,-105.29671230998565,True,False,14.15890386329282,POINT (439696.04749798955 4482688.284425421)
0.8888500139372069,124.34717345016276,138.5060773134556,-92.34717345016276,-106.50607731345559,True,False,14.158903863292835,POINT (439758.56292453676 4482719.777622204)
0.9080491581566978,124.67890439613488,138.8378082594277,-92.67890439613488,-106.8378082594277,True,False,14.15890386329282,POINT (439776.72721197235 4482727.457377065)
0.9080491581566978,124.67890439613488,138.8378082594277,-92.67890439613488,-106.8378082594277,True,False,14.15890386329282,POINT (439776.72721197235 4482727.457377065)
0.9227316512082726,124.92789563224329,139.08679949553613,-92.92789563224329,-107.08679949553613,True,False,14.158903863292835,POINT (439791.0592865291 4482730.738804521)
0.9227316512082726,124.92789563224329,139.08679949553613,-92.92789563224329,-107.08679949553613,True,False,14.158903863292835,POINT (439791.0592865291 4482730.738804521)
0.9460608422521901,125.31548553784387,139.47438940113668,-93.31548553784387,-107.47438940113668,True,False,14.158903863292807,POINT (439818.21902393573 4482708.662829794)
0.9700910583441151,125.70485492958534,139.86375879287814,-93.70485492958534,-107.86375879287814,True,False,14.158903863292807,POINT (439845.3779132479 4482686.585811623)
0.9947724391615325,126.09486085884998,140.25376472214282,-94.09486085884998,-108.25376472214282,True,False,14.158903863292835,POINT (439872.53680256015 4482664.508793452)
0.9227316512082726,124.92789563224329,139.08679949553613,-92.92789563224329,-107.08679949553613,True,False,14.158903863292835,POINT (439791.0592865291 4482730.738804521)
0.9231659002926468,124.93519932714771,139.09410319044053,-92.93519932714771,-107.09410319044053,True,False,14.15890386329282,POINT (439789.2765746471 4482742.997371538)
0.9192066801228465,124.86848115219422,139.02738501548703,-92.86848115219422,-107.02738501548703,True,False,14.158903863292807,POINT (439784.77923750284 4482745.4535698835)
0.9065371513739846,124.65303492754803,138.81193879084086,-92.65303492754803,-106.81193879084086,True,False,14.15890386329282,POINT (439773.02690583083 4482739.431671753)
1.0284894662876394,126.61228736920805,140.77119123250085,-94.61228736920805,-108.77119123250085,True,False,14.158903863292807,POINT (439862.40626068617 4482883.111780815)
1.062729863848699,127.12066838645197,141.2795722497448,-95.12066838645197,-109.2795722497448,True,False,14.158903863292835,POINT (439893.1812548626 4482899.2785109095)
1.0977132613107756,127.62343728731398,141.7823411506068,-95.62343728731398,-109.78234115060681,True,False,14.158903863292835,POINT (439926.8007327424 4482909.010903669)
1.1327017761925198,128.1105020933292,142.26940595662202,-96.11050209332919,-110.26940595662202,True,False,14.158903863292835,POINT (439960.37892175664 4482918.885115623)
1.1676917516609835,128.5827676734144,142.74167153670723,-96.5827676734144,-110.74167153670723,True,False,14.158903863292835,POINT (439993.94889903546 4482928.787470166)
1.202682310506186,129.04109614654246,143.2000000098353,-97.04109614654246,-111.20000000983529,True,False,14.158903863292835,POINT (440027.5188763143 4482938.689824709)
1.237632782954952,129.4857767020145,143.6446805653073,-97.4857767020145,-111.64468056530731,True,False,14.158903863292807,POINT (440060.71293883346 4482949.634265735)
1.0284894662876394,126.61228736920805,140.77119123250085,-94.61228736920805,-108.77119123250085,True,False,14.158903863292807,POINT (439862.40626068617 4482883.111780815)
1.0220952357551576,126.51547668667138,140.6743805499642,-94.51547668667138,-108.67438054996421,True,False,14.158903863292835,POINT (439852.33661115175 4482893.438846445)
1.2708773764026995,129.89725021767651,144.05615408096935,-97.89725021767651,-112.05615408096935,True,False,14.158903863292835,POINT (440091.8099260744 4482961.529019466)
1.2843395234868753,130.06081954810855,144.21972341140136,-98.06081954810855,-112.21972341140136,True,False,14.158903863292807,POINT (440102.96044342214 4482970.786569654)
1.2708773764026995,129.89725021767651,144.05615408096935,-97.89725021767651,-112.05615408096935,True,False,14.158903863292835,POINT (440091.8099260744 4482961.529019466)
1.2839121887611296,130.0556536968084,144.21455756010124,-98.0556536968084,-112.21455756010124,True,False,14.158903863292835,POINT (440109.75170661055 4482947.897775231)
1.0185426815182026,126.46142783127117,140.620331694564,-94.46142783127117,-108.62033169456399,True,False,14.15890386329282,POINT (439855.2047234008 4482872.823739571)
1.0276501295962175,126.59961391693251,140.75851778022533,-94.59961391693251,-108.75851778022533,True,False,14.15890386329282,POINT (439862.22739432746 4482880.893054216)
1.0185426815182026,126.46142783127117,140.620331694564,-94.46142783127117,-108.62033169456399,True,False,14.15890386329282,POINT (439855.2047234008 4482872.823739571)
1.035873039336423,126.72333102797319,140.882234891266,-94.72333102797319,-108.882234891266,True,False,14.158903863292807,POINT (439874.4794840568 4482869.0054366235)
1.0276501295962175,126.59961391693251,140.75851778022533,-94.59961391693251,-108.75851778022533,True,False,14.15890386329282,POINT (439862.22739432746 4482880.893054216)
1.0284894662876394,126.61228736920805,140.77119123250085,-94.61228736920805,-108.77119123250085,True,False,14.158903863292807,POINT (439862.40626068617 4482883.111780815)
1.035873039336423,126.72333102797319,140.882234891266,-94.72333102797319,-108.882234891266,True,False,14.158903863292807,POINT (439874.4794840568 4482869.0054366235)
1.059488400097735,127.07324825464633,141.23215211793914,-95.07324825464633,-109.23215211793914,True,False,14.158903863292807,POINT (439904.28259107016 4482850.654856705)
1.0837630887586949,127.42489807793771,141.58380194123055,-95.42489807793771,-109.58380194123055,True,False,14.158903863292835,POINT (439934.11773825984 4482832.355567316)
1.035873039336423,126.72333102797319,140.882234891266,-94.72333102797319,-108.882234891266,True,False,14.158903863292807,POINT (439874.4794840568 4482869.0054366235)
1.0276501295962175,126.59961391693251,140.75851778022533,-94.59961391693251,-108.75851778022533,True,False,14.15890386329282,POINT (439862.22739432746 4482880.893054216)
1.0020608764213454,126.20818066734493,140.36708453063775,-94.20818066734493,-108.36708453063775,True,False,14.15890386329282,POINT (439830.16597928567 4482896.503455148)
1.0084634945641682,126.30704986840604,140.46595373169885,-94.30704986840604,-108.46595373169885,True,False,14.158903863292807,POINT (439841.16532131145 4482883.759998725)
1.0020608764213454,126.20818066734493,140.36708453063775,-94.20818066734493,-108.36708453063775,True,False,14.15890386329282,POINT (439830.16597928567 4482896.503455148)
0.9795553934386719,125.85556731850151,140.01447118179433,-93.85556731850151,-108.01447118179433,True,False,14.15890386329282,POINT (439799.95478366525 4482914.173994543)
0.9580284841560721,125.51062193562252,139.66952579891534,-93.51062193562252,-107.66952579891534,True,False,14.15890386329282,POINT (439769.8893191527 4482932.092360642)
0.9373144531553873,125.17130509869125,139.33020896198408,-93.17130509869125,-107.33020896198408,True,False,14.158903863292835,POINT (439739.8238546401 4482950.010726741)
0.9174705703098567,124.83913468873045,138.99803855202327,-92.83913468873045,-106.99803855202327,True,False,14.15890386329282,POINT (439709.7597494748 4482967.931373434)
0.8986417269365523,124.51724445331872,138.67614831661155,-92.51724445331872,-106.67614831661155,True,False,14.15890386329282,POINT (439679.74964595627 4482985.942275902)
0.8819182146588616,124.22563945538566,138.38454331867848,-92.22563945538566,-106.38454331867848,True,False,14.15890386329282,POINT (439650.4202701208 4483005.01991696)
0.8668811013490455,123.9586792679294,138.11758313122223,-91.9586792679294,-106.11758313122223,True,False,14.158903863292835,POINT (439621.44735192624 4483024.655853691)
0.8538776786345645,123.72406347050018,137.882967333793,-91.72406347050018,-105.882967333793,True,False,14.15890386329282,POINT (439593.0334929674 4483045.007611155)
0.8458059231717455,123.57662375836905,137.73552762166187,-91.57662375836905,-105.73552762166187,True,False,14.15890386329282,POINT (439566.9790608866 4483068.37781802)
0.8391175300721853,123.4533827641213,137.6122866274141,-91.4533827641213,-105.61228662741411,True,False,14.158903863292807,POINT (439540.9246288058 4483091.748024886)
0.8338457884269717,123.35555087613209,137.5144547394249,-91.35555087613209,-105.5144547394249,True,False,14.15890386329282,POINT (439514.8701967249 4483115.118231752)
1.0084634945641682,126.30704986840604,140.46595373169885,-94.30704986840604,-108.46595373169885,True,False,14.158903863292807,POINT (439841.16532131145 4482883.759998725)
1.00763993797768,126.29436774550634,140.45327160879916,-94.29436774550634,-108.45327160879916,True,False,14.15890386329282,POINT (439841.5659765058 4482879.8381829215)
1.00763993797768,126.29436774550634,140.45327160879916,-94.29436774550634,-108.45327160879916,True,False,14.15890386329282,POINT (439841.5659765058 4482879.8381829215)
0.9889611891387909,126.00391168777054,140.16281555106337,-94.00391168777054,-108.16281555106337,True,False,14.158903863292835,POINT (439831.17333402386 4482850.027285002)
1.00763993797768,126.29436774550634,140.45327160879916,-94.29436774550634,-108.45327160879916,True,False,14.15890386329282,POINT (439841.5659765058 4482879.8381829215)
1.0147060743524736,126.40284523277884,140.56174909607168,-94.40284523277884,-108.56174909607168,True,False,14.158903863292835,POINT (439851.36117971124 4482872.266316009)
1.2843395234868753,130.06081954810855,144.21972341140136,-98.06081954810855,-112.21972341140136,True,False,14.158903863292807,POINT (440102.96044342214 4482970.786569654)
1.2852937208116761,130.0723481958602,144.23125205915304,-98.0723481958602,-112.23125205915304,True,False,14.158903863292835,POINT (440102.9016700425 4482974.028480371)
1.2839121887611296,130.0556536968084,144.21455756010124,-98.0556536968084,-112.21455756010124,True,False,14.158903863292835,POINT (440109.75170661055 4482947.897775231)
1.2961942612751798,130.20344490881376,144.36234877210657,-98.20344490881376,-112.36234877210657,True,False,14.158903863292807,POINT (440130.7335578997 4482919.884172884)
1.2839121887611296,130.0556536968084,144.21455756010124,-98.0556536968084,-112.21455756010124,True,False,14.158903863292835,POINT (440109.75170661055 4482947.897775231)
1.2843395234868753,130.06081954810855,144.21972341140136,-98.06081954810855,-112.21972341140136,True,False,14.158903863292807,POINT (440102.96044342214 4482970.786569654)
1.2852937208116761,130.0723481958602,144.23125205915304,-98.0723481958602,-112.23125205915304,True,False,14.158903863292835,POINT (440102.9016700425 4482974.028480371)
1.3148862645717043,130.42570132119533,144.58460518448817,-98.42570132119533,-112.58460518448817,True,False,14.158903863292835,POINT (440125.011128667 4483001.075714707)
1.3459407962346355,130.7880605717452,144.946964435038,-98.7880605717452,-112.94696443503801,True,False,14.158903863292807,POINT (440148.9445709447 4483026.613719393)
1.2852937208116761,130.0723481958602,144.23125205915304,-98.0723481958602,-112.23125205915304,True,False,14.158903863292835,POINT (440102.9016700425 4482974.028480371)
1.2801155111728209,130.00968177906623,144.16858564235906,-98.00968177906623,-112.16858564235906,True,False,14.158903863292835,POINT (440094.5473665331 4482982.69855321)
1.2663018375736819,129.84126119730158,144.0001650605944,-97.84126119730158,-112.00016506059441,True,False,14.158903863292835,POINT (440074.23736871907 4482999.013016262)
1.2676522157786145,129.85780624496695,144.01671010825976,-97.85780624496695,-112.01671010825976,True,False,14.158903863292807,POINT (440083.07519383205 4482977.717409825)
1.2663018375736819,129.84126119730158,144.0001650605944,-97.84126119730158,-112.00016506059441,True,False,14.158903863292835,POINT (440074.23736871907 4482999.013016262)
1.252721622636246,129.6738864491757,143.83279031246852,-97.67388644917571,-111.83279031246852,True,False,14.158903863292807,POINT (440050.2497209137 4483024.500125803)
1.2399808804168284,129.51520017677106,143.67410404006387,-97.51520017677106,-111.67410404006387,True,False,14.158903863292807,POINT (440026.2620731084 4483049.987235345)
1.2273522803490418,129.35629336866472,143.51519723195756,-97.35629336866472,-111.51519723195756,True,False,14.158903863292835,POINT (440001.7377872893 4483074.830184561)
1.2086684044632303,129.11816791755672,143.27707178084955,-97.11816791755672,-111.27707178084955,True,False,14.158903863292835,POINT (439972.3387616776 4483093.822216802)
1.190714978909899,128.8858583581513,143.0447622214441,-96.8858583581513,-111.0447622214441,True,False,14.158903863292807,POINT (439942.9365674797 4483112.808589829)
1.1690004515855388,128.60015568459866,142.7590595478915,-96.60015568459866,-110.7590595478915,True,False,14.158903863292835,POINT (439910.9692524504 4483127.014903908)
1.1473588607350778,128.3100827631423,142.46898662643514,-96.3100827631423,-110.46898662643514,True,False,14.158903863292835,POINT (439878.701827903 4483140.571796667)
1.1258539259693237,128.01637035578077,142.17527421907357,-96.01637035578077,-110.17527421907357,True,False,14.158903863292807,POINT (439846.181617348 4483153.5114988135)
1.1050418528325099,127.72672940884856,141.88563327214138,-95.72672940884856,-109.88563327214138,True,False,14.15890386329282,POINT (439813.6625873552 4483166.454168103)
1.2676522157786145,129.85780624496695,144.01671010825976,-97.85780624496695,-112.01671010825976,True,False,14.158903863292807,POINT (440083.07519383205 4482977.717409825)
1.264783676649714,129.82263936804753,143.98154323134034,-97.82263936804753,-111.98154323134034,True,False,14.158903863292807,POINT (440081.58929717477 4482973.1335780015)
1.55200179598365,132.99937688706993,147.15828075036276,-100.99937688706993,-115.15828075036276,True,False,14.158903863292835,POINT (440333.9282577899 4483120.565768365)
1.5797826956557632,133.27478525149587,147.43368911478868,-101.27478525149587,-115.43368911478868,True,False,14.158903863292807,POINT (440367.2346993956 4483110.612876313)
1.6041204796887465,133.51210885684696,147.67101272013977,-101.51210885684696,-115.67101272013977,True,False,14.158903863292807,POINT (440398.56537299964 4483095.015417074)
1.6287718964729447,133.74884815308613,147.90775201637894,-101.74884815308613,-115.90775201637894,True,False,14.158903863292807,POINT (440429.8492137974 4483079.320790447)
1.6535571076463675,133.9832872637542,148.14219112704703,-101.98328726375419,-116.14219112704703,True,False,14.158903863292835,POINT (440460.97001897235 4483063.343997823)
1.6723675879773396,134.15887872860023,148.31778259189306,-102.15887872860023,-116.31778259189306,True,False,14.158903863292835,POINT (440487.4561092069 4483040.653946181)
1.6861754414135408,134.28651937538524,148.44542323867805,-102.28651937538524,-116.44542323867805,True,False,14.158903863292807,POINT (440509.43009695516 4483013.552004686)
1.694245235362517,134.3606339838816,148.5195378471744,-102.3606339838816,-116.5195378471744,True,False,14.158903863292807,POINT (440525.80438836664 4482982.704938003)
1.699084551398397,134.40491009896746,148.56381396226027,-102.40491009896746,-116.56381396226027,True,False,14.158903863292807,POINT (440538.5601416213 4482950.1476918785)
1.55200179598365,132.99937688706993,147.15828075036276,-100.99937688706993,-115.15828075036276,True,False,14.158903863292835,POINT (440333.9282577899 4483120.565768365)
1.5605145393229822,133.08428912370002,147.24319298699285,-101.08428912370002,-115.24319298699285,True,False,14.158903863292835,POINT (440337.71737482486 4483134.500356572)
1.5605145393229822,133.08428912370002,147.24319298699285,-101.08428912370002,-115.24319298699285,True,False,14.158903863292835,POINT (440337.71737482486 4483134.500356572)
1.552457833292109,133.00393752566129,147.1628413889541,-101.00393752566129,-115.16284138895409,True,False,14.158903863292807,POINT (440327.0222402527 4483139.758698992)
1.552457833292109,133.00393752566129,147.1628413889541,-101.00393752566129,-115.16284138895409,True,False,14.158903863292807,POINT (440327.0222402527 4483139.758698992)
1.5378894044953948,132.8575783515837,147.01648221487653,-100.8575783515837,-115.01648221487653,True,False,14.158903863292835,POINT (440316.17024578573 4483127.490117245)
1.552457833292109,133.00393752566129,147.1628413889541,-101.00393752566129,-115.16284138895409,True,False,14.158903863292807,POINT (440327.0222402527 4483139.758698992)
1.5278272597400433,132.7556790040219,146.91458286731472,-100.75567900402191,-114.91458286731472,True,False,14.158903863292807,POINT (440294.89655239665 4483153.629008357)
1.5378894044953948,132.8575783515837,147.01648221487653,-100.8575783515837,-115.01648221487653,True,False,14.158903863292835,POINT (440316.17024578573 4483127.490117245)
1.5039590190372507,132.51125598955412,146.67015985284695,-100.51125598955412,-114.67015985284695,True,False,14.158903863292835,POINT (440285.8870178148 4483111.718696618)
1.4690352498831476,132.14653705374047,146.3054409170333,-100.14653705374047,-114.30544091703331,True,False,14.158903863292835,POINT (440252.46820589586 4483101.317590773)
1.4341020204906245,131.77294001603119,145.93184387932402,-99.77294001603119,-113.93184387932402,True,False,14.158903863292835,POINT (440219.45779738843 4483089.82627868)
1.399516212716471,131.39398343782827,145.55288730112107,-99.39398343782827,-113.55288730112107,True,False,14.158903863292807,POINT (440188.96195000253 4483072.776539607)
1.3661643343862915,131.01957068398895,145.17847454728175,-99.01957068398895,-113.17847454728175,True,False,14.158903863292807,POINT (440161.5024600684 4483051.114911967)
1.3351694392789386,130.6633310141805,144.8222348774733,-98.6633310141805,-112.8222348774733,True,False,14.158903863292807,POINT (440138.00713087746 4483025.196800027)
1.3040019605688058,130.29666930055797,144.45557316385077,-98.29666930055797,-112.45557316385077,True,False,14.158903863292807,POINT (440113.93785767275 4482999.791133901)
1.5378894044953948,132.8575783515837,147.01648221487653,-100.8575783515837,-115.01648221487653,True,False,14.158903863292835,POINT (440316.17024578573 4483127.490117245)
1.55200179598365,132.99937688706993,147.15828075036276,-100.99937688706993,-115.15828075036276,True,False,14.158903863292835,POINT (440333.9282577899 4483120.565768365)
1.327025784005442,130.568359768651,144.7272636319438,-98.56835976865099,-112.7272636319438,True,False,14.158903863292807,POINT (439966.1834513042 4483337.411700328)
1.3545771454549278,130.88734837598344,145.04625223927627,-98.88734837598344,-113.04625223927627,True,False,14.158903863292835,POINT (440001.08665206935 4483335.439440185)
1.3768716310661375,131.14075930333885,145.2996631666317,-99.14075930333885,-113.29966316663169,True,False,14.158903863292835,POINT (440034.4818564363 4483325.577232626)
1.327025784005442,130.568359768651,144.7272636319438,-98.56835976865099,-112.7272636319438,True,False,14.158903863292807,POINT (439966.1834513042 4483337.411700328)
1.3416867608964758,130.73891960816587,144.8978234714587,-98.73891960816587,-112.89782347145871,True,False,14.158903863292835,POINT (439959.42225221125 4483371.751744963)
1.357266688031797,130.9181394747975,145.0770433380903,-98.9181394747975,-113.0770433380903,True,False,14.158903863292807,POINT (439952.8528609086 4483406.12951503)
1.327025784005442,130.568359768651,144.7272636319438,-98.56835976865099,-112.7272636319438,True,False,14.158903863292807,POINT (439966.1834513042 4483337.411700328)
1.2936029291486657,130.17238009418483,144.33128395747767,-98.17238009418483,-112.33128395747767,True,False,14.158903863292835,POINT (439933.01786686084 4483326.370345169)
1.2588417481110066,129.74953983035118,143.908443693644,-97.74953983035118,-111.90844369364399,True,False,14.158903863292807,POINT (439903.03761413554 4483308.519859216)
1.2238438889870424,129.31185669338032,143.47076055667313,-97.31185669338032,-111.47076055667313,True,False,14.158903863292807,POINT (439874.4295623458 4483288.356045768)
1.1888455659342185,128.86146790437022,143.02037176766305,-96.86146790437022,-111.02037176766305,True,False,14.158903863292835,POINT (439846.01744337316 4483267.919865419)
1.1538467288813465,128.39761318932847,142.55651705262127,-96.39761318932847,-110.55651705262127,True,False,14.158903863292807,POINT (439817.8037893792 4483247.207798204)
1.3578218014630676,130.924487067475,145.08339093076782,-98.92448706747501,-113.08339093076782,True,False,14.158903863292807,POINT (439952.63537110284 4483407.311449649)
1.3422080388861033,130.74494957886577,144.9038534421586,-98.74494957886577,-112.9038534421586,True,False,14.158903863292835,POINT (439959.1949879034 4483372.931839109)
1.3275063150397204,130.57397987795463,144.73288374124743,-98.57397987795463,-112.73288374124743,True,False,14.158903863292807,POINT (439965.94028060633 4483338.588619726)
1.3578218014630676,130.924487067475,145.08339093076782,-98.92448706747501,-113.08339093076782,True,False,14.158903863292807,POINT (439952.63537110284 4483407.311449649)
1.3646223830296347,131.00204018672378,145.1609440500166,-99.00204018672378,-113.16094405001661,True,False,14.158903863292835,POINT (439949.4343713996 4483422.356591061)
1.3578218014630676,130.924487067475,145.08339093076782,-98.92448706747501,-113.08339093076782,True,False,14.158903863292807,POINT (439952.63537110284 4483407.311449649)
1.3646223830296347,131.00204018672378,145.1609440500166,-99.00204018672378,-113.16094405001661,True,False,14.158903863292835,POINT (439949.4343713996 4483422.356591061)
1.126569240856497,128.02622993975646,142.1851338030493,-96.02622993975646,-110.1851338030493,True,False,14.158903863292835,POINT (439794.5600651222 4483232.801167295)
1.091880441316712,127.54073312571384,141.69963698900668,-95.54073312571384,-109.69963698900668,True,False,14.158903863292835,POINT (439763.7663937264 4483216.165368488)
1.126569240856497,128.02622993975646,142.1851338030493,-96.02622993975646,-110.1851338030493,True,False,14.158903863292835,POINT (439794.5600651222 4483232.801167295)
1.1614830006460706,128.50000881403656,142.6589126773294,-96.50000881403656,-110.6589126773294,True,False,14.158903863292835,POINT (439823.959631006 4483251.7268940145)
1.1964818527185477,128.9608588931309,143.1197627564237,-96.9608588931309,-111.11976275642371,True,False,14.158903863292807,POINT (439852.17328499997 4483272.438961229)
1.2314799429791647,129.4084112800381,143.56731514333094,-97.40841128003811,-111.56731514333094,True,False,14.158903863292835,POINT (439880.6714562921 4483292.755519944)
1.2664778282075424,129.84341846203068,144.0023223253235,-97.84341846203068,-112.00232232532349,True,False,14.158903863292807,POINT (439909.27950808185 4483312.919333394)
1.3010372569852207,130.26133646455813,144.42024032785096,-98.26133646455813,-112.42024032785096,True,False,14.158903863292835,POINT (439940.07749911264 4483329.282080998)
1.0881259144014725,127.48726324820628,141.6461671114991,-95.48726324820628,-109.6461671114991,True,False,14.15890386329282,POINT (439760.3456135765 4483214.482892271)
1.077168026199748,127.33014558554828,141.48904944884112,-95.33014558554828,-109.48904944884112,True,False,14.158903863292835,POINT (439750.9355349878 4483208.786290412)
1.077168026199748,127.33014558554828,141.48904944884112,-95.33014558554828,-109.48904944884112,True,False,14.158903863292835,POINT (439750.9355349878 4483208.786290412)
1.042608857570554,126.82394468412349,140.98284854741632,-94.82394468412349,-108.98284854741632,True,False,14.158903863292835,POINT (439720.68934125087 4483191.580862689)
1.077168026199748,127.33014558554828,141.48904944884112,-95.33014558554828,-109.48904944884112,True,False,14.158903863292835,POINT (439750.9355349878 4483208.786290412)
1.0736958894812685,127.28002737471395,141.43893123800677,-95.28002737471395,-109.43893123800677,True,False,14.15890386329282,POINT (439755.5063002954 4483196.54963682)
1.0362287964212993,126.72866135388786,140.88756521718068,-94.72866135388786,-108.88756521718068,True,False,14.15890386329282,POINT (439715.6474623881 4483187.6683575725)
1.0687232868860266,127.20796785175143,141.36687171504425,-95.20796785175143,-109.36687171504425,True,False,14.15890386329282,POINT (439749.2013610284 4483196.806487994)
1.0362287964212993,126.72866135388786,140.88756521718068,-94.72866135388786,-108.88756521718068,True,False,14.15890386329282,POINT (439715.6474623881 4483187.6683575725)
1.0027158334602355,126.21832347333758,140.3772273366304,-94.21832347333758,-108.3772273366304,True,False,14.15890386329282,POINT (439683.0074989141 4483175.377624473)
0.9722436400947705,125.73926194965664,139.89816581294946,-93.73926194965664,-107.89816581294946,True,False,14.15890386329282,POINT (439648.42028105876 4483170.406709794)
0.9427837518369762,125.26162087701623,139.42052474030905,-93.26162087701623,-107.42052474030905,True,False,14.15890386329282,POINT (439613.6034094719 4483166.832154299)
0.9136924855398023,124.7750791638632,138.93398302715602,-92.7750791638632,-106.93398302715602,True,False,14.15890386329282,POINT (439578.7904567743 4483163.218523926)
0.8850292162053276,124.28030181115905,138.43920567445187,-92.28030181115905,-106.43920567445187,True,False,14.15890386329282,POINT (439543.9775040766 4483159.604893554)
1.0736958894812685,127.28002737471395,141.43893123800677,-95.28002737471395,-109.43893123800677,True,False,14.15890386329282,POINT (439755.5063002954 4483196.54963682)
1.0762851021314712,127.31741643994604,141.47632030323885,-95.31741643994604,-109.47632030323885,True,False,14.158903863292807,POINT (439759.54730992333 4483195.340384393)
0.8683579370488326,123.9851023987444,138.14400626203724,-91.9851023987444,-106.14400626203724,True,False,14.158903863292835,POINT (439523.45823449566 4483157.483325359)
0.8967441605674109,124.48443109909347,138.6433349623863,-92.48443109909347,-106.64333496238629,True,False,14.15890386329282,POINT (439558.2719945185 4483161.088680501)
0.9255880966510313,124.97587565761022,139.13477952090304,-92.97587565761022,-107.13477952090304,True,False,14.15890386329282,POINT (439593.0849472162 4483164.702310874)
0.9548437358077526,125.45893261074852,139.61783647404135,-93.45893261074852,-107.61783647404135,True,False,14.158903863292835,POINT (439627.8978999139 4483168.315941246)
0.9844010594729687,125.93216820645348,140.0910720697463,-93.93216820645348,-108.0910720697463,True,False,14.15890386329282,POINT (439662.7247339744 4483171.791161846)
1.0161271099931997,126.42456934750575,140.58347321079856,-94.42456934750575,-108.58347321079856,True,False,14.158903863292807,POINT (439696.8004841846 4483179.334893117)
0.8683579370488326,123.9851023987444,138.14400626203724,-91.9851023987444,-106.14400626203724,True,False,14.158903863292835,POINT (439523.45823449566 4483157.483325359)
0.8499988599262729,123.65338723544832,137.81229109874116,-91.65338723544832,-105.81229109874116,True,False,14.158903863292835,POINT (439497.7016892915 4483158.191266969)
0.8499988599262729,123.65338723544832,137.81229109874116,-91.65338723544832,-105.81229109874116,True,False,14.158903863292835,POINT (439497.7016892915 4483158.191266969)
0.8407869626903001,123.48423564650868,137.6431395098015,-91.48423564650868,-105.6431395098015,True,False,14.15890386329282,POINT (439485.68701743544 4483157.400444188)
0.8281091732967718,123.24838673541929,137.4072905987121,-91.24838673541929,-105.40729059871211,True,False,14.15890386329282,POINT (439483.5230880945 4483141.332840597)
0.82933797559708,123.2714039996803,137.4303078629731,-91.2714039996803,-105.43030786297311,True,False,14.158903863292807,POINT (439488.553522862 4483137.773154756)
0.5058662147083236,115.59742343001,129.75632729330283,-83.59742343001,-97.75632729330283,True,True,14.158903863292835,POINT (439081.9144286103 4483036.827522986)
0.5181015205224478,115.96841199556017,130.127315858853,-83.96841199556017,-98.127315858853,True,True,14.15890386329282,POINT (439116.77537844615 4483033.999310738)
0.5393595810083202,116.592619590778,130.75152345407082,-84.592619590778,-98.75152345407082,True,True,14.15890386329282,POINT (439151.2626152668 4483039.488766759)
0.5646084021807266,117.30280487095924,131.46170873425206,-85.30280487095924,-99.46170873425206,True,True,14.15890386329282,POINT (439185.0739962943 4483048.5233894605)
0.5912521220096547,118.01858174432041,132.17748560761322,-86.01858174432041,-100.17748560761322,True,True,14.158903863292807,POINT (439218.7166358047 4483058.161729203)
0.6211268202831385,118.78376307402196,132.94266693731478,-86.78376307402196,-100.94266693731478,True,True,14.15890386329282,POINT (439250.9044840118 4483071.867468021)
0.652664593470144,119.55259741136172,133.71150127465452,-87.55259741136172,-101.71150127465452,True,True,14.158903863292807,POINT (439282.0271819888 4483087.864716618)
0.5058662147083236,115.59742343001,129.75632729330283,-83.59742343001,-97.75632729330283,True,True,14.158903863292835,POINT (439081.9144286103 4483036.827522986)
0.5054832441098084,115.58566699884355,129.74457086213636,-83.58566699884355,-97.74457086213636,True,True,14.158903863292807,POINT (439056.4260374468 4483046.5708860345)
1.0034874998446601,126.23026516774149,140.38916903103433,-94.23026516774149,-108.38916903103433,True,False,14.158903863292835,POINT (439881.96868495713 4482656.841770082)
1.0271014212008984,126.59132317120105,140.7502270344939,-94.59132317120105,-108.75022703449389,True,False,14.158903863292835,POINT (439907.37355851446 4482632.767044756)
1.0507395631815675,126.9445316031548,141.10343546644762,-94.9445316031548,-109.10343546644762,True,False,14.15890386329282,POINT (439932.1864836275 4482608.137538682)
1.0034874998446601,126.23026516774149,140.38916903103433,-94.23026516774149,-108.38916903103433,True,False,14.158903863292835,POINT (439881.96868495713 4482656.841770082)
0.9785912165862373,125.8402802986888,139.99918416198162,-93.8402802986888,-107.99918416198162,True,False,14.15890386329282,POINT (439854.8097956449 4482678.918788253)
0.9543292807070786,125.45056669478086,139.60947055807367,-93.45056669478086,-107.60947055807367,True,False,14.158903863292807,POINT (439827.6509063327 4482700.995806424)
0.9307513002140667,125.06222803196543,139.22113189525825,-93.06222803196543,-107.22113189525825,True,False,14.15890386329282,POINT (439800.4920170205 4482723.0728245955)
1.0650725631313256,127.15485032725155,141.3137541905444,-95.15485032725155,-109.31375419054439,True,False,14.158903863292835,POINT (439947.00329466653 4482589.003782486)
1.0841507783837667,127.43045012907906,141.58935399237188,-95.43045012907906,-109.58935399237188,True,False,14.15890386329282,POINT (439966.1444400119 4482559.701622926)
1.1040091737867324,127.71221594931835,141.87111981261117,-95.71221594931835,-109.87111981261117,True,False,14.15890386329282,POINT (439985.2855853573 4482530.399463366)
1.1260801973912686,128.019489858175,142.1783937214678,-96.019489858175,-110.17839372146781,True,False,14.158903863292807,POINT (440005.9764341654 4482502.261889372)
1.1564986747470438,128.43325003282084,142.59215389611364,-96.43325003282084,-110.59215389611364,True,False,14.158903863292807,POINT (440035.1810711439 4482483.727387243)
1.1908985817641016,128.88825178099722,143.04715564429006,-96.88825178099722,-111.04715564429006,True,False,14.158903863292835,POINT (440068.9779198377 4482474.76486676)
1.0650725631313256,127.15485032725155,141.3137541905444,-95.15485032725155,-109.31375419054439,True,False,14.158903863292835,POINT (439947.00329466653 4482589.003782486)
1.0438059705769869,126.84175804367591,141.00066190696873,-94.84175804367591,-109.00066190696873,True,False,14.15890386329282,POINT (439924.9426195766 4482616.117864496)
1.0197482084764635,126.4797899212565,140.6386937845493,-94.4797899212565,-108.6386937845493,True,False,14.158903863292807,POINT (439899.53774601925 4482640.192589823)
1.0650725631313256,127.15485032725155,141.3137541905444,-95.15485032725155,-109.31375419054439,True,False,14.158903863292835,POINT (439947.00329466653 4482589.003782486)
1.0994708305586116,127.6482718998915,141.80717576318432,-95.6482718998915,-109.80717576318432,True,False,14.15890386329282,POINT (439981.48176464945 4482582.984222067)
1.133917592122189,128.1271554035762,142.28605926686905,-96.12715540357621,-110.28605926686905,True,False,14.158903863292835,POINT (440015.97115066 4482577.136820897)
1.168402170571375,128.59220905443718,142.75111291773,-96.59220905443718,-110.75111291773001,True,False,14.158903863292835,POINT (440050.4258226623 4482581.904789735)
1.0650725631313256,127.15485032725155,141.3137541905444,-95.15485032725155,-109.31375419054439,True,False,14.158903863292835,POINT (439947.00329466653 4482589.003782486)
1.0301566049054902,126.63742946150668,140.7963333247995,-94.63742946150668,-108.79633332479949,True,False,14.158903863292807,POINT (439912.12077819626 4482586.502480263)
0.9953109069048995,126.10326125437736,140.26216511767018,-94.10326125437736,-108.26216511767018,True,False,14.15890386329282,POINT (439877.3183185241 4482582.789910447)
0.9604973467599214,125.55057414562472,139.70947800891753,-93.55057414562472,-107.70947800891753,True,False,14.158903863292807,POINT (439842.53824636334 4482578.872439261)
1.2272706363379096,129.35526072414058,143.51416458743338,-97.35526072414058,-111.51416458743338,True,False,14.158903863292807,POINT (440104.5523567395 4482463.8661146695)
1.2557812493204914,129.71175383723426,143.8706577005271,-97.71175383723426,-111.87065770052709,True,False,14.158903863292835,POINT (440131.0130695616 4482441.289398458)
1.2830050301621145,130.04468177575583,144.20358563904864,-98.04468177575583,-112.20358563904864,True,False,14.158903863292807,POINT (440155.5809417756 4482416.361121594)
1.3108378743217852,130.37783336166694,144.53673722495978,-98.37783336166694,-112.53673722495978,True,False,14.158903863292835,POINT (440180.43171042943 4482391.726037027)
1.2272706363379096,129.35526072414058,143.51416458743338,-97.35526072414058,-111.51416458743338,True,False,14.158903863292807,POINT (440104.5523567395 4482463.8661146695)
1.2000332576730612,129.00686671149867,143.1657705747915,-97.00686671149867,-111.16577057479151,True,False,14.158903863292835,POINT (440077.9587803452 4482472.526897461)
1.2272706363379096,129.35526072414058,143.51416458743338,-97.35526072414058,-111.51416458743338,True,False,14.158903863292807,POINT (440104.5523567395 4482463.8661146695)
1.2169738386858016,129.22447166887065,143.38337553216348,-97.22447166887065,-111.38337553216348,True,False,14.158903863292835,POINT (440096.7507117367 4482497.524931286)
1.2043633530104967,129.06277846572854,143.22168232902138,-97.06277846572854,-111.22168232902138,True,False,14.158903863292835,POINT (440085.71725425567 4482530.74033157)
1.1986221908867323,128.98860291546606,143.14750677875887,-96.98860291546606,-111.14750677875887,True,False,14.158903863292807,POINT (440080.6666799091 4482565.152383572)
1.3280523325170441,130.5803634233426,144.7392672866354,-98.58036342334259,-112.7392672866354,True,False,14.158903863292807,POINT (440195.649440601 4482376.617268924)
1.361693487173281,130.96868685502173,145.12759071831456,-98.96868685502173,-113.12759071831456,True,False,14.158903863292835,POINT (440227.50847976084 4482362.373456342)
1.3280523325170441,130.5803634233426,144.7392672866354,-98.58036342334259,-112.7392672866354,True,False,14.158903863292807,POINT (440195.649440601 4482376.617268924)
1.2999116840982194,130.2479009865885,144.4068048498813,-98.24790098658849,-112.4068048498813,True,False,14.158903863292807,POINT (440170.6774769222 4482401.092847544)
1.2724424098646714,129.91635464439625,144.07525850768909,-97.91635464439625,-112.07525850768909,True,False,14.158903863292835,POINT (440146.09025670425 4482425.9986148495)
1.245352479568717,129.58230147475487,143.7412053380477,-97.58230147475487,-111.7412053380477,True,False,14.158903863292835,POINT (440121.50526188366 4482450.909999922)
1.3280523325170441,130.5803634233426,144.7392672866354,-98.58036342334259,-112.7392672866354,True,False,14.158903863292807,POINT (440195.649440601 4482376.617268924)
1.297032502034304,130.21348042214066,144.3723842854335,-98.21348042214066,-112.3723842854335,True,False,14.158903863292835,POINT (440162.57285801624 4482365.733134104)
1.2000332576730612,129.00686671149867,143.1657705747915,-97.00686671149867,-111.16577057479151,True,False,14.158903863292835,POINT (440077.9587803452 4482472.526897461)
1.2272706363379096,129.35526072414058,143.51416458743338,-97.35526072414058,-111.51416458743338,True,False,14.158903863292807,POINT (440104.5523567395 4482463.8661146695)
1.2000332576730612,129.00686671149867,143.1657705747915,-97.00686671149867,-111.16577057479151,True,False,14.158903863292835,POINT (440077.9587803452 4482472.526897461)
1.1655002016400968,128.5536060066476,142.71250986994045,-96.55360600664761,-110.71250986994045,True,False,14.158903863292835,POINT (440043.99735549407 4482480.989853333)
1.1330956379928496,128.11589886553054,142.27480272882337,-96.11589886553054,-110.27480272882337,True,False,14.158903863292835,POINT (440012.5893924133 4482495.825300927)
1.1093857738194584,127.78763151063312,141.94653537392594,-95.78763151063312,-109.94653537392594,True,False,14.15890386329282,POINT (439990.3473269377 4482522.650712873)
1.0893280333805504,127.50440320871255,141.66330707200535,-95.50440320871255,-109.66330707200535,True,False,14.158903863292807,POINT (439971.20618159237 4482551.952872433)
1.0700394074352926,127.22707273650146,141.38597659979428,-95.22707273650146,-109.38597659979428,True,False,14.15890386329282,POINT (439952.065036247 4482581.255031992)
1.2000332576730612,129.00686671149867,143.1657705747915,-97.00686671149867,-111.16577057479151,True,False,14.158903863292835,POINT (440077.9587803452 4482472.526897461)
1.1733178997657099,128.6573816334158,142.81628549670864,-96.65738163341581,-110.81628549670864,True,False,14.158903863292835,POINT (440049.7055337011 4482456.830566832)
1.1391179763470725,128.19818531218425,142.35708917547709,-96.19818531218425,-110.35708917547709,True,False,14.158903863292835,POINT (440014.92726914864 4482452.8970805)
1.104968159796198,127.7256941629772,141.88459802627003,-95.7256941629772,-109.88459802627003,True,False,14.15890386329282,POINT (439980.1490045962 4482448.963594168)
1.072490155914432,127.26258541303214,141.42148927632496,-95.26258541303214,-109.42148927632496,True,False,14.15890386329282,POINT (439946.38324291306 4482439.971114383)
1.040426616434053,126.79141966739384,140.95032353068666,-94.79141966739384,-108.95032353068666,True,False,14.15890386329282,POINT (439912.7699598868 4482430.216771546)
1.1960461516445924,128.95520506108733,143.11410892438013,-96.95520506108733,-111.11410892438013,True,False,14.158903863292807,POINT (440077.9710907201 4482590.395245544)
1.1717686524014257,128.63687127496306,142.79577513825586,-96.63687127496306,-110.79577513825586,True,False,14.158903863292807,POINT (440053.0825831661 4482614.050742814)
1.1444817647976104,128.27110818205415,142.43001204534698,-96.27110818205415,-110.43001204534698,True,False,14.158903863292835,POINT (440024.8330397619 4482634.713833035)
1.1176248230770478,127.90249132094382,142.06139518423663,-95.90249132094382,-110.06139518423663,True,False,14.158903863292807,POINT (439996.58349635784 4482655.376923256)
1.091881739408879,127.54075158060493,141.69965544389774,-95.54075158060493,-109.69965544389774,True,False,14.158903863292807,POINT (439968.92417450337 4482676.716764631)
1.0715002232242998,127.24825052971497,141.40715439300777,-95.24825052971497,-109.40715439300777,True,False,14.158903863292807,POINT (439945.57342732634 4482702.733001523)
1.1960461516445924,128.95520506108733,143.11410892438013,-96.95520506108733,-111.11410892438013,True,False,14.158903863292807,POINT (440077.9710907201 4482590.395245544)
1.1624818765058311,128.513353036749,142.67225690004182,-96.51335303674901,-110.67225690004182,True,False,14.158903863292807,POINT (440044.5180966924 4482580.247968157)
1.1278667858858944,128.0440987595013,142.20300262279414,-96.04409875950131,-110.20300262279414,True,False,14.158903863292835,POINT (440009.91600442026 4482578.01991755)
1.0934378995460412,127.56285964334845,141.72176350664128,-95.56285964334845,-109.72176350664128,True,False,14.158903863292835,POINT (439975.43753443734 4482584.039477969)
1.3817151877042668,131.19527097114664,145.35417483443948,-99.19527097114664,-113.35417483443948,True,False,14.158903863292835,POINT (440246.42931919056 4482353.83209415)
1.3478071395096292,130.80957084554794,144.96847470884077,-98.80957084554794,-112.96847470884077,True,False,14.158903863292835,POINT (440214.2548921621 4482367.530858525)
1.3817151877042668,131.19527097114664,145.35417483443948,-99.19527097114664,-113.35417483443948,True,False,14.158903863292835,POINT (440246.42931919056 4482353.83209415)
1.39098219177342,131.29903570976145,145.45793957305426,-99.29903570976145,-113.45793957305426,True,False,14.158903863292807,POINT (440254.47414340865 4482345.564317913)
1.2872795580737002,130.09631373949335,144.2552176027862,-98.09631373949335,-112.25521760278619,True,False,14.158903863292835,POINT (440152.2844012255 4482363.232512884)
1.319275812889419,130.47743686759813,144.63634073089094,-98.47743686759813,-112.63634073089094,True,False,14.158903863292807,POINT (440186.10058781796 4482372.1641606605)
1.2872795580737002,130.09631373949335,144.2552176027862,-98.09631373949335,-112.25521760278619,True,False,14.158903863292835,POINT (440152.2844012255 4482363.232512884)
1.2547623204272569,129.6991533471756,143.85805721046842,-97.69915334717561,-111.85805721046842,True,False,14.158903863292807,POINT (440118.0597253268 4482355.906425277)
1.2223710443046398,129.29316392227364,143.45206778556644,-97.29316392227364,-111.45206778556644,True,False,14.158903863292807,POINT (440083.8290264124 4482348.609092547)
1.190950774142667,128.88893208667682,143.04783594996962,-96.88893208667682,-111.04783594996962,True,False,14.158903863292807,POINT (440050.08055446384 4482339.511934804)
1.1612257988286654,128.49657093519522,142.65547479848806,-96.49657093519522,-110.65547479848806,True,False,14.158903863292835,POINT (440017.24000877276 4482327.525696548)
1.1328414362929191,128.11241595831805,142.27131982161086,-96.11241595831805,-110.27131982161086,True,False,14.158903863292807,POINT (439985.0559914529 4482313.7710962575)
1.3916204436838404,131.306156894238,145.4650607575308,-99.306156894238,-113.46506075753081,True,False,14.158903863292807,POINT (440256.5892881865 4482354.650079814)
1.3855440408750446,131.23822762482965,145.39713148812245,-99.23822762482965,-113.39713148812245,True,False,14.158903863292807,POINT (440253.8284002879 4482377.184573924)
1.3916204436838404,131.306156894238,145.4650607575308,-99.306156894238,-113.46506075753081,True,False,14.158903863292807,POINT (440256.5892881865 4482354.650079814)
1.4019274857164077,131.42070586420778,145.57960972750058,-99.42070586420778,-113.57960972750058,True,False,14.158903863292807,POINT (440271.6152040872 4482386.2353488365)
1.4231606607944234,131.6540529670547,145.81295683034753,-99.6540529670547,-113.81295683034753,True,False,14.158903863292835,POINT (440295.7961382383 4482408.558537775)
1.4512393958859735,131.95734111497833,146.11624497827117,-99.95734111497833,-114.11624497827117,True,False,14.158903863292835,POINT (440321.7922172855 4482389.682518682)
1.4718695266515964,132.1764578210242,146.33536168431704,-100.1764578210242,-114.33536168431704,True,False,14.158903863292835,POINT (440338.40643740975 4482358.878054678)
1.4928094263504232,132.3957461138583,146.55464997715112,-100.39574611385831,-114.55464997715112,True,False,14.158903863292807,POINT (440354.7694941594 4482327.938591628)
1.5246099450316588,132.72295561582214,146.88185947911498,-100.72295561582214,-114.88185947911498,True,False,14.158903863292835,POINT (440385.0438101354 4482316.203101894)
0.5003540274233044,115.42734604996501,129.58624991325783,-83.42734604996501,-97.58624991325783,True,True,14.15890386329282,POINT (439292.7962357416 4482286.360584915)
0.48382375909404407,114.90584103820028,129.0647449014931,-82.90584103820028,-97.0647449014931,True,True,14.15890386329282,POINT (439295.76194073504 4482321.233301698)
0.4694966441459918,114.43922049528838,128.5981243585812,-82.43922049528838,-96.5981243585812,True,True,14.15890386329282,POINT (439298.91263053514 4482356.091201144)
0.5003540274233044,115.42734604996501,129.58624991325783,-83.42734604996501,-97.58624991325783,True,True,14.15890386329282,POINT (439292.7962357416 4482286.360584915)
0.5276430642406207,116.25169229309383,130.41059615638665,-84.25169229309383,-98.41059615638665,True,True,14.15890386329282,POINT (439327.56883412064 4482289.3870791085)
0.5545969869553468,117.0250839717063,131.18398783499913,-85.0250839717063,-99.18398783499913,True,True,14.158903863292835,POINT (439362.1903864835 4482294.520120311)
0.5824074455556522,117.78461220157328,131.94351606486612,-85.78461220157328,-99.94351606486612,True,True,14.158903863292835,POINT (439396.81193884637 4482299.653161513)
0.4668385514872073,114.35108492237357,128.5099887856664,-82.35108492237357,-96.5099887856664,True,True,14.15890386329282,POINT (439299.55628103734 4482363.212278086)
0.45894559231453425,114.08638614298087,128.2452900062737,-82.08638614298087,-96.2452900062737,True,True,14.158903863292835,POINT (439292.93899331696 4482367.628624262)
0.4668385514872073,114.35108492237357,128.5099887856664,-82.35108492237357,-96.5099887856664,True,True,14.15890386329282,POINT (439299.55628103734 4482363.212278086)
0.4564224121531976,114.00080759161438,128.1597114549072,-82.00080759161438,-96.15971145490721,True,True,14.158903863292835,POINT (439303.9463839136 4482397.935854944)
0.4480807616228019,113.71447847936153,127.87338234265435,-81.71447847936153,-95.87338234265435,True,True,14.15890386329282,POINT (439307.9088854503 4482432.709164424)
0.5884145181830119,117.94390169465004,132.10280555794284,-85.94390169465004,-100.10280555794284,True,True,14.158903863292807,POINT (439404.1438958668 4482300.698912907)
0.586688624049234,117.89830327671088,132.0572071400037,-85.89830327671088,-100.0572071400037,True,True,14.15890386329282,POINT (439403.71847517986 4482303.632979199)
0.5884145181830119,117.94390169465004,132.10280555794284,-85.94390169465004,-100.10280555794284,True,True,14.158903863292807,POINT (439404.1438958668 4482300.698912907)
0.6179290395627787,118.70363770261339,132.8625415659062,-86.70363770261339,-100.86254156590621,True,True,14.15890386329282,POINT (439438.93440244085 4482304.282696425)
0.6979993190585275,120.59505444339322,134.75395830668606,-88.59505444339322,-102.75395830668606,True,True,14.158903863292835,POINT (439521.0294793093 4482853.051378714)
0.7013818246057457,120.67009821331217,134.82900207660498,-88.67009821331217,-102.82900207660498,True,True,14.158903863292807,POINT (439524.0421036583 4482854.603328533)
0.7013818246057457,120.67009821331217,134.82900207660498,-88.67009821331217,-102.82900207660498,True,True,14.158903863292807,POINT (439524.0421036583 4482854.603328533)
0.6979993190585275,120.59505444339322,134.75395830668606,-88.59505444339322,-102.75395830668606,True,True,14.158903863292835,POINT (439521.0294793093 4482853.051378714)
0.7013818246057457,120.67009821331217,134.82900207660498,-88.67009821331217,-102.82900207660498,True,True,14.158903863292807,POINT (439524.0421036583 4482854.603328533)
0.7195290916628744,121.06663117328223,135.22553503657505,-89.06663117328223,-103.22553503657505,True,True,14.15890386329282,POINT (439544.994797508 4482851.836282175)
0.7013818246057457,120.67009821331217,134.82900207660498,-88.67009821331217,-102.82900207660498,True,True,14.158903863292807,POINT (439524.0421036583 4482854.603328533)
0.7087952356487355,120.83331308707554,134.99221695036834,-88.83331308707554,-102.99221695036834,True,True,14.158903863292807,POINT (439527.0248264766 4482866.07966853)
0.7035313142465554,120.71759864086874,134.87650250416155,-88.71759864086874,-102.87650250416155,True,True,14.158903863292807,POINT (439518.43764874677 4482872.088076815)
0.6960918325086932,120.55257470024019,134.711478563533,-88.55257470024019,-102.711478563533,True,True,14.15890386329282,POINT (439503.33016520645 4482886.075249222)
0.7035313142465554,120.71759864086874,134.87650250416155,-88.71759864086874,-102.87650250416155,True,True,14.158903863292807,POINT (439518.43764874677 4482872.088076815)
0.6927984678585672,120.47895670506584,134.63786056835866,-88.47895670506584,-102.63786056835866,True,True,14.15890386329282,POINT (439509.2307862903 4482866.445630733)
0.6894851159450892,120.40453792540406,134.56344178869688,-88.40453792540406,-102.56344178869688,True,True,14.15890386329282,POINT (439509.95914113254 4482856.959623723)
0.6815931704723123,120.22583242626993,134.38473628956274,-88.22583242626993,-102.38473628956274,True,True,14.158903863292807,POINT (439512.0975853376 4482832.165257109)
0.6894851159450892,120.40453792540406,134.56344178869688,-88.40453792540406,-102.56344178869688,True,True,14.15890386329282,POINT (439509.95914113254 4482856.959623723)
0.6979993190585275,120.59505444339322,134.75395830668606,-88.59505444339322,-102.75395830668606,True,True,14.158903863292835,POINT (439521.0294793093 4482853.051378714)
0.7087952356487355,120.83331308707554,134.99221695036834,-88.83331308707554,-102.99221695036834,True,True,14.158903863292807,POINT (439527.0248264766 4482866.07966853)
0.7035313142465554,120.71759864086874,134.87650250416155,-88.71759864086874,-102.87650250416155,True,True,14.158903863292807,POINT (439518.43764874677 4482872.088076815)
1.091715929434352,127.5383940934833,141.6972979567761,-95.5383940934833,-109.69729795677611,True,False,14.158903863292807,POINT (439787.3231327138 4483182.317354254)
1.1074838725968104,127.7609961117703,141.91989997506312,-95.7609961117703,-109.91989997506312,True,False,14.15890386329282,POINT (439817.5368842023 4483164.9121865975)
1.1283802486906394,128.05116410892822,142.21006797222103,-96.05116410892822,-110.21006797222103,True,False,14.158903863292807,POINT (439850.0559141951 4483151.969517308)
1.1499274224305298,128.34479530054864,142.50369916384145,-96.34479530054864,-110.50369916384145,True,False,14.158903863292807,POINT (439882.5580692857 4483138.985747241)
1.1716185899151856,128.63488316970242,142.79378703299525,-96.63488316970242,-110.79378703299525,True,False,14.158903863292835,POINT (439914.8119608742 4483125.395806939)
1.1928201562294172,128.91327905798846,143.0721829212813,-96.91327905798846,-111.0721829212813,True,False,14.158903863292835,POINT (439946.44306165207 4483110.552702124)
1.2108562747977853,129.14624182988533,143.30514569317813,-97.14624182988533,-111.30514569317813,True,False,14.158903863292807,POINT (439975.8412425159 4483091.559362189)
1.2294742728176193,129.38310855050867,143.54201241380147,-97.38310855050867,-111.54201241380147,True,False,14.158903863292807,POINT (440005.1322986246 4483072.437826633)
1.2414538891983455,129.5336296881647,143.6925335514575,-97.5336296881647,-111.6925335514575,True,False,14.158903863292807,POINT (440029.11994643 4483046.950717092)
1.2542960298477739,129.69338359469327,143.8522874579861,-97.69338359469327,-111.85228745798611,True,False,14.158903863292835,POINT (440053.10759423533 4483021.463607551)
1.091715929434352,127.5383940934833,141.6972979567761,-95.5383940934833,-109.69729795677611,True,False,14.158903863292807,POINT (439787.3231327138 4483182.317354254)
1.0916822193499836,127.5379147595231,141.69681862281593,-95.5379147595231,-109.69681862281593,True,False,14.15890386329282,POINT (439770.8868573258 4483205.961323484)
1.087533051574008,127.47880316355878,141.63770702685161,-95.47880316355878,-109.63770702685161,True,False,14.158903863292835,POINT (439768.91093760176 4483201.581312321)
1.0916822193499836,127.5379147595231,141.69681862281593,-95.5379147595231,-109.69681862281593,True,False,14.15890386329282,POINT (439770.8868573258 4483205.961323484)
1.087533051574008,127.47880316355878,141.63770702685161,-95.47880316355878,-109.63770702685161,True,False,14.158903863292835,POINT (439768.91093760176 4483201.581312321)
1.0915245478307871,127.53567258361596,141.69457644690877,-95.53567258361596,-109.69457644690877,True,False,14.158903863292807,POINT (439767.8594680558 4483209.915410144)
1.0916822193499836,127.5379147595231,141.69681862281593,-95.5379147595231,-109.69681862281593,True,False,14.15890386329282,POINT (439770.8868573258 4483205.961323484)
1.125201496325961,128.00737209019888,142.16627595349172,-96.00737209019888,-110.16627595349172,True,False,14.158903863292835,POINT (439793.4817703677 4483231.958227729)
1.0916822193499836,127.5379147595231,141.69681862281593,-95.5379147595231,-109.69681862281593,True,False,14.15890386329282,POINT (439770.8868573258 4483205.961323484)
1.0915245478307871,127.53567258361596,141.69457644690877,-95.53567258361596,-109.69457644690877,True,False,14.158903863292807,POINT (439767.8594680558 4483209.915410144)
1.0915245478307871,127.53567258361596,141.69457644690877,-95.53567258361596,-109.69457644690877,True,False,14.158903863292807,POINT (439767.8594680558 4483209.915410144)
1.0881259144014725,127.48726324820628,141.6461671114991,-95.48726324820628,-109.6461671114991,True,False,14.15890386329282,POINT (439760.3456135765 4483214.482892271)
1.0762851021314712,127.31741643994604,141.47632030323885,-95.31741643994604,-109.47632030323885,True,False,14.158903863292807,POINT (439759.54730992333 4483195.340384393)
1.087533051574008,127.47880316355878,141.63770702685161,-95.47880316355878,-109.63770702685161,True,False,14.158903863292835,POINT (439768.91093760176 4483201.581312321)
1.0762851021314712,127.31741643994604,141.47632030323885,-95.31741643994604,-109.47632030323885,True,False,14.158903863292807,POINT (439759.54730992333 4483195.340384393)
1.091715929434352,127.5383940934833,141.6972979567761,-95.5383940934833,-109.69729795677611,True,False,14.158903863292807,POINT (439787.3231327138 4483182.317354254)
1.3043931379768159,130.301325286818,144.46022915011082,-98.30132528681801,-112.46022915011082,True,False,14.158903863292807,POINT (440144.0129115444 4482902.154444114)
1.29158886875738,130.14819258737026,144.30709645066307,-98.14819258737026,-112.30709645066307,True,False,14.158903863292807,POINT (440123.03106025525 4482930.168046461)
1.3043931379768159,130.301325286818,144.46022915011082,-98.30132528681801,-112.46022915011082,True,False,14.158903863292807,POINT (440144.0129115444 4482902.154444114)
1.3171430592197986,130.4523216076013,144.61122547089414,-98.4523216076013,-112.61122547089414,True,False,14.158903863292835,POINT (440164.2407092719 4482873.592308502)
1.3291329556343212,130.59298936377954,144.75189322707237,-98.59298936377954,-112.75189322707237,True,False,14.158903863292835,POINT (440183.07275309454 4482844.090543716)
1.3409649495445577,130.73056606494038,144.88946992823318,-98.73056606494038,-112.88946992823318,True,False,14.158903863292807,POINT (440201.0244828341 4482814.04580935)
1.3043931379768159,130.301325286818,144.46022915011082,-98.30132528681801,-112.46022915011082,True,False,14.158903863292807,POINT (440144.0129115444 4482902.154444114)
1.2699098910489737,129.88542831408503,144.04433217737787,-97.88542831408503,-112.04433217737787,True,False,14.158903863292835,POINT (440112.1205953964 4482887.759710508)
1.2353486763910644,129.45710147118626,143.6160053344791,-97.45710147118626,-111.6160053344791,True,False,14.158903863292835,POINT (440079.98678592936 4482873.888218551)
1.2008128801514406,129.0169483550116,143.1758522183044,-97.0169483550116,-111.17585221830441,True,False,14.158903863292807,POINT (440047.8529764623 4482860.016726593)
1.166304760349793,128.56431816128222,142.72322202457505,-96.56431816128222,-110.72322202457505,True,False,14.158903863292835,POINT (440015.7191669952 4482846.145234635)
1.1319465711832128,128.10014887432314,142.25905273761597,-96.10014887432314,-110.25905273761597,True,False,14.158903863292835,POINT (439983.8482526796 4482831.680718692)
1.348896827467186,130.82211612091862,144.98101998421146,-98.82211612091862,-112.98101998421146,True,False,14.158903863292835,POINT (440211.4809226815 4482800.530572849)
1.3755617303018535,131.12598411883783,145.28488798213064,-99.12598411883783,-113.28488798213064,True,False,14.158903863292807,POINT (440241.4440098728 4482782.48751957)
1.404300988060787,131.44696485550094,145.60586871879377,-99.44696485550094,-113.60586871879377,True,False,14.158903863292835,POINT (440272.78864379367 4482766.914660989)
1.4359443659231836,131.79286938296053,145.95177324625334,-99.79286938296053,-113.95177324625334,True,False,14.158903863292807,POINT (440306.0981966385 4482756.67831806)
1.4690371595349256,132.14655723289584,146.30546109618868,-100.14655723289584,-114.30546109618868,True,False,14.158903863292835,POINT (440340.35317238566 4482749.49523818)
1.5022164059023009,132.49325907688555,146.65216294017836,-100.49325907688555,-114.65216294017836,True,False,14.158903863292807,POINT (440374.6081481328 4482742.3121583)
1.5354765007091227,132.83320377261933,146.99210763591216,-100.83320377261933,-114.99210763591216,True,False,14.158903863292835,POINT (440408.86312387994 4482735.12907842)
1.5688123018059972,133.16661235135635,147.32551621464916,-101.16661235135635,-115.32551621464916,True,False,14.158903863292807,POINT (440443.1180996271 4482727.94599854)
1.348896827467186,130.82211612091862,144.98101998421146,-98.82211612091862,-112.98101998421146,True,False,14.158903863292835,POINT (440211.4809226815 4482800.530572849)
1.334867797768023,130.65982361586796,144.8187274791608,-98.65982361586796,-112.8187274791608,True,False,14.158903863292835,POINT (440191.9140453772 4482829.340701045)
1.3229322055709078,130.52040014460266,144.6793040078955,-98.52040014460266,-112.6793040078955,True,False,14.158903863292835,POINT (440173.49389633926 4482859.096518722)
1.3105677011533448,130.3746335877327,144.53353745102552,-98.37463358773269,-112.53353745102552,True,False,14.158903863292835,POINT (440153.9617441569 4482888.126966725)
1.1031554594251318,127.70020743782558,141.8591113011184,-95.70020743782558,-109.85911130111839,True,False,14.158903863292807,POINT (439957.3715250541 4482818.418886218)
1.0972366346824138,127.61669565604404,141.77559951933688,-95.61669565604404,-109.77559951933688,True,False,14.158903863292835,POINT (439950.37774792005 4482822.382543876)
1.1031554594251318,127.70020743782558,141.8591113011184,-95.70020743782558,-109.85911130111839,True,False,14.158903863292807,POINT (439957.3715250541 4482818.418886218)
1.1370226650010526,128.16960539989898,142.32850926319182,-96.16960539989898,-110.32850926319182,True,False,14.158903863292835,POINT (439988.55795345467 4482833.823857764)
1.1714045937849933,128.6320475980061,142.79095146129893,-96.6320475980061,-110.79095146129893,True,False,14.158903863292835,POINT (440020.46982150065 4482848.195992602)
1.2059169576974733,129.08279018156696,143.24169404485977,-97.08279018156696,-111.24169404485977,True,False,14.158903863292807,POINT (440052.60363096773 4482862.0674845595)
1.2404566479261006,129.5211551222501,143.6800589855429,-97.5211551222501,-111.6800589855429,True,False,14.158903863292807,POINT (440084.7374404348 4482875.938976517)
1.2750214437045215,129.94778580777518,144.106689671068,-97.94778580777518,-112.10668967106801,True,False,14.158903863292835,POINT (440116.8712499019 4482889.810468475)
1.1031554594251318,127.70020743782558,141.8591113011184,-95.70020743782558,-109.85911130111839,True,False,14.158903863292807,POINT (439957.3715250541 4482818.418886218)
1.1230738736332886,127.97799176908248,142.1368956323753,-95.97799176908248,-110.13689563237531,True,False,14.158903863292835,POINT (439982.8993372667 4482794.503364836)
1.1415721997436417,128.2315939882307,142.39049785152352,-96.23159398823071,-110.39049785152352,True,False,14.158903863292807,POINT (440006.5739270016 4482768.748690632)
1.1600165994630043,128.4803980034757,142.6393018667685,-96.4803980034757,-110.6393018667685,True,False,14.158903863292807,POINT (440029.5254075938 4482742.32465728)
1.1790225120504265,128.73267177471308,142.89157563800592,-96.73267177471308,-110.89157563800592,True,False,14.158903863292835,POINT (440052.30438265495 4482715.7542393245)
1.1963642115310986,128.95933253678433,143.11823640007717,-96.95933253678433,-111.11823640007717,True,False,14.158903863292835,POINT (440072.85794127523 4482687.432069797)
1.2200128477079197,129.2631876576656,143.42209152095842,-97.26318765766561,-111.42209152095842,True,False,14.158903863292807,POINT (440098.6136986372 4482663.980532146)
1.5947557745807335,133.42122030071255,147.58012416400538,-101.42122030071255,-115.58012416400538,True,False,14.158903863292835,POINT (440469.9798469818 4482719.663289039)
1.6026388145610044,133.497764039398,147.6566679026908,-101.49776403939799,-115.6566679026908,True,False,14.158903863292807,POINT (440478.6195709579 4482711.624126816)
1.5947557745807335,133.42122030071255,147.58012416400538,-101.42122030071255,-115.58012416400538,True,False,14.158903863292835,POINT (440469.9798469818 4482719.663289039)
1.5624745114911536,133.10377369241854,147.26267755571135,-101.10377369241854,-115.26267755571135,True,False,14.158903863292807,POINT (440436.61131025315 4482729.310436459)
1.5291527152475528,132.76914020737314,146.92804407066595,-100.76914020737314,-114.92804407066595,True,False,14.158903863292807,POINT (440402.35633450595 4482736.493516339)
1.4959075686816015,132.42792922504674,146.58683308833957,-100.42792922504674,-114.58683308833957,True,False,14.158903863292835,POINT (440368.1013587588 4482743.67659622)
1.4627442980673426,132.07991822206145,146.23882208535426,-100.07991822206145,-114.23882208535426,True,False,14.158903863292807,POINT (440333.84638301167 4482750.859676099)
1.4296686011164046,131.7248768661092,145.88378072940205,-99.72487686610921,-113.88378072940205,True,False,14.158903863292835,POINT (440299.5914072645 4482758.042755979)
1.3988199706217526,131.38625891438468,145.5451627776775,-99.38625891438468,-113.54516277767749,True,False,14.158903863292807,POINT (440266.8346786695 4482769.872751268)
1.3702435314970849,131.06585197664302,145.22475583993582,-99.06585197664302,-113.22475583993582,True,False,14.158903863292807,POINT (440235.57487920806 4482785.6006944375)
1.5947557745807335,133.42122030071255,147.58012416400538,-101.42122030071255,-115.58012416400538,True,False,14.158903863292835,POINT (440469.9798469818 4482719.663289039)
1.5965834390703912,133.43900042736482,147.59790429065762,-101.43900042736482,-115.59790429065762,True,False,14.158903863292807,POINT (440468.20552074484 4482754.41909427)
1.6026388145610044,133.497764039398,147.6566679026908,-101.49776403939799,-115.6566679026908,True,False,14.158903863292807,POINT (440478.6195709579 4482711.624126816)
1.6242424519239291,133.70561961521068,147.8645234785035,-101.70561961521068,-115.86452347850349,True,False,14.158903863292807,POINT (440502.31867165386 4482685.868493914)
1.6463067500699957,133.91507296802763,148.07397683132044,-101.91507296802763,-116.07397683132044,True,False,14.158903863292807,POINT (440526.01777234976 4482660.112861011)
1.6684311683262398,134.12229713889678,148.28120100218962,-102.12229713889678,-116.28120100218962,True,False,14.158903863292835,POINT (440549.34681287286 4482634.0221796725)
1.6026388145610044,133.497764039398,147.6566679026908,-101.49776403939799,-115.6566679026908,True,False,14.158903863292807,POINT (440478.6195709579 4482711.624126816)
1.5947557745807335,133.42122030071255,147.58012416400538,-101.42122030071255,-115.58012416400538,True,False,14.158903863292835,POINT (440469.9798469818 4482719.663289039)
1.6026388145610044,133.497764039398,147.6566679026908,-101.49776403939799,-115.6566679026908,True,False,14.158903863292807,POINT (440478.6195709579 4482711.624126816)
1.5707243871374674,133.1855206763563,147.34442453964914,-101.1855206763563,-115.34442453964914,True,False,14.158903863292835,POINT (440448.0003438516 4482694.670503204)
1.5383653697801325,132.8623819232913,147.02128578658414,-100.86238192329131,-115.02128578658414,True,False,14.158903863292835,POINT (440416.70383513864 4482679.119802445)
1.5087254190381911,132.56037487477877,146.71927873807158,-100.56037487477877,-114.71927873807158,True,False,14.158903863292807,POINT (440388.2289124726 4482659.985189384)
1.5945185075060702,133.41891059364477,147.57781445693757,-101.41891059364477,-115.57781445693757,True,False,14.158903863292807,POINT (440463.83895201166 4482773.306882163)
1.621565981747765,133.68001896946336,147.8389228327562,-101.68001896946336,-115.8389228327562,True,False,14.158903863292835,POINT (440487.7088018002 4482798.790483209)
1.6518174521874387,133.96694719416894,148.12585105746177,-101.96694719416894,-116.12585105746177,True,False,14.158903863292835,POINT (440515.10192139266 4482820.487125029)
1.6859030073130732,134.28401110069447,148.44291496398728,-102.28401110069447,-116.44291496398728,True,False,14.158903863292807,POINT (440547.63459090766 4482833.159422288)
1.7205631892364397,134.59991358372608,148.75881744701888,-102.59991358372608,-116.75881744701888,True,False,14.158903863292807,POINT (440581.1087480039 4482843.381007619)
1.7552368575905026,134.90963462501009,149.0685384883029,-102.90963462501009,-117.06853848830289,True,False,14.158903863292807,POINT (440614.58290510013 4482853.602592952)
1.5945185075060702,133.41891059364477,147.57781445693757,-101.41891059364477,-115.57781445693757,True,False,14.158903863292807,POINT (440463.83895201166 4482773.306882163)
1.5971066670225904,133.4440868151267,147.60299067841953,-101.4440868151267,-115.60299067841953,True,False,14.158903863292835,POINT (440470.43062163534 4482738.975156988)
1.8388975411785846,135.6324324684353,149.79133633172813,-103.6324324684353,-117.79133633172813,True,False,14.158903863292835,POINT (440720.9540688732 4482566.631818812)
1.8646750301894588,135.84852415643718,150.00742801973,-103.84852415643718,-118.00742801973001,True,False,14.158903863292835,POINT (440746.66347820894 4482588.974124986)
1.8756517050030201,135.93963578325207,150.0985396465449,-103.93963578325207,-118.0985396465449,True,False,14.158903863292835,POINT (440757.05351930467 4482621.973797544)
1.8737599147416863,135.92397111510456,150.0828749783974,-103.92397111510456,-118.0828749783974,True,False,14.158903863292835,POINT (440753.92919149227 4482656.370425276)
1.8625783762173094,135.83105993681377,149.98996380010658,-103.83105993681377,-117.98996380010658,True,False,14.158903863292807,POINT (440740.9806337459 4482688.858238277)
1.8455056652909005,135.68811549117885,149.84701935447166,-103.68811549117885,-117.84701935447166,True,False,14.158903863292807,POINT (440721.78700566024 4482718.101424732)
1.8287560094178785,135.54658496804964,149.70548883134248,-103.54658496804964,-117.70548883134248,True,False,14.158903863292835,POINT (440702.41484973824 4482747.251304414)
1.8113318946321377,135.3979731091721,149.55687697246492,-103.39797310917211,-117.55687697246492,True,False,14.158903863292807,POINT (440681.9281010318 4482775.618413323)
1.7940330678357463,135.24900886178355,149.40791272507636,-103.24900886178355,-117.40791272507636,True,False,14.158903863292807,POINT (440661.08292343427 4482803.733864074)
1.7777078030392444,135.107104869882,149.2660087331748,-103.107104869882,-117.2660087331748,True,False,14.158903863292807,POINT (440640.65132779884 4482832.146560662)
1.8388975411785846,135.6324324684353,149.79133633172813,-103.6324324684353,-117.79133633172813,True,False,14.158903863292835,POINT (440720.9540688732 4482566.631818812)
1.8142364801758732,135.42284561046196,149.5817494737548,-103.42284561046196,-117.5817494737548,True,False,14.158903863292835,POINT (440696.2873044128 4482565.017985322)
1.0972366346824138,127.61669565604404,141.77559951933688,-95.61669565604404,-109.77559951933688,True,False,14.158903863292835,POINT (439950.37774792005 4482822.382543876)
1.1031554594251318,127.70020743782558,141.8591113011184,-95.70020743782558,-109.85911130111839,True,False,14.158903863292807,POINT (439957.3715250541 4482818.418886218)
1.0972366346824138,127.61669565604404,141.77559951933688,-95.61669565604404,-109.77559951933688,True,False,14.158903863292835,POINT (439950.37774792005 4482822.382543876)
1.072644503937814,127.26481928259336,141.42372314588619,-95.26481928259336,-109.42372314588619,True,False,14.15890386329282,POINT (439920.5426007304 4482840.681833265)
1.0486925507955562,126.91426037303567,141.0731642363285,-94.91426037303567,-109.0731642363285,True,False,14.15890386329282,POINT (439890.741998335 4482859.037147957)
1.3946417723558395,131.33982257913928,145.4987264424321,-99.33982257913928,-113.49872644243209,True,False,14.158903863292807,POINT (440276.2200526346 4482535.281013152)
1.4087043843005098,131.49556402613484,145.65446788942768,-99.49556402613484,-113.65446788942768,True,False,14.158903863292835,POINT (440290.37668303866 4482538.86452248)
1.3946417723558395,131.33982257913928,145.4987264424321,-99.33982257913928,-113.49872644243209,True,False,14.158903863292807,POINT (440276.2200526346 4482535.281013152)
1.3863912828379814,131.24771695758434,145.40662082087715,-99.24771695758434,-113.40662082087715,True,False,14.158903863292807,POINT (440266.6713663603 4482501.790038151)
1.3818197684553235,131.19644586353937,145.3553497268322,-99.19644586353937,-113.3553497268322,True,False,14.158903863292835,POINT (440259.9149884969 4482467.448352721)
1.3792957104448922,131.16806496246073,145.32696882575354,-99.16806496246073,-113.32696882575354,True,False,14.158903863292807,POINT (440254.3174791235 4482432.903503323)
1.381230455704749,131.18982418089368,145.34872804418652,-99.18982418089368,-113.34872804418652,True,False,14.158903863292835,POINT (440252.28212794795 4482398.03780624)
1.3946417723558395,131.33982257913928,145.4987264424321,-99.33982257913928,-113.49872644243209,True,False,14.158903863292807,POINT (440276.2200526346 4482535.281013152)
1.4034587085502408,131.4376514693309,145.59655533262372,-99.43765146933089,-113.59655533262372,True,False,14.158903863292835,POINT (440285.327489156 4482548.662454994)
1.4087043843005098,131.49556402613484,145.65446788942768,-99.49556402613484,-113.65446788942768,True,False,14.158903863292835,POINT (440290.37668303866 4482538.86452248)
1.4430483159637952,131.86947692295232,146.02838078624512,-99.86947692295232,-114.02838078624512,True,False,14.158903863292807,POINT (440324.538854188 4482531.408765412)
1.4775985307575852,132.2367619820944,146.39566584538724,-100.23676198209441,-114.39566584538724,True,False,14.158903863292835,POINT (440358.9048500927 4482524.777149811)
1.5120136995588245,132.59417101545029,146.7530748787431,-100.59417101545029,-114.75307487874309,True,False,14.158903863292807,POINT (440393.0831352707 4482517.260223016)
1.5463941874164706,132.94318772685406,147.10209159014687,-100.94318772685406,-115.10209159014687,True,False,14.158903863292807,POINT (440427.18627030676 4482509.387840772)
1.5808262655637477,133.28503615377986,147.4439400170727,-101.28503615377986,-115.44394001707269,True,False,14.158903863292835,POINT (440461.3197487318 4482501.6479667025)
1.6117927790093138,133.5861773199002,147.74508118319304,-101.5861773199002,-115.74508118319304,True,False,14.158903863292835,POINT (440491.47994969547 4482484.598971205)
1.6400215235355744,133.85569548022337,148.0145993435162,-101.85569548022337,-116.01459934351621,True,False,14.158903863292835,POINT (440518.4012672532 4482462.233617522)
1.4087043843005098,131.49556402613484,145.65446788942768,-99.49556402613484,-113.65446788942768,True,False,14.158903863292835,POINT (440290.37668303866 4482538.86452248)
1.4034587085502408,131.4376514693309,145.59655533262372,-99.43765146933089,-113.59655533262372,True,False,14.158903863292835,POINT (440285.327489156 4482548.662454994)
1.3855440408750446,131.23822762482965,145.39713148812245,-99.23822762482965,-113.39713148812245,True,False,14.158903863292807,POINT (440253.8284002879 4482377.184573924)
1.3794909987087096,131.1702626670629,145.3291665303557,-99.1702626670629,-113.3291665303557,True,False,14.158903863292807,POINT (440252.2459613979 4482412.115832533)
1.3800960984820279,131.17707026956234,145.33597413285517,-99.17707026956234,-113.33597413285517,True,False,14.158903863292835,POINT (440256.46252745896 4482446.828778401)
1.383555415400601,131.21593168332396,145.3748355466168,-99.21593168332396,-113.3748355466168,True,False,14.158903863292835,POINT (440262.63482014637 4482481.272861181)
1.3884764205350724,131.27104637195583,145.42995023524867,-99.27104637195583,-113.42995023524867,True,False,14.158903863292835,POINT (440269.3911980097 4482515.61454661)
1.3855440408750446,131.23822762482965,145.39713148812245,-99.23822762482965,-113.39713148812245,True,False,14.158903863292807,POINT (440253.8284002879 4482377.184573924)
1.3817151877042668,131.19527097114664,145.35417483443948,-99.19527097114664,-113.35417483443948,True,False,14.158903863292835,POINT (440246.42931919056 4482353.83209415)
1.4034587085502408,131.4376514693309,145.59655533262372,-99.43765146933089,-113.59655533262372,True,False,14.158903863292835,POINT (440285.327489156 4482548.662454994)
1.3946417723558395,131.33982257913928,145.4987264424321,-99.33982257913928,-113.49872644243209,True,False,14.158903863292807,POINT (440276.2200526346 4482535.281013152)
1.4034587085502408,131.4376514693309,145.59655533262372,-99.43765146933089,-113.59655533262372,True,False,14.158903863292835,POINT (440285.327489156 4482548.662454994)
1.383316132096963,131.2132467426297,145.3721506059225,-99.2132467426297,-113.37215060592251,True,False,14.158903863292807,POINT (440265.3035684695 4482557.492127416)
1.4034587085502408,131.4376514693309,145.59655533262372,-99.43765146933089,-113.59655533262372,True,False,14.158903863292835,POINT (440285.327489156 4482548.662454994)
1.4300320282591348,131.72882242099016,145.88772628428296,-99.72882242099016,-113.88772628428296,True,False,14.158903863292807,POINT (440312.096378432 4482571.121643051)
1.457653385608036,132.02579727703713,146.18470114032993,-100.02579727703713,-114.18470114032993,True,False,14.158903863292807,POINT (440339.57119927136 4482592.804221768)
1.485248706518545,132.31692506588152,146.47582892917433,-100.31692506588152,-114.47582892917433,True,False,14.158903863292807,POINT (440366.696343327 4482614.920470701)
1.5017595657348808,132.488537586296,146.64744144958883,-100.48853758629599,-114.64744144958883,True,False,14.158903863292835,POINT (440382.0414087525 4482645.266733074)
1.383316132096963,131.2132467426297,145.3721506059225,-99.2132467426297,-113.37215060592251,True,False,14.158903863292807,POINT (440265.3035684695 4482557.492127416)
1.3624327893558372,130.9771125563661,145.13601641965892,-98.97711255636611,-113.13601641965892,True,False,14.158903863292807,POINT (440244.4972278349 4482571.279068634)
1.5021690297347232,132.49276950600776,146.65167336930057,-100.49276950600776,-114.65167336930057,True,False,14.158903863292807,POINT (440382.37821392866 4482646.751813038)
1.4721264448415812,132.17916719491257,146.3380710582054,-100.17916719491257,-114.3380710582054,True,False,14.158903863292835,POINT (440351.3827787504 4482662.999813371)
1.4401035321554234,131.83776684213169,145.99667070542452,-99.83776684213169,-113.99667070542452,True,False,14.158903863292835,POINT (440318.49491136783 4482674.904841552)
1.4080635958799477,131.4885012590397,145.64740512233254,-99.48850125903971,-113.64740512233254,True,False,14.158903863292835,POINT (440285.4742472801 4482686.500222172)
1.3762955472033824,131.13426302790228,145.29316689119509,-99.13426302790228,-113.29316689119509,True,False,14.158903863292807,POINT (440252.55500858644 4482698.388187676)
1.3602815487048145,130.95258251359294,145.11148637688575,-98.95258251359294,-113.11148637688575,True,False,14.158903863292807,POINT (440233.60923115053 4482726.0379208075)
1.3535548617998563,130.875628772852,145.0345326361448,-98.875628772852,-113.0345326361448,True,False,14.158903863292807,POINT (440222.6181440648 4482759.267365651)
1.3477045493334503,130.80838923093305,144.96729309422588,-98.80838923093305,-112.96729309422588,True,False,14.158903863292835,POINT (440211.62774921383 4482792.496981781)
1.5021690297347232,132.49276950600776,146.65167336930057,-100.49276950600776,-114.65167336930057,True,False,14.158903863292807,POINT (440382.37821392866 4482646.751813038)
1.524570251864377,132.7225514645395,146.8814553278323,-100.72255146453949,-114.8814553278323,True,False,14.158903863292807,POINT (440403.2654413956 4482673.416954222)
1.557419495421041,133.05347063545895,147.21237449875176,-101.05347063545895,-115.21237449875176,True,False,14.158903863292807,POINT (440435.1941871827 4482687.629145526)
1.5893219519256148,133.36823766996298,147.52714153325581,-101.36823766996298,-115.52714153325581,True,False,14.158903863292835,POINT (440465.8637951448 4482704.492571852)
1.5021690297347232,132.49276950600776,146.65167336930057,-100.49276950600776,-114.65167336930057,True,False,14.158903863292807,POINT (440382.37821392866 4482646.751813038)
1.4864589310077316,132.32956867840167,146.48847254169448,-100.32956867840167,-114.48847254169448,True,False,14.158903863292807,POINT (440367.87912715954 4482615.879596675)
1.4588623362550768,132.03866659622716,146.19757045951997,-100.03866659622716,-114.19757045951997,True,False,14.158903863292807,POINT (440340.7665844214 4482593.747595804)
1.431227071385508,131.74178936734648,145.90069323063932,-99.74178936734648,-113.90069323063932,True,False,14.158903863292835,POINT (440313.29176358203 4482572.065017086)
1.4045099281087972,131.44927431571134,145.60817817900417,-99.44927431571134,-113.60817817900417,True,False,14.158903863292835,POINT (440286.39654467517 4482549.746899795)
1.2238895925077549,129.31243638473813,143.47134024803097,-97.31243638473813,-111.47134024803097,True,False,14.158903863292835,POINT (440102.71663388435 4482661.075682553)
1.234742411940005,129.44948137521442,143.60838523850725,-97.44948137521442,-111.60838523850725,True,False,14.158903863292835,POINT (440114.18294792896 4482652.569418528)
1.2238895925077549,129.31243638473813,143.47134024803097,-97.31243638473813,-111.47134024803097,True,False,14.158903863292835,POINT (440102.71663388435 4482661.075682553)
1.2309699771035614,129.40198166437705,143.56088552766988,-97.40198166437705,-111.56088552766988,True,False,14.158903863292835,POINT (440109.15902519226 4482669.716015244)
0.82933797559708,123.2714039996803,137.4303078629731,-91.2714039996803,-105.43030786297311,True,False,14.158903863292807,POINT (439488.553522862 4483137.773154756)
0.832782540864103,123.33574441013505,137.49464827342788,-91.33574441013505,-105.49464827342788,True,False,14.158903863292835,POINT (439508.54296411516 4483120.793609151)
0.82933797559708,123.2714039996803,137.4303078629731,-91.2714039996803,-105.43030786297311,True,False,14.158903863292807,POINT (439488.553522862 4483137.773154756)
0.8444893932456055,123.55244246461945,137.71134632791225,-91.55244246461945,-105.71134632791225,True,False,14.158903863292807,POINT (439502.9218116624 4483144.561592252)
0.832782540864103,123.33574441013505,137.49464827342788,-91.33574441013505,-105.49464827342788,True,False,14.158903863292835,POINT (439508.54296411516 4483120.793609151)
0.8377059247574494,123.42724687103832,137.58615073433114,-91.42724687103832,-105.58615073433114,True,False,14.15890386329282,POINT (439534.597396196 4483097.423402285)
0.8440531217757886,123.54442095478616,137.70332481807898,-91.54442095478616,-105.70332481807898,True,False,14.15890386329282,POINT (439560.65182827687 4483074.05319542)
0.8517923035483399,123.68610570064564,137.84500956393845,-91.68610570064564,-105.84500956393845,True,False,14.158903863292807,POINT (439586.7062603577 4483050.682988553)
0.8634039965723737,123.8962896979407,138.05519356123352,-91.8962896979407,-106.05519356123352,True,False,14.15890386329282,POINT (439614.4113746218 4483029.424375945)
0.8781619328892613,124.15938155418327,138.3182854174761,-92.15938155418327,-106.31828541747609,True,False,14.15890386329282,POINT (439643.38429281634 4483009.788439214)
0.8942182788158358,124.44064481172167,138.5995486750145,-92.44064481172167,-106.59954867501449,True,False,14.15890386329282,POINT (439672.4630875481 4482990.318329796)
0.912803788256059,124.75997327121391,138.91887713450674,-92.75997327121391,-106.91887713450674,True,False,14.158903863292835,POINT (439702.4678546965 4482972.29850881)
0.9324130081325022,125.08991752128206,139.24882138457488,-93.08991752128206,-107.24882138457488,True,False,14.15890386329282,POINT (439732.52259309887 4482954.362204765)
0.9529213636216706,125.42764848526524,139.58655234855806,-93.42764848526524,-107.58655234855806,True,False,14.15890386329282,POINT (439762.5880205904 4482936.443776552)
0.9742557894184464,125.77135547154842,139.93025933484125,-93.77135547154842,-107.93025933484125,True,False,14.158903863292835,POINT (439792.653485103 4482918.525410454)
0.996513004280252,126.12199825441088,140.2809021177037,-94.12199825441088,-108.2809021177037,True,False,14.15890386329282,POINT (439822.81850033364 4482900.7764262585)
0.832782540864103,123.33574441013505,137.49464827342788,-91.33574441013505,-105.49464827342788,True,False,14.158903863292835,POINT (439508.54296411516 4483120.793609151)
0.8444893932456055,123.55244246461945,137.71134632791225,-91.55244246461945,-105.71134632791225,True,False,14.158903863292807,POINT (439502.9218116624 4483144.561592252)
0.8444893932456055,123.55244246461945,137.71134632791225,-91.55244246461945,-105.71134632791225,True,False,14.158903863292807,POINT (439502.9218116624 4483144.561592252)
0.8468898403685914,123.59650431574772,137.75540817904056,-91.59650431574772,-105.75540817904056,True,False,14.158903863292835,POINT (439503.53824865207 4483147.431721817)
0.8407869626903001,123.48423564650868,137.6431395098015,-91.48423564650868,-105.6431395098015,True,False,14.15890386329282,POINT (439485.68701743544 4483157.400444188)
0.8100719065540319,122.90653509305999,137.0654389563528,-90.90653509305999,-105.0654389563528,True,False,14.15890386329282,POINT (439452.0593534105 4483147.718064721)
0.8407869626903001,123.48423564650868,137.6431395098015,-91.48423564650868,-105.6431395098015,True,False,14.15890386329282,POINT (439485.68701743544 4483157.400444188)
0.8281091732967718,123.24838673541929,137.4072905987121,-91.24838673541929,-105.40729059871211,True,False,14.15890386329282,POINT (439483.5230880945 4483141.332840597)
0.49053682265011045,115.11974519399647,129.27864905728927,-83.11974519399647,-97.27864905728927,True,True,14.158903863292807,POINT (439054.1588679109 4483031.470006906)
0.5054832441098084,115.58566699884355,129.74457086213636,-83.58566699884355,-97.74457086213636,True,True,14.158903863292807,POINT (439056.4260374468 4483046.5708860345)
0.49053682265011045,115.11974519399647,129.27864905728927,-83.11974519399647,-97.27864905728927,True,True,14.158903863292807,POINT (439054.1588679109 4483031.470006906)
0.5058662147083236,115.59742343001,129.75632729330283,-83.59742343001,-97.75632729330283,True,True,14.158903863292835,POINT (439081.9144286103 4483036.827522986)
0.5158876564038023,115.90193874295609,130.0608426062489,-83.90193874295609,-98.06084260624891,True,True,14.15890386329282,POINT (439052.1979841292 4483059.138215884)
0.5231999158985153,116.12042187412884,130.27932573742166,-84.12042187412884,-98.27932573742166,True,True,14.15890386329282,POINT (439032.68527282914 4483073.162281691)
0.5158876564038023,115.90193874295609,130.0608426062489,-83.90193874295609,-98.06084260624891,True,True,14.15890386329282,POINT (439052.1979841292 4483059.138215884)
0.5054832441098084,115.58566699884355,129.74457086213636,-83.58566699884355,-97.74457086213636,True,True,14.158903863292807,POINT (439056.4260374468 4483046.5708860345)
0.5158876564038023,115.90193874295609,130.0608426062489,-83.90193874295609,-98.06084260624891,True,True,14.15890386329282,POINT (439052.1979841292 4483059.138215884)
0.550100224603372,116.89870629278265,131.05761015607547,-84.89870629278265,-99.05761015607547,True,True,14.15890386329282,POINT (439065.5581348316 4483090.70644509)
0.5840315920334764,117.82784115555447,131.98674501884727,-85.82784115555447,-99.98674501884727,True,True,14.158903863292807,POINT (439085.1907629389 4483119.681605375)
0.6180741228540367,118.7072819606209,132.86618582391372,-86.7072819606209,-100.86618582391372,True,True,14.15890386329282,POINT (439104.85282455117 4483148.63678722)
0.6522197083833023,119.54201250170188,133.7009163649947,-87.54201250170188,-101.7009163649947,True,True,14.15890386329282,POINT (439124.5071385785 4483177.596894156)
0.686691557983378,120.34151546001355,134.50041932330637,-88.34151546001355,-102.50041932330637,True,True,14.15890386329282,POINT (439142.8594403753 4483207.35300281)
0.7216201759707921,121.1116790348682,135.27058289816102,-89.1116790348682,-103.27058289816102,True,True,14.15890386329282,POINT (439157.42026815226 4483239.131271463)
0.7560121360541238,121.83441603323381,135.99331989652663,-89.83441603323381,-103.99331989652663,True,True,14.15890386329282,POINT (439164.6021491484 4483273.344232876)
0.7904199416907429,122.52530635005552,136.68421021334834,-90.52530635005552,-104.68421021334834,True,True,14.15890386329282,POINT (439171.6016471335 4483307.592612169)
0.8253488800239684,123.19655762602059,137.35546148931343,-91.19655762602059,-105.35546148931343,True,False,14.158903863292835,POINT (439185.2478335124 4483339.758037029)
0.8598663908961034,123.83255617804545,137.99146004133829,-91.83255617804545,-105.99146004133829,True,False,14.158903863292835,POINT (439202.93852644693 4483369.865008013)
0.8934678452401897,124.42761217436815,138.58651603766097,-92.42761217436815,-106.58651603766097,True,False,14.15890386329282,POINT (439224.5734858539 4483397.322381952)
0.9250251957893834,124.96643227584558,139.1253361391384,-92.96643227584558,-107.1253361391384,True,False,14.15890386329282,POINT (439250.6608143625 4483420.527086915)
0.9549411000968759,125.46051541261826,139.6194192759111,-93.46051541261826,-107.6194192759111,True,False,14.158903863292835,POINT (439279.37219131726 4483440.477646309)
0.9847265608315496,125.93730024894052,140.09620411223335,-93.93730024894052,-108.09620411223335,True,False,14.158903863292835,POINT (439308.66257735784 4483459.636803012)
1.014844960849539,126.40496980425318,140.563873667546,-94.40496980425318,-108.563873667546,True,False,14.15890386329282,POINT (439337.9529633984 4483478.795959717)
1.0453466769260937,126.86465412056901,141.02355798386182,-94.86465412056901,-109.02355798386182,True,False,14.158903863292807,POINT (439367.15262916486 4483498.092012993)
1.076241523558682,127.3167878958255,141.47569175911832,-95.3167878958255,-109.47569175911832,True,False,14.15890386329282,POINT (439396.2115363956 4483517.600470404)
1.1078180072729054,127.7656788505653,141.92458271385811,-95.7656788505653,-109.92458271385811,True,False,14.15890386329282,POINT (439424.61076811916 4483537.981604218)
0.5231999158985153,116.12042187412884,130.27932573742166,-84.12042187412884,-98.27932573742166,True,True,14.15890386329282,POINT (439032.68527282914 4483073.162281691)
0.5221262091349423,116.08853254854361,130.24743641183642,-84.08853254854361,-98.24743641183642,True,True,14.158903863292807,POINT (439025.7267233179 4483074.084898454)
0.5231999158985153,116.12042187412884,130.27932573742166,-84.12042187412884,-98.27932573742166,True,True,14.15890386329282,POINT (439032.68527282914 4483073.162281691)
0.5158876564038023,115.90193874295609,130.0608426062489,-83.90193874295609,-98.06084260624891,True,True,14.15890386329282,POINT (439052.1979841292 4483059.138215884)
0.5054832441098084,115.58566699884355,129.74457086213636,-83.58566699884355,-97.74457086213636,True,True,14.158903863292807,POINT (439056.4260374468 4483046.5708860345)
0.5158876564038023,115.90193874295609,130.0608426062489,-83.90193874295609,-98.06084260624891,True,True,14.15890386329282,POINT (439052.1979841292 4483059.138215884)
0.5054832441098084,115.58566699884355,129.74457086213636,-83.58566699884355,-97.74457086213636,True,True,14.158903863292807,POINT (439056.4260374468 4483046.5708860345)
0.49053682265011045,115.11974519399647,129.27864905728927,-83.11974519399647,-97.27864905728927,True,True,14.158903863292807,POINT (439054.1588679109 4483031.470006906)
1.114136828428151,127.85396921403914,142.01287307733196,-95.85396921403914,-110.01287307733196,True,False,14.15890386329282,POINT (439429.7646530023 4483542.331162461)
1.1414038754615705,128.2293049306948,142.38820879398762,-96.22930493069481,-110.38820879398762,True,False,14.158903863292807,POINT (439460.30013886205 4483556.208624948)
1.114136828428151,127.85396921403914,142.01287307733196,-95.85396921403914,-110.01287307733196,True,False,14.15890386329282,POINT (439429.7646530023 4483542.331162461)
1.1481667257210617,128.3210089333887,142.4799127966815,-96.3210089333887,-110.4799127966815,True,False,14.158903863292807,POINT (439453.57772017416 4483567.932905645)
1.1830820505239659,128.7860285124077,142.94493237570055,-96.78602851240771,-110.94493237570055,True,False,14.158903863292835,POINT (439472.6815399754 4483597.223921923)
1.2178532010766931,129.23568439172533,143.39458825501816,-97.23568439172533,-111.39458825501816,True,False,14.158903863292835,POINT (439486.8858099427 4483629.16327441)
0.5221262091349423,116.08853254854361,130.24743641183642,-84.08853254854361,-98.24743641183642,True,True,14.158903863292807,POINT (439025.7267233179 4483074.084898454)
0.5231999158985153,116.12042187412884,130.27932573742166,-84.12042187412884,-98.27932573742166,True,True,14.15890386329282,POINT (439032.68527282914 4483073.162281691)
0.5221262091349423,116.08853254854361,130.24743641183642,-84.08853254854361,-98.24743641183642,True,True,14.158903863292807,POINT (439025.7267233179 4483074.084898454)
0.5072116227963483,115.63865432597963,129.79755818927245,-83.63865432597963,-97.79755818927245,True,True,14.15890386329282,POINT (439002.7862243799 4483064.747501678)
0.5221262091349423,116.08853254854361,130.24743641183642,-84.08853254854361,-98.24743641183642,True,True,14.158903863292807,POINT (439025.7267233179 4483074.084898454)
0.5457755812927086,116.7761875571101,130.93509142040293,-84.7761875571101,-98.93509142040293,True,True,14.15890386329282,POINT (439008.6072790286 4483103.014758057)
0.5798541854588135,117.71640925259467,131.87531311588748,-85.71640925259467,-99.87531311588748,True,True,14.158903863292807,POINT (439010.1684771752 4483137.638358314)
0.6148437343030267,118.6259365771214,132.7848404404142,-86.6259365771214,-100.7848404404142,True,True,14.158903863292807,POINT (439017.0414882863 4483171.956840907)
0.6497278569221216,119.48259142941887,133.6414952927117,-87.48259142941887,-101.64149529271171,True,True,14.158903863292835,POINT (439022.6855741162 4483206.43982719)
0.684250680970239,120.28623921965831,134.44514308295115,-88.28623921965831,-102.44514308295115,True,True,14.158903863292835,POINT (439024.46239961305 4483241.381459588)
0.7181765328365656,121.0374234559653,135.19632731925813,-89.0374234559653,-103.19632731925813,True,True,14.158903863292835,POINT (439023.06953930453 4483276.310035431)
0.7512057039113672,121.73541047904652,135.89431434233936,-89.73541047904652,-103.89431434233936,True,True,14.158903863292835,POINT (439018.2049991751 4483310.878214532)
0.7828248939746202,122.3754245627393,136.53432842603212,-90.3754245627393,-104.53432842603212,True,True,14.15890386329282,POINT (439008.89729879313 4483344.593704534)
0.8131824404948556,122.9660273163207,137.12493117961353,-90.9660273163207,-105.12493117961353,True,False,14.15890386329282,POINT (438996.3658433025 4483377.221057285)
0.5072116227963483,115.63865432597963,129.79755818927245,-83.63865432597963,-97.79755818927245,True,True,14.15890386329282,POINT (439002.7862243799 4483064.747501678)
0.4740534733722472,114.58915875093362,128.74806261422646,-82.58915875093362,-96.74806261422646,True,True,14.158903863292835,POINT (438995.9123242444 4483032.291553339)
0.5072116227963483,115.63865432597963,129.79755818927245,-83.63865432597963,-97.79755818927245,True,True,14.15890386329282,POINT (439002.7862243799 4483064.747501678)
0.5221262091349423,116.08853254854361,130.24743641183642,-84.08853254854361,-98.24743641183642,True,True,14.158903863292807,POINT (439025.7267233179 4483074.084898454)
0.8263037098259665,123.21450573132414,137.37340959461696,-91.21450573132414,-105.37340959461696,True,False,14.15890386329282,POINT (438990.06174482685 4483391.3275500005)
0.8544166807603418,123.73385925185755,137.8927631151504,-91.73385925185755,-105.89276311515039,True,False,14.158903863292835,POINT (438972.68496096006 4483421.7092448585)
0.8819828999311959,124.22677798013038,138.3856818434232,-92.22677798013038,-106.38568184342321,True,False,14.158903863292835,POINT (438953.8384347144 4483451.169450119)
0.9095917960000837,124.70525358700628,138.8641574502991,-92.70525358700628,-106.8641574502991,True,False,14.15890386329282,POINT (438934.29470741854 4483480.202790463)
0.9389042068198686,125.19761127855989,139.3565151418527,-93.19761127855989,-107.3565151418527,True,False,14.158903863292807,POINT (438916.83325376466 4483510.372021005)
0.9731160464229428,125.75318486626809,139.9120887295609,-93.75318486626809,-107.9120887295609,True,False,14.15890386329282,POINT (438912.1286611926 4483544.76332169)
1.006426304762868,126.27565984491852,140.43456370821133,-94.27565984491852,-108.43456370821133,True,False,14.158903863292807,POINT (438922.36060491274 4483577.73107732)
1.038049264144201,126.75590890139208,140.9148127646849,-94.75590890139208,-108.91481276468491,True,False,14.158903863292835,POINT (438938.84308748273 4483608.607083515)
1.0687313684359203,127.20808523578962,141.36698909908245,-95.20808523578962,-109.36698909908245,True,False,14.15890386329282,POINT (438957.54389685794 4483638.174467598)
1.097032460738222,127.61380682773819,141.772710691031,-95.61380682773819,-109.772710691031,True,False,14.158903863292807,POINT (438980.2210983293 4483664.74418245)
1.1254666304949772,128.01102943191555,142.16993329520838,-96.01102943191555,-110.16993329520838,True,False,14.158903863292835,POINT (439003.27933624096 4483691.031872832)
1.1525298371097183,128.3798863539315,142.53879021722435,-96.37988635393151,-110.53879021722435,True,False,14.158903863292835,POINT (439028.4783321656 4483715.30384602)
1.178500930449272,128.72580302727286,142.88470689056567,-96.72580302727286,-110.88470689056567,True,False,14.158903863292807,POINT (439055.2369049486 4483737.820086888)
1.2040904791342861,129.05926095902439,143.2181648223172,-97.05926095902439,-111.21816482231719,True,False,14.158903863292807,POINT (439082.834548537 4483759.34611923)
1.2301436179624934,129.39155732624667,143.55046118953948,-97.39155732624667,-111.55046118953948,True,False,14.158903863292807,POINT (439110.4321921253 4483780.872151571)
1.256631513088015,129.72226072265107,143.88116458594388,-97.72226072265107,-111.88116458594388,True,False,14.158903863292807,POINT (439138.0298357136 4483802.398183913)
0.8263037098259665,123.21450573132414,137.37340959461696,-91.21450573132414,-105.37340959461696,True,False,14.15890386329282,POINT (438990.06174482685 4483391.3275500005)
0.8531152182352995,123.71019601104867,137.8690998743415,-91.71019601104867,-105.86909987434149,True,False,14.15890386329282,POINT (438970.86437018495 4483420.592901644)
0.8788257052213526,124.17111057502927,138.3300144383221,-92.17111057502927,-106.33001443832211,True,False,14.158903863292835,POINT (438949.61350857763 4483448.3376636775)
0.9032586540948527,124.59679341100241,138.75569727429524,-92.59679341100241,-106.75569727429524,True,False,14.158903863292835,POINT (438926.2118661747 4483474.290944852)
0.9258594516379891,124.98042593314165,139.13932979643448,-92.98042593314165,-107.13932979643448,True,False,14.158903863292835,POINT (438900.31237524614 4483497.791405494)
0.9472995237008088,125.33579683739248,139.49470070068529,-93.33579683739248,-107.49470070068529,True,False,14.158903863292807,POINT (438872.7523206193 4483519.365542533)
0.9692721447231653,125.69174530464392,139.85064916793675,-93.69174530464392,-107.85064916793675,True,False,14.158903863292835,POINT (438844.98832000134 4483540.674559037)
0.9917998735924808,126.04840519329635,140.20730905658917,-94.04840519329635,-108.20730905658917,True,False,14.15890386329282,POINT (438817.0673985216 4483561.779585541)
1.021533832513913,126.5069479608561,140.66585182414892,-94.5069479608561,-108.66585182414892,True,False,14.15890386329282,POINT (438796.8500382765 4483590.085187632)
1.0557206285314114,127.01794597554581,141.17684983883865,-95.01794597554581,-109.17684983883865,True,False,14.158903863292835,POINT (438787.9943915051 4483623.632987472)
1.0873656308023107,127.47641325322203,141.63531711651487,-95.47641325322203,-109.63531711651487,True,False,14.158903863292835,POINT (438798.97685857 4483656.298319994)
1.1090013130017988,127.78225096822699,141.9411548315198,-95.78225096822699,-109.94115483151981,True,False,14.15890386329282,POINT (438824.38217647444 4483679.611968163)
1.1126244722237049,127.83288333107441,141.99178719436722,-95.83288333107441,-109.99178719436722,True,False,14.158903863292807,POINT (438858.102462571 4483684.478201228)
1.0901144317509672,127.51560554259774,141.67450940589055,-95.51560554259774,-109.67450940589055,True,False,14.158903863292807,POINT (438883.59138659696 4483662.225154994)
1.056979797279593,127.03644962385286,141.19535348714567,-95.03644962385286,-109.19535348714567,True,False,14.158903863292807,POINT (438878.28030868975 4483629.084814803)
1.0276061784921762,126.59894999793364,140.75785386122647,-94.59894999793364,-108.75785386122647,True,False,14.15890386329282,POINT (438859.7602038341 4483599.475879586)
1.0005700160849018,126.18506814057389,140.3439720038667,-94.18506814057389,-108.3439720038667,True,False,14.158903863292807,POINT (438838.42603737884 4483571.729731731)
0.9739850097859132,125.76704043318749,139.9259442964803,-93.76704043318749,-107.92594429648031,True,False,14.15890386329282,POINT (438817.1593046997 4483543.931780707)
0.9473509208881438,125.33663904964415,139.49554291293697,-93.33663904964415,-107.49554291293697,True,False,14.15890386329282,POINT (438796.6445774266 4483515.603801368)
0.9200653525744696,124.88297530687547,139.04187917016827,-92.88297530687547,-107.04187917016827,True,False,14.158903863292807,POINT (438777.614908241 4483486.229123656)
0.893317826256894,124.42500551036079,138.58390937365363,-92.42500551036079,-106.58390937365363,True,False,14.158903863292835,POINT (438758.5852390555 4483456.854445944)
0.46862555583247906,114.41039251633522,128.56929637962804,-82.41039251633522,-96.56929637962804,True,True,14.15890386329282,POINT (438998.95252238266 4483025.925792651)
0.500725634055064,115.43887065725265,129.59777452054547,-83.43887065725265,-97.59777452054547,True,True,14.15890386329282,POINT (438998.56324640603 4483059.096645912)
0.46862555583247906,114.41039251633522,128.56929637962804,-82.41039251633522,-96.56929637962804,True,True,14.15890386329282,POINT (438998.95252238266 4483025.925792651)
0.46149673904198,114.17243621999597,128.3313400832888,-82.17243621999597,-96.33134008328881,True,True,14.158903863292835,POINT (439021.5256969967 4483012.032090197)
0.46862555583247906,114.41039251633522,128.56929637962804,-82.41039251633522,-96.56929637962804,True,True,14.15890386329282,POINT (438998.95252238266 4483025.925792651)
0.43454573939006397,113.23834649718994,127.39725036048276,-81.23834649718994,-95.39725036048276,True,True,14.15890386329282,POINT (438984.2218895036 4482994.478820865)
0.40160764540631944,112.01472076465048,126.1736246279433,-80.01472076465048,-94.1736246279433,True,True,14.15890386329282,POINT (438965.3823715795 4482964.9818284195)
0.3690194035053398,110.7010484120047,124.85995227529752,-78.7010484120047,-92.85995227529752,True,True,14.15890386329282,POINT (438946.609865448 4482935.442551903)
0.46149673904198,114.17243621999597,128.3313400832888,-82.17243621999597,-96.33134008328881,True,True,14.158903863292835,POINT (439021.5256969967 4483012.032090197)
0.4661576741705307,114.3284280293683,128.48733189266113,-82.3284280293683,-96.48733189266113,True,True,14.158903863292835,POINT (439033.5249846388 4483012.977709825)
0.35605420504014795,110.14584175840012,124.30474562169294,-78.14584175840012,-92.30474562169294,True,True,14.15890386329282,POINT (438939.1925432339 4482923.553118344)
0.3242427830980698,108.69301886648728,122.85192272978009,-76.69301886648728,-90.85192272978009,True,True,14.158903863292807,POINT (438920.29572437704 4482894.092802035)
0.29432882064286436,107.19045077329693,121.34935463658975,-75.19045077329693,-89.34935463658975,True,True,14.15890386329282,POINT (438899.53569503396 4482865.92162663)
0.26606152243685416,105.62307292939968,119.7819767926925,-73.62307292939968,-87.7819767926925,True,True,14.15890386329282,POINT (438878.24004376313 4482838.145823547)
0.2402741244991652,104.04052733528138,118.1994311985742,-72.04052733528138,-86.1994311985742,True,True,14.15890386329282,POINT (438856.17119614285 4482810.986616691)
0.2173516494902854,102.48411042513546,116.64301428842828,-70.48411042513546,-84.64301428842828,True,True,14.15890386329282,POINT (438833.83082899323 4482784.043936875)
0.1979945054007682,101.03614859561806,115.19505245891088,-69.03614859561806,-83.19505245891088,True,True,14.15890386329282,POINT (438811.49046184355 4482757.10125706)
0.18334426650519325,99.8428233158705,114.00172717916331,-67.8428233158705,-82.00172717916331,True,True,14.158903863292807,POINT (438789.1429652018 4482730.164544796)
0.35605420504014795,110.14584175840012,124.30474562169294,-78.14584175840012,-92.30474562169294,True,True,14.15890386329282,POINT (438939.1925432339 4482923.553118344)
0.37225115727414215,110.83640380385249,124.99530766714531,-78.83640380385249,-92.99530766714531,True,True,14.15890386329282,POINT (438910.8267925565 4482943.250130014)
0.394107250593614,111.7220692361069,125.88097309939972,-79.7220692361069,-93.88097309939972,True,True,14.15890386329282,POINT (438884.4118333811 4482966.212053534)
0.4177560602180893,112.62667748910556,126.78558135239838,-80.62667748910556,-94.78558135239838,True,True,14.15890386329282,POINT (438857.99687420565 4482989.173977054)
0.4429105177439362,113.53432039804707,127.69322426133989,-81.53432039804707,-95.69322426133989,True,True,14.15890386329282,POINT (438831.58191503026 4483012.135900575)
0.4661576741705307,114.3284280293683,128.48733189266113,-82.3284280293683,-96.48733189266113,True,True,14.158903863292835,POINT (439033.5249846388 4483012.977709825)
0.4605349876205591,114.14005237390903,128.29895623720185,-82.14005237390903,-96.29895623720185,True,True,14.15890386329282,POINT (439062.4623188458 4482995.844221316)
0.44624152678155093,113.65062934102119,127.80953320431401,-81.65062934102119,-95.80953320431401,True,True,14.15890386329282,POINT (439085.3427964656 4482969.364247122)
0.434607454916581,113.2405509936517,127.39945485694452,-81.2405509936517,-95.39945485694452,True,True,14.15890386329282,POINT (439108.4668995769 4482943.091145783)
0.4255338479322508,112.91303118642804,127.07193504972086,-80.91303118642804,-95.07193504972086,True,True,14.15890386329282,POINT (439131.5849212972 4482916.812693646)
0.4192035137870587,112.68036977454553,126.83927363783835,-80.68036977454553,-94.83927363783835,True,True,14.15890386329282,POINT (439154.70937608596 4482890.539904653)
0.4661576741705307,114.3284280293683,128.48733189266113,-82.3284280293683,-96.48733189266113,True,True,14.158903863292835,POINT (439033.5249846388 4483012.977709825)
0.48423757930560135,114.91911254232582,129.07801640561865,-82.91911254232582,-97.07801640561865,True,True,14.158903863292835,POINT (439051.49351886666 4483025.741493892)
1.673718063671382,134.17140901621192,148.33031287950476,-102.17140901621192,-116.33031287950476,True,False,14.158903863292835,POINT (440554.8547575738 4482627.839311467)
1.6974949196717855,134.39038008369127,148.54928394698408,-102.39038008369127,-116.54928394698408,True,False,14.158903863292807,POINT (440579.2826638109 4482602.773849235)
1.7226562513943078,134.61878605509327,148.7776899183861,-102.61878605509327,-116.7776899183861,True,False,14.158903863292835,POINT (440604.7078356726 4482578.832159568)
1.7558914615485308,134.91542282099746,149.07432668429027,-102.91542282099746,-117.07432668429027,True,False,14.158903863292807,POINT (440637.9535875292 4482569.109348182)
1.673718063671382,134.17140901621192,148.33031287950476,-102.17140901621192,-116.33031287950476,True,False,14.158903863292835,POINT (440554.8547575738 4482627.839311467)
1.6515389182552038,133.9643294091349,148.1232332724277,-101.9643294091349,-116.12323327242771,True,False,14.158903863292807,POINT (440531.5735565502 4482653.973306165)
1.6294215874777151,133.75503887486187,147.9139427381547,-101.75503887486187,-115.9139427381547,True,False,14.158903863292835,POINT (440507.9254844623 4482679.775139811)
1.6077072830022814,133.54677989074455,147.70568375403738,-101.54677989074455,-115.70568375403738,True,False,14.158903863292835,POINT (440484.22638376633 4482705.530772714)
1.787749315159837,135.19454209067717,149.35344595396998,-103.19454209067717,-117.35344595396998,True,False,14.158903863292807,POINT (440669.8139768601 4482571.777468584)
1.753247297191623,134.89202910113596,149.0509329644288,-102.89202910113596,-117.0509329644288,True,False,14.158903863292835,POINT (440635.3095674437 4482569.197138031)
1.7205248580023216,134.599567749227,148.75847161251983,-102.59956774922699,-116.75847161251983,True,False,14.158903863292835,POINT (440602.56971158966 4482580.374230023)
1.6956796971319401,134.37377140799612,148.53267527128895,-102.37377140799612,-116.53267527128895,True,False,14.158903863292835,POINT (440577.4317320405 4482604.673089389)
1.787749315159837,135.19454209067717,149.35344595396998,-103.19454209067717,-117.35344595396998,True,False,14.158903863292807,POINT (440669.8139768601 4482571.777468584)
1.8091639455025186,135.37938255294483,149.53828641623767,-103.37938255294483,-117.53828641623767,True,False,14.158903863292835,POINT (440691.11379134696 4482551.726961306)
1.8091639455025186,135.37938255294483,149.53828641623767,-103.37938255294483,-117.53828641623767,True,False,14.158903863292835,POINT (440691.11379134696 4482551.726961306)
1.8180267954546037,135.45524295925333,149.61414682254613,-103.45524295925333,-117.61414682254613,True,False,14.158903863292807,POINT (440699.9825716741 4482552.211660501)
1.8091639455025186,135.37938255294483,149.53828641623767,-103.37938255294483,-117.53828641623767,True,False,14.158903863292835,POINT (440691.11379134696 4482551.726961306)
1.8108355001941043,135.39371840185626,149.55262226514907,-103.39371840185626,-117.55262226514907,True,False,14.158903863292807,POINT (440692.0538225483 4482516.753328283)
1.8127180426814136,135.40984792174072,149.56875178503353,-103.40984792174072,-117.56875178503353,True,False,14.158903863292807,POINT (440692.52944939415 4482481.756560159)
1.6625878577923388,134.0678351375497,148.22673900084254,-102.06783513754971,-116.22673900084254,True,False,14.158903863292835,POINT (440540.0461193947 4482448.434896809)
1.684532997007791,134.27139139955707,148.43029526284988,-102.27139139955707,-116.43029526284988,True,False,14.158903863292807,POINT (440563.74839150213 4482474.176323403)
1.7003280823671192,134.4162671097511,148.57517097304392,-102.41626710975109,-116.57517097304392,True,False,14.158903863292835,POINT (440581.0346238766 4482504.16503719)
1.6865793073045208,134.29023698440358,148.4491408476964,-102.29023698440358,-116.44914084769641,True,False,14.158903863292835,POINT (440568.1510745693 4482531.338350182)
1.6531775772273598,133.97972391328824,148.13862777658105,-101.97972391328824,-116.13862777658105,True,False,14.158903863292807,POINT (440534.77410267846 4482532.770860968)
1.6625878577923388,134.0678351375497,148.22673900084254,-102.06783513754971,-116.22673900084254,True,False,14.158903863292835,POINT (440540.0461193947 4482448.434896809)
1.6972911034546487,134.38851611922303,148.54741998251586,-102.38851611922303,-116.54741998251586,True,False,14.158903863292835,POINT (440574.6383998314 4482445.654935325)
1.7316064124782862,134.69922896325065,148.85813282654345,-102.69922896325065,-116.85813282654345,True,False,14.158903863292807,POINT (440609.3628258738 4482450.038339941)
1.7659518296236223,135.0041090771246,149.16301294041745,-103.00410907712461,-117.16301294041745,True,False,14.158903863292835,POINT (440644.0893652633 4482454.404873438)
1.6625878577923388,134.0678351375497,148.22673900084254,-102.06783513754971,-116.22673900084254,True,False,14.158903863292835,POINT (440540.0461193947 4482448.434896809)
1.632660438993293,133.78586419539351,147.94476805868632,-101.78586419539351,-115.94476805868632,True,False,14.158903863292807,POINT (440511.40960224473 4482468.115274839)
1.6044555158572607,133.51535069002355,147.6742545533164,-101.51535069002355,-115.67425455331639,True,False,14.158903863292835,POINT (440484.4392819846 4482490.422265337)
1.5718352681540524,133.19649544390228,147.35539930719509,-101.19649544390228,-115.35539930719509,True,False,14.158903863292807,POINT (440452.4091211571 4482503.668479656)
1.5374145965909145,132.852784978994,147.01168884228682,-100.85278497899401,-115.01168884228682,True,False,14.158903863292807,POINT (440418.2814059452 4482511.43352141)
1.50304394136894,132.50180808685042,146.66071195014322,-100.50180808685042,-114.66071195014322,True,False,14.158903863292807,POINT (440384.18119128194 4482519.318656787)
1.468577058584132,132.14169462030466,146.30059848359747,-100.14169462030466,-114.30059848359747,True,False,14.158903863292807,POINT (440349.9335232643 4482526.508349195)
1.4340324890212417,131.77218736581636,145.9310912291092,-99.77218736581636,-113.9310912291092,True,False,14.158903863292835,POINT (440315.56752735964 4482533.139964797)
1.6476420609819664,133.92765865348233,148.08656251677513,-101.92765865348233,-116.08656251677513,True,False,14.158903863292807,POINT (440529.4819640893 4482544.89606331)
1.6510386844962635,133.95962688246925,148.11853074576206,-101.95962688246925,-116.11853074576206,True,False,14.158903863292807,POINT (440533.08707582025 4482579.448617264)
1.6658226555148201,134.09800835883533,148.25691222212816,-102.09800835883533,-116.25691222212816,True,False,14.158903863292835,POINT (440547.4246087811 4482611.373356276)
1.6476420609819664,133.92765865348233,148.08656251677513,-101.92765865348233,-116.08656251677513,True,False,14.158903863292807,POINT (440529.4819640893 4482544.89606331)
1.6254845631570676,133.71748617761202,147.87639004090485,-101.71748617761202,-115.87639004090485,True,False,14.158903863292835,POINT (440507.5492152876 4482571.747459823)
1.5955596892139385,133.42904355797106,147.58794742126386,-101.42904355797106,-115.58794742126386,True,False,14.158903863292807,POINT (440477.5273025912 4482589.712448998)
1.5656932682475522,133.13571918362172,147.29462304691452,-101.13571918362172,-115.29462304691452,True,False,14.158903863292807,POINT (440447.3589538751 4482607.457046365)
1.536285082660408,132.841376139328,147.00028000262083,-100.84137613932799,-115.00028000262083,True,False,14.158903863292835,POINT (440417.4189524655 4482625.582840785)
1.5071803537574289,132.5444696284123,146.7033734917051,-100.54446962841229,-114.7033734917051,True,False,14.158903863292807,POINT (440387.53877171694 4482643.808493384)
1.7930179210704362,135.2402226312491,149.39912649454192,-103.24022263124911,-117.39912649454192,True,False,14.158903863292807,POINT (440671.4352393478 4482457.803817941)
1.7586431597191612,134.93973054829956,149.09863441159237,-102.93973054829956,-117.09863441159237,True,False,14.158903863292807,POINT (440636.7025066019 4482453.48672679)
1.7243060259318954,134.63364539086936,148.7925492541622,-102.63364539086936,-116.7925492541622,True,False,14.158903863292835,POINT (440601.97773385845 4482449.106089933)
1.6899552813839815,134.32127824450137,148.48018210779418,-102.32127824450137,-116.48018210779418,True,False,14.158903863292807,POINT (440567.2350265073 4482445.029928873)
1.7930179210704362,135.2402226312491,149.39912649454192,-103.24022263124911,-117.39912649454192,True,False,14.158903863292807,POINT (440671.4352393478 4482457.803817941)
1.8160589117484267,135.43843110546837,149.59733496876117,-103.43843110546837,-117.59733496876117,True,False,14.158903863292807,POINT (440694.347322378 4482455.0577789)
1.8120667373260382,135.4042694694164,149.5631733327092,-103.40426946941639,-117.5631733327092,True,False,14.158903863292807,POINT (440690.9397776997 4482464.60928845)
1.7930179210704362,135.2402226312491,149.39912649454192,-103.24022263124911,-117.39912649454192,True,False,14.158903863292807,POINT (440671.4352393478 4482457.803817941)
1.8120667373260382,135.4042694694164,149.5631733327092,-103.40426946941639,-117.5631733327092,True,False,14.158903863292807,POINT (440690.9397776997 4482464.60928845)
1.8160589117484267,135.43843110546837,149.59733496876117,-103.43843110546837,-117.59733496876117,True,False,14.158903863292807,POINT (440694.347322378 4482455.0577789)
1.8160589117484267,135.43843110546837,149.59733496876117,-103.43843110546837,-117.59733496876117,True,False,14.158903863292807,POINT (440694.347322378 4482455.0577789)
1.8457170363784126,135.6898933064472,149.84879716974,-103.6898933064472,-117.84879716974001,True,False,14.158903863292807,POINT (440722.6546049435 4482434.633960325)
1.8584421853191464,135.79654953776162,149.95545340105443,-103.79654953776162,-117.95545340105443,True,False,14.158903863292807,POINT (440733.4670915508 4482410.505744553)
1.826006663635784,135.52322987710542,149.68213374039826,-103.52322987710542,-117.68213374039826,True,False,14.158903863292835,POINT (440699.9747010131 4482400.3458519485)
1.7936513271779124,135.2457054289186,149.4046092922114,-103.2457054289186,-117.4046092922114,True,False,14.158903863292807,POINT (440666.4699828191 4482390.224890594)
1.7613971248222897,134.96402025021933,149.12292411351214,-102.96402025021933,-117.12292411351214,True,False,14.158903863292807,POINT (440632.9652646251 4482380.103929239)
1.7292497156793218,134.6780876709392,148.83699153423203,-102.67808767093919,-116.83699153423203,True,False,14.158903863292835,POINT (440599.4605464311 4482369.982967885)
1.8160589117484267,135.43843110546837,149.59733496876117,-103.43843110546837,-117.59733496876117,True,False,14.158903863292807,POINT (440694.347322378 4482455.0577789)
1.8242703125378386,135.50846183040122,149.66736569369402,-103.50846183040122,-117.66736569369402,True,False,14.158903863292807,POINT (440702.9748193827 4482461.43891983)
1.7245074934549562,134.63545901227414,148.79436287556697,-102.63545901227414,-116.79436287556697,True,False,14.158903863292835,POINT (440594.50828109565 4482368.4870088445)
1.6957510217618963,134.37442433987795,148.53332820317075,-102.37442433987795,-116.53332820317075,True,False,14.158903863292807,POINT (440567.0908325623 4482381.695310174)
1.6634785586809204,134.0761491807412,148.235053044034,-102.0761491807412,-116.235053044034,True,False,14.158903863292807,POINT (440536.14581458265 4482395.542943732)
1.6351954703998568,133.80994837349039,147.9688522367832,-101.80994837349039,-115.96885223678319,True,False,14.158903863292807,POINT (440509.94146518304 4482417.57558012)
1.7245074934549562,134.63545901227414,148.79436287556697,-102.63545901227414,-116.79436287556697,True,False,14.158903863292835,POINT (440594.50828109565 4482368.4870088445)
1.7373978677674948,134.75106055822,148.9099644215128,-102.75106055821999,-116.9099644215128,True,False,14.158903863292807,POINT (440603.21893208264 4482335.089776287)
1.8242703125378386,135.50846183040122,149.66736569369402,-103.50846183040122,-117.66736569369402,True,False,14.158903863292807,POINT (440702.9748193827 4482461.43891983)
1.8120667373260382,135.4042694694164,149.5631733327092,-103.40426946941639,-117.5631733327092,True,False,14.158903863292807,POINT (440690.9397776997 4482464.60928845)
1.8242703125378386,135.50846183040122,149.66736569369402,-103.50846183040122,-117.66736569369402,True,False,14.158903863292807,POINT (440702.9748193827 4482461.43891983)
1.8198841067391722,135.4710934960375,149.62999735933033,-103.4710934960375,-117.62999735933033,True,False,14.158903863292835,POINT (440700.3685213336 4482496.287326021)
1.817651204809487,135.45203565135665,149.6109395146495,-103.45203565135665,-117.61093951464949,True,False,14.158903863292835,POINT (440699.2569842449 4482531.269671358)
1.3501679656076162,130.8367375818887,144.99564144518152,-98.83673758188871,-112.99564144518152,True,False,14.158903863292807,POINT (440152.1896227036 4483030.081439986)
1.3628850724937125,130.98226489661948,145.14116875991232,-98.98226489661948,-113.14116875991232,True,False,14.158903863292835,POINT (440174.6028579753 4483004.316388307)
1.3732239066392034,131.09957935548945,145.25848321878226,-99.09957935548945,-113.25848321878226,True,False,14.158903863292807,POINT (440194.6624238046 4482975.635143237)
1.3843706420989923,131.22507566232736,145.3839795256202,-99.22507566232736,-113.38397952562019,True,False,14.158903863292835,POINT (440214.7219896339 4482946.953898168)
1.3963059305342131,131.35833461802858,145.5172384813214,-99.35833461802858,-113.51723848132141,True,False,14.158903863292835,POINT (440234.78155546327 4482918.272653098)
1.408881966271624,131.4975207652905,145.6564246285833,-99.49752076529049,-113.6564246285833,True,False,14.158903863292807,POINT (440254.72816389636 4482889.51278544)
1.4221894572638025,131.64345589582953,145.80235975912234,-99.64345589582953,-113.80235975912234,True,False,14.158903863292807,POINT (440274.65792889165 4482860.741194118)
1.4469700609739486,131.9116068117136,146.07051067500643,-99.9116068117136,-114.07051067500643,True,False,14.158903863292835,POINT (440303.5295962721 4482842.592634525)
1.4791775877930249,132.2533422183261,146.41224608161895,-100.25334221832611,-114.41224608161895,True,False,14.158903863292835,POINT (440337.6915519189 4482835.012503046)
1.5116142535184456,132.5900695310051,146.7489733942979,-100.5900695310051,-114.7489733942979,True,False,14.158903863292807,POINT (440371.91630937153 4482827.689202335)
1.5445787260391832,132.92495283625024,147.08385669954305,-100.92495283625024,-115.08385669954305,True,False,14.158903863292807,POINT (440406.36340712744 4482821.584979084)
1.5744512381241227,133.22230888389998,147.38121274719282,-101.22230888389998,-115.38121274719282,True,False,14.158903863292835,POINT (440438.6580822177 4482808.572617288)
1.5912073848640502,133.38664212797428,147.5455459912671,-101.38664212797428,-115.54554599126709,True,False,14.158903863292807,POINT (440459.4894968552 4482781.090091906)
1.3501679656076162,130.8367375818887,144.99564144518152,-98.83673758188871,-112.99564144518152,True,False,14.158903863292807,POINT (440152.1896227036 4483030.081439986)
1.3821692316537477,131.20037119592075,145.3592750592136,-99.20037119592075,-113.35927505921359,True,False,14.158903863292835,POINT (440177.41090368625 4483054.263199321)
1.4161992851273886,131.5779350689979,145.7368389322907,-99.5779350689979,-113.73683893229071,True,False,14.158903863292807,POINT (440206.4258556752 4483073.796878676)
1.4509858273051461,131.95462857825584,146.11353244154864,-99.95462857825584,-114.11353244154864,True,False,14.158903863292807,POINT (440237.9826928504 4483088.683422008)
1.4858878873611485,132.32360408114283,146.48250794443567,-100.32360408114283,-114.48250794443567,True,False,14.158903863292835,POINT (440271.53844042006 4483098.633889587)
1.520794449152347,132.68405848714463,146.84296235043743,-100.68405848714463,-114.84296235043743,True,False,14.158903863292807,POINT (440305.09418798966 4483108.584357166)
1.8142364801758732,135.42284561046196,149.5817494737548,-103.42284561046196,-117.5817494737548,True,False,14.158903863292835,POINT (440696.2873044128 4482565.017985322)
1.787749315159837,135.19454209067717,149.35344595396998,-103.19454209067717,-117.35344595396998,True,False,14.158903863292807,POINT (440669.8139768601 4482571.777468584)
1.8142364801758732,135.42284561046196,149.5817494737548,-103.42284561046196,-117.5817494737548,True,False,14.158903863292835,POINT (440696.2873044128 4482565.017985322)
1.8091639455025186,135.37938255294483,149.53828641623767,-103.37938255294483,-117.53828641623767,True,False,14.158903863292835,POINT (440691.11379134696 4482551.726961306)
1.8180267954546037,135.45524295925333,149.61414682254613,-103.45524295925333,-117.61414682254613,True,False,14.158903863292807,POINT (440699.9825716741 4482552.211660501)
1.8142364801758732,135.42284561046196,149.5817494737548,-103.42284561046196,-117.5817494737548,True,False,14.158903863292835,POINT (440696.2873044128 4482565.017985322)
1.8180267954546037,135.45524295925333,149.61414682254613,-103.45524295925333,-117.61414682254613,True,False,14.158903863292807,POINT (440699.9825716741 4482552.211660501)
1.8388975411785846,135.6324324684353,149.79133633172813,-103.6324324684353,-117.79133633172813,True,False,14.158903863292835,POINT (440720.9540688732 4482566.631818812)
1.635063912614651,133.80869942176923,147.96760328506204,-101.80869942176923,-115.96760328506204,True,False,14.158903863292807,POINT (440509.89916448767 4482418.524906001)
1.6575997715262638,134.02119251589642,148.18009637918922,-102.02119251589642,-116.18009637918922,True,False,14.158903863292807,POINT (440534.6482781136 4482443.253355839)
1.0661194885339476,127.17010154361735,141.32900540691017,-95.17010154361735,-109.32900540691017,True,False,14.15890386329282,POINT (439938.9094992616 4482712.43220859)
1.0595774998268634,127.07455365347505,141.23345751676786,-95.07455365347505,-109.23345751676786,True,False,14.158903863292807,POINT (439927.3669572456 4482745.454384935)
1.0631254742988439,127.12644595822967,141.2853498215225,-95.12644595822967,-109.28534982152249,True,False,14.15890386329282,POINT (439924.74167833704 4482779.621980655)
1.0867356592205326,127.46741719008665,141.62632105337948,-95.46741719008665,-109.62632105337948,True,False,14.158903863292835,POINT (439942.55696240143 4482809.49447802)
1.0661194885339476,127.17010154361735,141.32900540691017,-95.17010154361735,-109.32900540691017,True,False,14.15890386329282,POINT (439938.9094992616 4482712.43220859)
1.0374253225051002,126.74657554477325,140.90547940806607,-94.74657554477325,-108.90547940806607,True,False,14.15890386329282,POINT (439912.5531396655 4482691.881826047)
1.0117752565547848,126.35794404667824,140.51684790997106,-94.35794404667824,-108.51684790997106,True,False,14.15890386329282,POINT (439889.51772862 4482665.533153445)
0.6532364786014357,119.56619337054691,133.72509723383973,-87.56619337054691,-101.72509723383973,True,True,14.15890386329282,POINT (439480.3527075013 4482309.872686461)
0.6503784112913413,119.49812660190742,133.65703046520025,-87.49812660190742,-101.65703046520025,True,True,14.158903863292835,POINT (439479.5482551288 4482315.196493395)
0.6532364786014357,119.56619337054691,133.72509723383973,-87.56619337054691,-101.72509723383973,True,True,14.15890386329282,POINT (439480.3527075013 4482309.872686461)
0.6728669425785547,120.02581048541228,134.18471434870509,-88.02581048541228,-102.18471434870509,True,True,14.158903863292807,POINT (439485.94119440013 4482275.323831926)
0.7523740521486008,121.75953491804225,135.91843878133508,-89.75953491804225,-103.91843878133508,True,True,14.158903863292835,POINT (439625.9735293079 4482459.566878818)
0.7287518435169428,121.26433946250692,135.42324332579975,-89.26433946250692,-103.42324332579975,True,True,14.15890386329282,POINT (439605.98036683054 4482488.294451882)
0.7523740521486008,121.75953491804225,135.91843878133508,-89.75953491804225,-103.91843878133508,True,True,14.158903863292835,POINT (439625.9735293079 4482459.566878818)
0.7783386408422196,122.28620751069236,136.44511137398518,-90.28620751069236,-104.44511137398518,True,True,14.15890386329282,POINT (439654.854467682 4482479.337852457)
0.7523740521486008,121.75953491804225,135.91843878133508,-89.75953491804225,-103.91843878133508,True,True,14.158903863292835,POINT (439625.9735293079 4482459.566878818)
0.777175241086124,122.26298728398007,136.4218911472729,-90.26298728398007,-104.4218911472729,True,True,14.158903863292835,POINT (439646.3407983345 4482431.103316982)
0.8027365672300101,122.76532956340094,136.92423342669375,-90.76532956340094,-104.92423342669375,True,True,14.158903863292807,POINT (439666.70806736103 4482402.639755146)
0.8289877184729241,123.26484664836788,137.4237505116607,-91.26484664836788,-105.4237505116607,True,False,14.15890386329282,POINT (439687.0753363876 4482374.17619331)
0.8558652220940166,123.76015433771896,137.91905820101178,-91.76015433771896,-105.91905820101178,True,False,14.15890386329282,POINT (439707.4426054142 4482345.712631473)
0.7083176032285975,120.82284901604731,134.98175287934015,-88.82284901604731,-102.98175287934015,True,True,14.158903863292835,POINT (439588.0046052465 4482514.123282357)
0.7042472149166534,120.73338673716664,134.89229060045946,-88.73338673716664,-102.89229060045946,True,True,14.15890386329282,POINT (439584.4491317699 4482520.923513988)
0.7083176032285975,120.82284901604731,134.98175287934015,-88.82284901604731,-102.98175287934015,True,True,14.158903863292835,POINT (439588.0046052465 4482514.123282357)
0.7310940487292955,121.31415096033703,135.47305482362987,-89.31415096033703,-103.47305482362987,True,True,14.158903863292835,POINT (439607.99776772386 4482485.395709293)
0.7844464908260405,122.40754712212131,136.56645098541415,-90.40754712212131,-104.56645098541415,True,True,14.158903863292835,POINT (439661.53707280755 4482483.912551799)
0.7583172681364062,121.8816753123719,136.0405791756647,-89.8816753123719,-104.0405791756647,True,True,14.158903863292807,POINT (439632.65613443346 4482464.14157816)
0.8820290839057459,124.22759081265221,138.38649467594504,-92.22759081265221,-106.38649467594504,True,False,14.158903863292835,POINT (439727.45386435074 4482320.531877062)
0.8845432509883828,124.27177575592795,138.43067961922077,-92.27177575592795,-106.43067961922077,True,False,14.15890386329282,POINT (439739.17089631193 4482353.512343433)
0.8889239957494798,124.34846544182435,138.50736930511715,-92.34846544182435,-106.50736930511715,True,False,14.158903863292807,POINT (439751.34486788476 4482386.268181426)
0.9098505881584154,124.70966953658177,138.8685733998746,-92.70966953658177,-106.8685733998746,True,False,14.158903863292835,POINT (439777.05368856055 4482408.335144005)
0.8820290839057459,124.22759081265221,138.38649467594504,-92.22759081265221,-106.38649467594504,True,False,14.158903863292835,POINT (439727.45386435074 4482320.531877062)
0.8622084919993718,123.8747807418213,138.03368460511413,-91.8747807418213,-106.03368460511413,True,False,14.158903863292835,POINT (439699.8706259701 4482298.987389126)
0.8433751611803971,123.53194739395656,137.6908512572494,-91.53194739395656,-105.69085125724939,True,False,14.158903863292835,POINT (439672.2873875895 4482277.442901189)
0.8255966577671028,123.20121714244493,137.36012100573774,-91.20121714244493,-105.36012100573774,True,False,14.158903863292807,POINT (439644.70414920885 4482255.898413253)
0.8089425320357813,122.88487807639238,137.0437819396852,-90.88487807639238,-105.0437819396852,True,False,14.15890386329282,POINT (439617.12091082823 4482234.353925317)
0.7929653260728873,122.57521530163463,136.73411916492745,-90.57521530163463,-104.73411916492745,True,True,14.15890386329282,POINT (439589.1881733655 4482213.265875767)
0.7781451618670986,122.28234828237882,136.44125214567165,-90.28234828237882,-104.44125214567165,True,True,14.158903863292835,POINT (439561.19588003104 4482192.2556041395)
0.7646413006562063,122.01059516473512,136.16949902802793,-90.01059516473512,-104.16949902802793,True,True,14.158903863292807,POINT (439533.20381498814 4482171.245028359)
0.8820290839057459,124.22759081265221,138.38649467594504,-92.22759081265221,-106.38649467594504,True,False,14.158903863292835,POINT (439727.45386435074 4482320.531877062)
0.9122177148631471,124.75000326722746,138.90890713052028,-92.75000326722746,-106.90890713052028,True,False,14.15890386329282,POINT (439751.1252451598 4482294.848531264)
0.9437366373676268,125.27730248393523,139.43620634722805,-93.27730248393523,-107.43620634722805,True,False,14.15890386329282,POINT (439776.32789959735 4482270.562197764)
0.975486381143673,125.79095060207035,139.9498544653632,-93.79095060207035,-107.94985446536319,True,False,14.158903863292835,POINT (439801.51950912114 4482246.264403428)
0.8820290839057459,124.22759081265221,138.38649467594504,-92.22759081265221,-106.38649467594504,True,False,14.158903863292835,POINT (439727.45386435074 4482320.531877062)
0.8536699911255399,123.72028732395228,137.8791911872451,-91.72028732395228,-105.87919118724511,True,False,14.158903863292835,POINT (439705.7956796587 4482348.014234748)
0.8268409297752829,123.22459483514568,137.3834986984385,-91.22459483514568,-105.3834986984385,True,False,14.15890386329282,POINT (439685.4284106321 4482376.477796583)
0.8006431118511353,122.72479375134168,136.88369761463449,-90.72479375134168,-104.88369761463449,True,True,14.158903863292807,POINT (439665.06114160555 4482404.94135842)
0.7751405433584864,122.22229319102603,136.38119705431885,-90.22229319102603,-104.38119705431885,True,True,14.15890386329282,POINT (439644.693872579 4482433.404920256)
0.6248116805715581,118.87558300961415,133.03448687290697,-86.87558300961415,-101.03448687290697,True,True,14.15890386329282,POINT (439449.6891866459 4482310.975677704)
0.6277111611364086,118.9474528401294,133.10635670342222,-86.9474528401294,-101.10635670342222,True,True,14.15890386329282,POINT (439450.48640182544 4482305.807337389)
0.6248116805715581,118.87558300961415,133.03448687290697,-86.87558300961415,-101.03448687290697,True,True,14.15890386329282,POINT (439449.6891866459 4482310.975677704)
0.5958746509718063,118.1394733187868,132.29837718207963,-86.1394733187868,-100.29837718207963,True,True,14.158903863292835,POINT (439415.0944961065 4482305.755210576)
0.7639057508461895,121.99565537080785,136.15455923410067,-89.99565537080785,-104.15455923410067,True,True,14.15890386329282,POINT (439510.67790648586 4482138.064071473)
0.7634918273141991,121.98724181988307,136.1461456831759,-89.98724181988307,-104.14614568317589,True,True,14.15890386329282,POINT (439512.84521799645 4482141.954030997)
0.7886826335160652,122.49114948577008,136.65005334906292,-90.49114948577008,-104.65005334906292,True,True,14.158903863292835,POINT (439523.31542942394 4482112.962808426)
0.7634918273141991,121.98724181988307,136.1461456831759,-89.98724181988307,-104.14614568317589,True,True,14.15890386329282,POINT (439512.84521799645 4482141.954030997)
0.7886826335160652,122.49114948577008,136.65005334906292,-90.49114948577008,-104.65005334906292,True,True,14.158903863292835,POINT (439523.31542942394 4482112.962808426)
0.8201862488028021,123.09915365385149,137.2580575171443,-91.09915365385149,-105.2580575171443,True,False,14.158903863292807,POINT (439539.75756724755 4482082.065298756)
0.7634918273141991,121.98724181988307,136.1461456831759,-89.98724181988307,-104.14614568317589,True,True,14.15890386329282,POINT (439512.84521799645 4482141.954030997)
0.7600752086706963,121.91761974464025,136.07652360793307,-89.91761974464025,-104.07652360793307,True,True,14.15890386329282,POINT (439513.56426866254 4482149.119347069)
0.7600752086706963,121.91761974464025,136.07652360793307,-89.91761974464025,-104.07652360793307,True,True,14.15890386329282,POINT (439513.56426866254 4482149.119347069)
0.7538973017788247,121.79093127876207,135.9498351420549,-89.79093127876207,-103.9498351420549,True,True,14.15890386329282,POINT (439510.0005090177 4482154.909500192)
0.7600752086706963,121.91761974464025,136.07652360793307,-89.91761974464025,-104.07652360793307,True,True,14.15890386329282,POINT (439513.56426866254 4482149.119347069)
0.75876100289479,121.89075616799481,136.04966003128763,-89.89075616799481,-104.04966003128763,True,True,14.15890386329282,POINT (439520.02838619164 4482161.355677761)
0.7538973017788247,121.79093127876207,135.9498351420549,-89.79093127876207,-103.9498351420549,True,True,14.15890386329282,POINT (439510.0005090177 4482154.909500192)
0.7363210920241132,121.42474105654989,135.5836449198427,-89.42474105654989,-103.5836449198427,True,True,14.158903863292807,POINT (439500.4373360024 4482172.3818523465)
0.7538973017788247,121.79093127876207,135.9498351420549,-89.79093127876207,-103.9498351420549,True,True,14.15890386329282,POINT (439510.0005090177 4482154.909500192)
0.7479288435411233,121.66754806372101,135.82645192701384,-89.66754806372101,-103.82645192701384,True,True,14.15890386329282,POINT (439500.47984697577 4482151.445354034)
0.9218072561820233,124.91233665256308,139.0712405158559,-92.91233665256308,-107.07124051585589,True,False,14.158903863292807,POINT (439789.96360658057 4482412.586934685)
0.9552045805357661,125.46479787136187,139.6237017346547,-93.46479787136187,-107.6237017346547,True,False,14.158903863292835,POINT (439824.64285323874 4482417.3144976115)
0.9887127812481615,126.00001207046218,140.158915933755,-94.00001207046218,-108.158915933755,True,False,14.15890386329282,POINT (439859.3220998969 4482422.042060537)
1.0223209559283037,126.51890446210683,140.67780832539964,-94.51890446210683,-108.67780832539964,True,False,14.158903863292807,POINT (439894.0013465551 4482426.769623464)
0.9218072561820233,124.91233665256308,139.0712405158559,-92.91233665256308,-107.07124051585589,True,False,14.158903863292807,POINT (439789.96360658057 4482412.586934685)
0.8941179683637455,124.43890337256062,138.59780723585342,-92.43890337256062,-106.59780723585342,True,False,14.158903863292807,POINT (439758.95979441155 4482397.463796601)
0.8858905363957379,124.29540181568609,138.45430567897893,-92.29540181568609,-106.45430567897893,True,False,14.158903863292835,POINT (439743.7211372919 4482366.32011507)
0.8828415153701038,124.24188255554216,138.40078641883497,-92.24188255554216,-106.40078641883497,True,False,14.158903863292807,POINT (439732.00410533074 4482333.339648698)
0.9218072561820233,124.91233665256308,139.0712405158559,-92.91233665256308,-107.07124051585589,True,False,14.158903863292807,POINT (439789.96360658057 4482412.586934685)
0.9024016225174593,124.58205766557715,138.74096152886997,-92.58205766557715,-106.74096152886997,True,False,14.15890386329282,POINT (439775.3842772998 4482444.405846636)
0.8839563106255217,124.26147188681797,138.4203757501108,-92.26147188681797,-106.4203757501108,True,False,14.15890386329282,POINT (439760.80494801904 4482476.224758586)
0.8665326478944899,123.9524382728404,138.1113421361332,-91.9524382728404,-106.1113421361332,True,False,14.158903863292807,POINT (439746.2256187383 4482508.043670537)
0.8501934489511772,123.65694053314198,137.8158443964348,-91.65694053314198,-105.81584439643481,True,False,14.158903863292835,POINT (439731.6462894575 4482539.862582487)
0.8350023780875656,123.37706748606362,137.53597134935643,-91.37706748606362,-105.53597134935643,True,False,14.158903863292807,POINT (439717.06696017674 4482571.681494438)
0.8210231678730698,123.11498547222835,137.27388933552118,-91.11498547222835,-105.27388933552118,True,False,14.15890386329282,POINT (439702.487630896 4482603.500406389)
0.8083186951671375,122.87290234125703,137.03180620454984,-90.87290234125703,-105.03180620454984,True,False,14.158903863292807,POINT (439687.9083016152 4482635.319318339)
0.75876100289479,121.89075616799481,136.04966003128763,-89.89075616799481,-104.04966003128763,True,True,14.15890386329282,POINT (439520.02838619164 4482161.355677761)
0.7716207986840414,122.15164518669616,136.31054904998896,-90.15164518669616,-104.31054904998896,True,True,14.158903863292807,POINT (439548.0204512345 4482182.366253542)
0.7858303300809188,122.43490742091329,136.5938112842061,-90.43490742091329,-104.59381128420611,True,True,14.15890386329282,POINT (439576.0126231211 4482203.376686974)
0.8013178624932017,122.73787058796174,136.89677445125454,-90.73787058796174,-104.89677445125454,True,True,14.158903863292807,POINT (439604.004946188 4482224.386918989)
0.8176134521102608,123.05038325177216,137.20928711506497,-91.05038325177216,-105.20928711506497,True,False,14.158903863292807,POINT (439631.72114875127 4482245.757758524)
0.8348714879737122,123.37463396855098,137.5335378318438,-91.37463396855098,-105.5335378318438,True,False,14.15890386329282,POINT (439659.3043871319 4482267.302246461)
0.8532168808642729,123.71204574417226,137.87094960746506,-91.71204574417226,-105.87094960746506,True,False,14.158903863292807,POINT (439686.8876255125 4482288.846734396)
0.8725810507634911,124.06041391195313,138.21931777524594,-92.06041391195313,-106.21931777524594,True,False,14.158903863292807,POINT (439714.4708638931 4482310.391222333)
0.75876100289479,121.89075616799481,136.04966003128763,-89.89075616799481,-104.04966003128763,True,True,14.15890386329282,POINT (439520.02838619164 4482161.355677761)
0.7538973017788247,121.79093127876207,135.9498351420549,-89.79093127876207,-103.9498351420549,True,True,14.15890386329282,POINT (439510.0005090177 4482154.909500192)
0.9876333222464051,125.98305485684368,140.1419587201365,-93.98305485684368,-108.1419587201365,True,False,14.15890386329282,POINT (439811.1115944588 4482237.012651706)
1.0098933109462283,126.32904333538396,140.48794719867678,-94.32904333538396,-108.48794719867678,True,False,14.15890386329282,POINT (439840.91228568665 4482255.101077314)
1.0365520317990229,126.73350281898946,140.89240668228229,-94.73350281898946,-108.89240668228229,True,False,14.15890386329282,POINT (439873.1935492341 4482268.625870242)
1.063908465172594,127.13787457309513,141.29677843638797,-95.13787457309513,-109.29677843638797,True,False,14.158903863292835,POINT (439905.6060597282 4482281.828667092)
1.0919005308279721,127.54101873451832,141.69992259781114,-95.54101873451832,-109.69992259781114,True,False,14.15890386329282,POINT (439938.1437508408 4482294.724350752)
0.9876333222464051,125.98305485684368,140.1419587201365,-93.98305485684368,-108.1419587201365,True,False,14.15890386329282,POINT (439811.1115944588 4482237.012651706)
0.9952974414974011,126.10305124195838,140.26195510525122,-94.10305124195838,-108.26195510525122,True,False,14.158903863292835,POINT (439806.13540369156 4482202.36820734)
1.0032699976336503,126.22690020638481,140.38580406967765,-94.22690020638481,-108.38580406967765,True,False,14.158903863292835,POINT (439800.28775362205 4482167.86298399)
1.0120119427959013,126.36157498998101,140.52047885327383,-94.36157498998101,-108.52047885327383,True,False,14.15890386329282,POINT (439794.0524696835 4482133.424583155)
1.0195563359574986,126.47686885109174,140.63577271438456,-94.47686885109174,-108.63577271438456,True,False,14.15890386329282,POINT (439785.4848395537 4482099.536760248)
0.9876333222464051,125.98305485684368,140.1419587201365,-93.98305485684368,-108.1419587201365,True,False,14.15890386329282,POINT (439811.1115944588 4482237.012651706)
1.0206377876530168,126.49332571098516,140.65222957427798,-94.49332571098516,-108.65222957427798,True,False,14.15890386329282,POINT (439838.07563883654 4482214.698075511)
1.0537710415260997,126.98925295773765,141.14815682103048,-94.98925295773765,-109.14815682103048,True,False,14.158903863292835,POINT (439865.0396832143 4482192.383499315)
1.0879426525439944,127.48464861479215,141.64355247808496,-95.48464861479215,-109.64355247808496,True,False,14.158903863292807,POINT (439894.14942465903 4482172.983102419)
1.1221015129975676,127.96454591415743,142.12344977745025,-95.96454591415743,-110.12344977745025,True,False,14.15890386329282,POINT (439923.05997126835 4482153.255449372)
1.156310683042929,128.43072649308613,142.58963035637896,-96.43072649308613,-110.58963035637896,True,False,14.158903863292835,POINT (439951.97051787766 4482133.527796324)
0.9876333222464051,125.98305485684368,140.1419587201365,-93.98305485684368,-108.1419587201365,True,False,14.15890386329282,POINT (439811.1115944588 4482237.012651706)
0.9557990718067649,125.47445605095166,139.6333599142445,-93.47445605095166,-107.6333599142445,True,False,14.158903863292835,POINT (439785.91998493497 4482261.310446043)
0.924191721637509,124.9524391221312,139.11134298542402,-92.9524391221312,-107.11134298542402,True,False,14.15890386329282,POINT (439760.7250954057 4482285.604836857)
0.8929923807440928,124.41934920678074,138.57825307007357,-92.41934920678074,-106.57825307007357,True,False,14.158903863292835,POINT (439735.75843622105 4482310.114874791)
0.8493623235989296,123.64175806280633,137.80066192609917,-91.64175806280633,-105.80066192609917,True,False,14.158903863292835,POINT (439556.4418591194 4482055.74777873)
0.8169415251761568,123.03762080805963,137.19652467135245,-91.03762080805963,-105.19652467135245,True,False,14.15890386329282,POINT (439538.0709421358 4482085.234747659)
0.8493623235989296,123.64175806280633,137.80066192609917,-91.64175806280633,-105.80066192609917,True,False,14.158903863292835,POINT (439556.4418591194 4482055.74777873)
0.8557028292709513,123.75720866861674,137.91611253190956,-91.75720866861674,-105.91611253190956,True,False,14.15890386329282,POINT (439558.5412050955 4482048.082346038)
0.9201382254415601,124.8842047580427,139.04310862133553,-92.8842047580427,-107.04310862133553,True,False,14.158903863292835,POINT (439601.5278360197 4481998.502918854)
0.9173652134113821,124.83735199361736,138.99625585691018,-92.83735199361736,-106.99625585691018,True,False,14.15890386329282,POINT (439598.32753123646 4481998.9394959705)
0.9173652134113821,124.83735199361736,138.99625585691018,-92.83735199361736,-106.99625585691018,True,False,14.15890386329282,POINT (439598.32753123646 4481998.9394959705)
0.9011559014740029,124.56061384479666,138.71951770808948,-92.56061384479666,-106.71951770808948,True,False,14.15890386329282,POINT (439583.39284952753 4482006.231261123)
0.9173652134113821,124.83735199361736,138.99625585691018,-92.83735199361736,-106.99625585691018,True,False,14.15890386329282,POINT (439598.32753123646 4481998.9394959705)
0.9168834028428219,124.82919689101416,138.988100754307,-92.82919689101416,-106.988100754307,True,False,14.158903863292835,POINT (439593.13700669905 4481993.275598683)
1.0734630719697569,127.27666099776563,141.43556486105845,-95.27666099776563,-109.43556486105845,True,False,14.15890386329282,POINT (439773.884735959 4481974.6337778205)
1.0821926495840881,127.40238769327692,141.56129155656976,-95.40238769327692,-109.56129155656976,True,False,14.158903863292835,POINT (439799.63179207774 4481998.342196182)
1.0919747683646464,127.54207411003361,141.70097797332642,-95.54207411003361,-109.70097797332642,True,False,14.158903863292807,POINT (439825.37884819653 4482022.050614544)
1.0734630719697569,127.27666099776563,141.43556486105845,-95.27666099776563,-109.43556486105845,True,False,14.15890386329282,POINT (439773.884735959 4481974.6337778205)
1.0421008528603999,126.81637925693535,140.97528312022817,-94.81637925693535,-108.97528312022817,True,False,14.15890386329282,POINT (439739.2155063999 4481979.434248816)
1.010977451866262,126.3456988683853,140.50460273167812,-94.3456988683853,-108.50460273167812,True,False,14.15890386329282,POINT (439704.54627684085 4481984.234719812)
0.9801156201344964,125.86444280035661,140.02334666364942,-93.86444280035661,-108.02334666364942,True,False,14.158903863292807,POINT (439669.87704728177 4481989.035190808)
0.949540862460509,125.3724818112065,139.53138567449932,-93.3724818112065,-107.53138567449932,True,False,14.15890386329282,POINT (439635.20781772264 4481993.835661802)
1.0734630719697569,127.27666099776563,141.43556486105845,-95.27666099776563,-109.43556486105845,True,False,14.15890386329282,POINT (439773.884735959 4481974.6337778205)
1.0642834363115652,127.14334471203941,141.30224857533224,-95.14334471203941,-109.30224857533224,True,False,14.158903863292835,POINT (439747.1217441259 4481952.131525652)
1.0953957297647354,127.5906295032168,141.74953336650964,-95.5906295032168,-109.74953336650964,True,False,14.158903863292835,POINT (439833.79451323365 4482029.7999318475)
1.0852755574242263,127.44654671023012,141.60545057352294,-95.44654671023012,-109.60545057352294,True,False,14.15890386329282,POINT (439808.0474571149 4482006.091513486)
1.0761989901026718,127.31617440112994,141.47507826442276,-95.31617440112994,-109.47507826442276,True,False,14.15890386329282,POINT (439782.3004009961 4481982.383095124)
1.0953957297647354,127.5906295032168,141.74953336650964,-95.5906295032168,-109.74953336650964,True,False,14.158903863292835,POINT (439833.79451323365 4482029.7999318475)
1.0636969684402358,127.134788374494,141.29369223778681,-95.134788374494,-109.29369223778681,True,False,14.15890386329282,POINT (439813.4050244861 4482058.247581111)
1.0319482138497382,126.66440337073007,140.82330723402288,-94.66440337073007,-108.82330723402288,True,False,14.158903863292807,POINT (439792.5034799088 4482086.294613429)
1.0953957297647354,127.5906295032168,141.74953336650964,-95.5906295032168,-109.74953336650964,True,False,14.158903863292835,POINT (439833.79451323365 4482029.7999318475)
1.1051408065328252,127.72811941003089,141.8870232733237,-95.72811941003089,-109.8870232733237,True,False,14.15890386329282,POINT (439858.5279337673 4482054.5639765235)
1.1222547155948503,127.966665180965,142.12556904425782,-95.966665180965,-110.12556904425782,True,False,14.15890386329282,POINT (439887.5821510494 4482073.724103697)
1.1418970992376383,128.23601137227857,142.39491523557137,-96.23601137227857,-110.39491523557137,True,False,14.158903863292807,POINT (439917.8221593718 4482091.34630267)
1.1616309261402384,128.5019857100178,142.66088957331064,-96.5019857100178,-110.66088957331064,True,False,14.158903863292835,POINT (439947.6632303916 4482109.633505687)
1.0953957297647354,127.5906295032168,141.74953336650964,-95.5906295032168,-109.74953336650964,True,False,14.158903863292835,POINT (439833.79451323365 4482029.7999318475)
1.124914572086734,128.003413198532,142.16231706182484,-96.003413198532,-110.16231706182484,True,False,14.158903863292835,POINT (439849.86714120256 4481998.7086045975)
1.1547384685889814,128.40960551787063,142.56850938116347,-96.40960551787063,-110.56850938116347,True,False,14.158903863292835,POINT (439865.9376446092 4481967.616179536)
1.1855533369359055,128.81842040495096,142.97732426824376,-96.81842040495096,-110.97732426824376,True,False,14.158903863292807,POINT (439883.33387462934 4481937.291549588)
1.05452779666841,127.00039678900151,141.15930065229432,-95.00039678900151,-109.15930065229432,True,False,14.158903863292807,POINT (439723.3225992076 4481936.254882988)
1.0444827942586918,126.85182032156058,141.01072418485342,-94.85182032156058,-109.01072418485342,True,False,14.158903863292835,POINT (439697.2483252817 4481919.103405604)
1.05452779666841,127.00039678900151,141.15930065229432,-95.00039678900151,-109.15930065229432,True,False,14.158903863292807,POINT (439723.3225992076 4481936.254882988)
1.0886142068715878,127.49422766493133,141.65313152822415,-95.49422766493133,-109.65313152822415,True,False,14.15890386329282,POINT (439745.6242390224 4481909.280138103)
1.1225900964656348,127.97130352828484,142.13020739157767,-95.97130352828484,-110.13020739157767,True,False,14.158903863292835,POINT (439767.3603052647 4481881.850824611)
1.1333045661530976,128.11876087903184,142.27766474232467,-96.11876087903184,-110.27766474232467,True,False,14.158903863292835,POINT (439760.56322031096 4481856.1372277355)
1.10364092623956,127.70703724729366,141.86594111058648,-95.70703724729366,-109.86594111058648,True,False,14.15890386329282,POINT (439735.17718229175 4481871.952971307)
1.069405799468255,127.21787818030714,141.37678204359997,-95.21787818030714,-109.37678204359997,True,False,14.158903863292835,POINT (439713.2393978998 4481899.224451208)
1.05452779666841,127.00039678900151,141.15930065229432,-95.00039678900151,-109.15930065229432,True,False,14.158903863292807,POINT (439723.3225992076 4481936.254882988)
1.066237917917427,127.17182583543551,141.33072969872833,-95.17182583543551,-109.33072969872833,True,False,14.15890386329282,POINT (439752.24137067446 4481955.949600045)
1.0261255826412097,126.57656772531135,140.73547158860418,-94.57656772531135,-108.73547158860418,True,False,14.158903863292835,POINT (439897.9211840491 4482427.30398566)
0.9925067313321512,126.05946466942547,140.21836853271827,-94.05946466942547,-108.21836853271827,True,False,14.158903863292807,POINT (439863.24193739094 4482422.576422733)
0.9589867111322349,125.52614059394915,139.68504445724196,-93.52614059394915,-107.68504445724196,True,False,14.158903863292807,POINT (439828.56269073277 4482417.8488598075)
0.925576259698301,124.97567713671206,139.13458100000489,-92.97567713671206,-107.13458100000489,True,False,14.15890386329282,POINT (439793.8834440746 4482413.121296881)
1.0261255826412097,126.57656772531135,140.73547158860418,-94.57656772531135,-108.73547158860418,True,False,14.158903863292835,POINT (439897.9211840491 4482427.30398566)
1.0585921009100705,127.0601104783044,141.21901434159722,-95.0601104783044,-109.21901434159722,True,False,14.15890386329282,POINT (439931.8373823292 4482435.750005993)
1.0907587313076086,127.52477764161299,141.6836815049058,-95.52477764161299,-109.68368150490579,True,False,14.158903863292807,POINT (439965.4506653555 4482445.504348831)
1.1243335176622444,127.99539289583586,142.15429675912867,-95.99539289583586,-110.15429675912867,True,False,14.158903863292807,POINT (439999.8772727787 4482451.194897951)
1.1585123099381764,128.46025471954678,142.6191585828396,-96.46025471954678,-110.61915858283959,True,False,14.158903863292807,POINT (440034.6555373311 4482455.128384282)
1.1920172522515255,128.90282665493524,143.06173051822805,-96.90282665493524,-111.06173051822805,True,False,14.158903863292807,POINT (440068.91451221623 4482461.239630789)
1.0261255826412097,126.57656772531135,140.73547158860418,-94.57656772531135,-108.73547158860418,True,False,14.158903863292835,POINT (439897.9211840491 4482427.30398566)
1.048982845628684,126.91855684836052,141.07746071165334,-94.91855684836052,-109.07746071165334,True,False,14.15890386329282,POINT (439916.42918255273 4482397.59785849)
1.0719281620249428,127.25444899239528,141.4133528556881,-95.25444899239528,-109.41335285568809,True,False,14.158903863292807,POINT (439934.289218674 4482367.53043433)
1.0958648987097033,127.5972768223023,141.75618068559513,-95.5972768223023,-109.75618068559513,True,False,14.15890386329282,POINT (439952.5634091418 4482337.692563401)
1.1200214600863239,127.93574366678644,142.09464753007924,-95.93574366678644,-110.09464753007924,True,False,14.158903863292807,POINT (439970.3981080536 4482307.577392561)
1.0261255826412097,126.57656772531135,140.73547158860418,-94.57656772531135,-108.73547158860418,True,False,14.158903863292835,POINT (439897.9211840491 4482427.30398566)
1.0022128099310565,126.21053413288637,140.3694379961792,-94.21053413288637,-108.36943799617919,True,False,14.15890386329282,POINT (439877.4967570929 4482455.726560904)
0.9819607888852149,125.893639354671,140.05254321796383,-93.893639354671,-108.05254321796383,True,False,14.158903863292835,POINT (439860.2504318772 4482486.090567661)
0.9724619352582513,125.7427469397968,139.9016508030896,-93.7427469397968,-107.90165080308961,True,False,14.158903863292807,POINT (439853.1453483742 4482520.298896145)
0.9639619961179616,125.60646777546948,139.7653716387623,-93.60646777546948,-107.7653716387623,True,False,14.15890386329282,POINT (439845.866392888 4482554.5330216605)
0.8030012370021278,122.77044686498762,136.92935072828044,-90.77044686498762,-104.92935072828044,True,True,14.15890386329282,POINT (439679.58980843786 4482665.731644954)
0.809035269078049,122.88665755175643,137.04556141504924,-90.88665755175643,-105.04556141504924,True,False,14.158903863292807,POINT (439688.77269433514 4482633.432809344)
0.8218170439332585,123.12998814761556,137.2888920109084,-91.12998814761556,-105.2888920109084,True,False,14.158903863292835,POINT (439703.3520236159 4482601.6138973925)
0.8358698707252564,123.39318632991937,137.5520901932122,-91.39318632991937,-105.5520901932122,True,False,14.15890386329282,POINT (439717.9313528967 4482569.7949854415)
0.8511307936347386,123.67404555256095,137.8329494158538,-91.67404555256095,-105.83294941585379,True,False,14.158903863292835,POINT (439732.51068217744 4482537.976073491)
0.8675360597464506,123.9704031508009,138.12930701409374,-91.9704031508009,-106.12930701409374,True,False,14.158903863292835,POINT (439747.0900114582 4482506.15716154)
0.8850220347806947,124.28017585016966,138.43907971346246,-92.28017585016966,-106.43907971346246,True,False,14.158903863292807,POINT (439761.66934073897 4482474.33824959)
0.9035259759046764,124.60138686430861,138.76029072760142,-92.60138686430861,-106.76029072760142,True,False,14.158903863292807,POINT (439776.24867001973 4482442.519337639)
0.8030012370021278,122.77044686498762,136.92935072828044,-90.77044686498762,-104.92935072828044,True,True,14.15890386329282,POINT (439679.58980843786 4482665.731644954)
0.7981856723044691,122.67707462057831,136.83597848387112,-90.67707462057831,-104.83597848387112,True,True,14.158903863292807,POINT (439673.3486971217 4482676.849522999)
0.8030012370021278,122.77044686498762,136.92935072828044,-90.77044686498762,-104.92935072828044,True,True,14.15890386329282,POINT (439679.58980843786 4482665.731644954)
0.8327523633112667,123.33518188545922,137.49408574875204,-91.33518188545922,-105.49408574875204,True,False,14.15890386329282,POINT (439711.03243317467 4482651.414908795)
0.8614134981004835,123.86046106891412,138.01936493220694,-91.86046106891412,-106.01936493220694,True,False,14.15890386329282,POINT (439741.26763532177 4482633.784464923)
0.890527894464244,124.37644894642362,138.53535280971644,-92.37644894642362,-106.53535280971644,True,False,14.15890386329282,POINT (439771.50283746887 4482616.154021051)
0.9200525240050831,124.88275886370812,139.04166272700093,-92.88275886370812,-107.04166272700093,True,False,14.158903863292807,POINT (439801.738039616 4482598.523577179)
0.949949137079099,125.37915489647946,139.5380587597723,-93.37915489647946,-107.5380587597723,True,False,14.158903863292835,POINT (439831.9732417631 4482580.893133307)
0.9545427258930888,125.45403822423614,139.61294208752895,-93.45403822423614,-107.61294208752895,True,False,14.158903863292807,POINT (439836.58798871475 4482578.202228952)
0.9893539871989615,126.01007600747832,140.16897987077112,-94.01007600747832,-108.16897987077112,True,False,14.158903863292807,POINT (439871.3680608755 4482582.119700138)
1.0241939292947082,126.54731818317481,140.70622204646762,-94.54731818317481,-108.70622204646762,True,False,14.158903863292807,POINT (439906.166183241 4482585.871967089)
1.0590849060618546,127.06733529484353,141.22623915813637,-95.06733529484353,-109.22623915813637,True,False,14.158903863292835,POINT (439941.0172128561 4482588.856906683)
0.9545427258930888,125.45403822423614,139.61294208752895,-93.45403822423614,-107.61294208752895,True,False,14.158903863292807,POINT (439836.58798871475 4482578.202228952)
0.9245924292118904,124.9591681549543,139.11807201824712,-92.9591681549543,-107.11807201824712,True,False,14.15890386329282,POINT (439806.35278656764 4482595.832672824)
0.8950086618332123,124.45435942282793,138.61326328612074,-92.45435942282793,-106.61326328612074,True,False,14.158903863292807,POINT (439776.11758442054 4482613.463116696)
0.8658289954471415,123.93982781180395,138.09873167509676,-91.93982781180395,-106.09873167509676,True,False,14.158903863292807,POINT (439745.88238227344 4482631.093560568)
0.8370956898452718,123.4159347251785,137.57483858847132,-91.4159347251785,-105.57483858847132,True,False,14.15890386329282,POINT (439715.64718012634 4482648.72400444)
0.8082011620553751,122.87064503498125,137.02954889827407,-90.87064503498125,-105.02954889827407,True,False,14.15890386329282,POINT (439684.89648451435 4482665.118420124)
0.9545427258930888,125.45403822423614,139.61294208752895,-93.45403822423614,-107.61294208752895,True,False,14.158903863292807,POINT (439836.58798871475 4482578.202228952)
0.9661813541295267,125.64216621967671,139.80107008296955,-93.64216621967671,-107.80107008296955,True,False,14.158903863292835,POINT (439847.87097562733 4482545.19277617)
0.9748237657059453,125.78040262483263,139.93930648812545,-93.78040262483263,-107.93930648812545,True,False,14.15890386329282,POINT (439854.9660601041 4482510.921074085)
0.9870794117464173,125.9743462841791,140.13325014747193,-93.9743462841791,-108.13325014747193,True,False,14.15890386329282,POINT (439864.60796202574 4482477.5893637)
1.0086753346174737,126.31031036376761,140.46921422706043,-94.31031036376761,-108.46921422706043,True,False,14.15890386329282,POINT (439883.0714197153 4482447.968876041)
1.1200672473653601,127.93637825341486,142.0952821167077,-95.93637825341486,-110.0952821167077,True,False,14.158903863292835,POINT (439970.431515876 4482307.520981052)
1.1482826264817048,128.32257583133935,142.48147969463216,-96.32257583133935,-110.48147969463216,True,False,14.158903863292807,POINT (440002.6155331958 4482321.275581343)
1.177046765806111,128.70663695898583,142.86554082227863,-96.70663695898583,-110.86554082227863,True,False,14.158903863292807,POINT (440034.9205861715 4482334.704171565)
1.2077104751343977,129.10586013657297,143.2647639998658,-97.10586013657297,-111.2647639998658,True,False,14.158903863292835,POINT (440068.2830598904 4482345.2845944)
1.240031099299201,129.5158288494139,143.67473271270674,-97.51582884941391,-111.67473271270674,True,False,14.158903863292835,POINT (440102.50797080726 4482352.577437841)
1.2724873369414127,129.91690272402573,144.07580658731854,-97.91690272402573,-112.07580658731854,True,False,14.158903863292807,POINT (440136.732646706 4482359.903525448)
1.1200672473653601,127.93637825341486,142.0952821167077,-95.93637825341486,-110.0952821167077,True,False,14.158903863292835,POINT (439970.431515876 4482307.520981052)
1.0916839791902264,127.53793978359387,141.6968436468867,-95.53793978359387,-109.69684364688669,True,False,14.15890386329282,POINT (439937.8938247633 4482294.625297392)
1.0636950607296862,127.13476053404396,141.29366439733678,-95.13476053404396,-109.29366439733678,True,False,14.15890386329282,POINT (439905.3561336507 4482281.729613732)
1.0363453714931274,126.73040760585688,140.8893114691497,-94.73040760585688,-108.8893114691497,True,False,14.15890386329282,POINT (439872.9455928089 4482268.521984615)
1.0096905132958092,126.32592579323047,140.4848296565233,-94.32592579323047,-108.48482965652329,True,False,14.15890386329282,POINT (439840.66432926134 4482254.997191686)
1.1200672473653601,127.93637825341486,142.0952821167077,-95.93637825341486,-110.0952821167077,True,False,14.158903863292835,POINT (439970.431515876 4482307.520981052)
1.1502872499363137,128.3496519559555,142.50855581924833,-96.3496519559555,-110.50855581924833,True,False,14.158903863292835,POINT (439995.4342826452 4482283.028907766)
1.1807713055930942,128.75567961526866,142.91458347856147,-96.75567961526866,-110.91458347856147,True,False,14.158903863292807,POINT (440020.4370494144 4482258.536834478)
1.2127450366389096,129.1704369290654,143.3293407923582,-97.1704369290654,-111.32934079235821,True,False,14.158903863292807,POINT (440047.36139911815 4482236.2039023815)
1.1200672473653601,127.93637825341486,142.0952821167077,-95.93637825341486,-110.0952821167077,True,False,14.158903863292835,POINT (439970.431515876 4482307.520981052)
1.095909601412812,127.59791003441345,141.75681389770625,-95.59791003441345,-109.75681389770625,True,False,14.158903863292807,POINT (439952.5968169641 4482337.636151892)
1.0719744153726904,127.25511879899595,141.41402266228877,-95.25511879899595,-109.41402266228877,True,False,14.15890386329282,POINT (439934.32575267996 4482367.475995306)
1.049026290104648,126.91919974104759,141.0781036043404,-94.91919974104759,-109.07810360434041,True,False,14.15890386329282,POINT (439916.4638515948 4482397.5422132)
1.02616775867164,126.57720575011635,140.73610961340916,-94.57720575011635,-108.73610961340916,True,False,14.158903863292807,POINT (439897.95585309115 4482427.248340368)
1.222834267204123,129.29904539371955,143.45794925701236,-97.29904539371955,-111.45794925701236,True,False,14.158903863292807,POINT (440055.872215665 4482229.3297264185)
1.2514428880413468,129.65803281277044,143.81693667606328,-97.65803281277044,-111.81693667606328,True,False,14.158903863292835,POINT (440087.48716510716 4482235.858962316)
1.222834267204123,129.29904539371955,143.45794925701236,-97.29904539371955,-111.45794925701236,True,False,14.158903863292807,POINT (440055.872215665 4482229.3297264185)
1.1969355603223293,128.96674419731113,143.12564806060394,-96.96674419731113,-111.12564806060394,True,False,14.158903863292807,POINT (440024.32303537626 4482214.4798379885)
1.222834267204123,129.29904539371955,143.45794925701236,-97.29904539371955,-111.45794925701236,True,False,14.158903863292807,POINT (440055.872215665 4482229.3297264185)
1.1906096172376281,128.8844847104772,143.04338857377002,-96.88448471047721,-111.04338857377002,True,False,14.158903863292807,POINT (440028.6443602203 4482251.321631472)
1.1597884878264866,128.47734514098667,142.63624900427948,-96.47734514098667,-110.63624900427948,True,False,14.158903863292807,POINT (440003.24958640896 4482275.373235323)
1.1294836885645452,128.06633678684008,142.22524065013292,-96.06633678684008,-110.22524065013292,True,False,14.158903863292835,POINT (439978.24681963975 4482299.86530861)
1.2514428880413468,129.65803281277044,143.81693667606328,-97.65803281277044,-111.81693667606328,True,False,14.158903863292835,POINT (440087.48716510716 4482235.858962316)
1.222834267204123,129.29904539371955,143.45794925701236,-97.29904539371955,-111.45794925701236,True,False,14.158903863292807,POINT (440055.872215665 4482229.3297264185)
1.2514428880413468,129.65803281277044,143.81693667606328,-97.65803281277044,-111.81693667606328,True,False,14.158903863292835,POINT (440087.48716510716 4482235.858962316)
1.2845160836608858,130.0629534003957,144.22185726368852,-98.06295340039571,-112.22185726368852,True,False,14.158903863292807,POINT (440121.447150485 4482234.602247008)
1.3184611682224008,130.46784842567791,144.62675228897075,-98.46784842567791,-112.62675228897075,True,False,14.158903863292835,POINT (440152.02141654195 4482217.781759224)
1.1792456956109896,128.73560996760975,142.89451383090255,-96.73560996760975,-110.89451383090255,True,False,14.158903863292807,POINT (440001.3065965233 4482200.738702369)
1.1558094132240626,128.42399560340309,142.58289946669592,-96.42399560340309,-110.58289946669592,True,False,14.158903863292835,POINT (439970.72580707533 4482183.894870579)
1.1610130399681895,128.49372652602494,142.65263038931778,-96.49372652602494,-110.65263038931778,True,False,14.158903863292835,POINT (439964.96433156217 4482153.447664757)
1.1792456956109896,128.73560996760975,142.89451383090255,-96.73560996760975,-110.89451383090255,True,False,14.158903863292807,POINT (440001.3065965233 4482200.738702369)
1.2024100621414853,129.03758179810643,143.19648566139924,-97.03758179810643,-111.19648566139924,True,False,14.158903863292807,POINT (440031.35836552794 4482218.6800283985)
1.0203708159473588,126.4892647230358,140.6481685863286,-94.4892647230358,-108.64816858632861,True,False,14.158903863292807,POINT (439783.172754928 4482093.404300514)
1.0530905879055827,126.97922589278762,141.13812975608045,-94.97922589278762,-109.13812975608045,True,False,14.15890386329282,POINT (439806.55252172693 4482067.808271793)
1.084719758300296,127.43859482014176,141.59749868343457,-95.43859482014176,-109.59749868343457,True,False,14.158903863292807,POINT (439826.9420104745 4482039.360622529)
1.0203708159473588,126.4892647230358,140.6481685863286,-94.4892647230358,-108.64816858632861,True,False,14.158903863292807,POINT (439783.172754928 4482093.404300514)
0.9868793402510557,125.97119956169136,140.13010342498418,-93.97119956169136,-108.13010342498418,True,False,14.15890386329282,POINT (439749.230095419 4482100.990791928)
0.954040443251751,125.44586772888373,139.60477159217655,-93.44586772888373,-107.60477159217655,True,False,14.15890386329282,POINT (439714.6263300002 4482106.242402999)
0.9213606799215709,124.90481450182764,139.06371836512048,-92.90481450182764,-107.06371836512048,True,False,14.158903863292835,POINT (439680.0225645813 4482111.494014069)
0.8889362745326475,124.34867986365663,138.50758372694946,-92.34867986365663,-106.50758372694946,True,False,14.158903863292835,POINT (439645.3965417829 4482116.554782968)
0.8622246635041673,123.87507189086438,138.03397575415718,-91.87507189086438,-106.03397575415718,True,False,14.158903863292807,POINT (439611.1257887016 4482111.784420716)
0.8519316116984705,123.68864426749353,137.84754813078635,-91.68864426749353,-105.84754813078635,True,False,14.15890386329282,POINT (439584.4802873309 4482090.033164072)
1.0203708159473588,126.4892647230358,140.6481685863286,-94.4892647230358,-108.64816858632861,True,False,14.158903863292807,POINT (439783.172754928 4482093.404300514)
1.013651856928028,126.38670919387927,140.5456130571721,-94.38670919387927,-108.54561305717209,True,False,14.15890386329282,POINT (439792.7595744281 4482126.999536885)
1.0048514757966578,126.25135052972082,140.41025439301364,-94.25135052972082,-108.41025439301364,True,False,14.15890386329282,POINT (439799.15200325137 4482161.408305935)
0.9968626229656901,126.12744349149597,140.28634735478877,-94.12744349149597,-108.28634735478877,True,False,14.158903863292807,POINT (439805.20359940256 4482195.880947635)
0.9889787169289952,126.00418680980304,140.16309067309587,-94.00418680980304,-108.16309067309587,True,False,14.15890386329282,POINT (439810.1797901698 4482230.525392001)
1.2075530304772086,129.10383630341718,143.26274016671,-97.10383630341718,-111.26274016670999,True,False,14.158903863292807,POINT (439896.0178738774 4481916.304451444)
1.2050917367393092,129.0721638640833,143.23106772737614,-97.07216386408331,-111.23106772737614,True,False,14.158903863292835,POINT (439889.0262123787 4481910.088686687)
1.2075530304772086,129.10383630341718,143.26274016671,-97.10383630341718,-111.26274016670999,True,False,14.158903863292807,POINT (439896.0178738774 4481916.304451444)
1.1760623614113408,128.69364894348115,142.85255280677396,-96.69364894348115,-110.85255280677396,True,False,14.158903863292807,POINT (439877.66393112653 4481946.088761662)
1.1457903699208445,128.28884733474317,142.44775119803597,-96.28884733474317,-110.44775119803597,True,False,14.158903863292807,POINT (439861.1335493571 4481976.914559246)
1.1160543037555155,127.88066231963052,142.03956618292335,-95.88066231963052,-110.03956618292335,True,False,14.158903863292835,POINT (439845.0609213882 4482008.005886496)
1.0444827942586918,126.85182032156058,141.01072418485342,-94.85182032156058,-109.01072418485342,True,False,14.158903863292835,POINT (439697.2483252817 4481919.103405604)
1.05452779666841,127.00039678900151,141.15930065229432,-95.00039678900151,-109.15930065229432,True,False,14.158903863292807,POINT (439723.3225992076 4481936.254882988)
1.0444827942586918,126.85182032156058,141.01072418485342,-94.85182032156058,-109.01072418485342,True,False,14.158903863292835,POINT (439697.2483252817 4481919.103405604)
1.0349078930729725,126.7088609688613,140.86776483215414,-94.7088609688613,-108.86776483215414,True,False,14.158903863292835,POINT (439668.40426857054 4481899.278663678)
1.0184686456831566,126.46029943970137,140.6192033029942,-94.46029943970137,-108.61920330299421,True,False,14.158903863292835,POINT (439636.26756336406 4481887.673034987)
0.9897287472579563,126.01595496945555,140.17485883274838,-94.01595496945555,-108.17485883274838,True,False,14.158903863292835,POINT (439601.6459675362 4481892.578288766)
0.9755456058378482,125.7918930334427,139.95079689673554,-93.7918930334427,-107.95079689673554,True,False,14.158903863292835,POINT (439587.26525320235 4481898.033607739)
0.9737645995127397,125.76352717549119,139.92243103878403,-93.76352717549119,-107.92243103878403,True,False,14.158903863292835,POINT (439576.1834608485 4481889.164772886)
0.9755456058378482,125.7918930334427,139.95079689673554,-93.7918930334427,-107.95079689673554,True,False,14.158903863292835,POINT (439587.26525320235 4481898.033607739)
0.9745409172819464,125.77589786159433,139.93480172488714,-93.77589786159433,-107.93480172488714,True,False,14.158903863292807,POINT (439610.2427146065 4481924.433810394)
0.9649358380271299,125.62214216261913,139.78104602591193,-93.62214216261913,-107.78104602591193,True,False,14.158903863292807,POINT (439624.20916078414 4481955.4086543275)
0.9327965628377627,125.09630178742374,139.25520565071656,-93.09630178742374,-107.25520565071656,True,False,14.15890386329282,POINT (439605.7218363553 4481983.5289464295)
0.9755456058378482,125.7918930334427,139.95079689673554,-93.7918930334427,-107.95079689673554,True,False,14.158903863292835,POINT (439587.26525320235 4481898.033607739)
1.0060401376644146,126.2697024289583,140.42860629225112,-94.2697024289583,-108.42860629225112,True,False,14.15890386329282,POINT (439620.9365258146 4481889.334249316)
1.0301961885651945,126.63802592744939,140.7969297907422,-94.63802592744939,-108.79692979074221,True,False,14.15890386329282,POINT (439655.23880645854 4481891.299059496)
1.0401294810612531,126.7869857640007,140.94588962729352,-94.7869857640007,-108.94588962729352,True,False,14.15890386329282,POINT (439684.5386072424 4481910.367918685)
0.9737645995127397,125.76352717549119,139.92243103878403,-93.76352717549119,-107.92243103878403,True,False,14.158903863292835,POINT (439576.1834608485 4481889.164772886)
0.9684816689769458,125.6790804190632,139.83798428235602,-93.6790804190632,-107.83798428235602,True,False,14.15890386329282,POINT (439547.7833787657 4481868.709080825)
0.967168880482344,125.65802425912156,139.81692812241437,-93.65802425912156,-107.81692812241437,True,False,14.158903863292807,POINT (439521.15453961655 4481846.178041004)
0.9757217888946594,125.7946962629237,139.95360012621651,-93.7946962629237,-107.95360012621651,True,False,14.15890386329282,POINT (439500.858430832 4481817.706517072)
0.9827363801626734,125.90589535085196,140.06479921414478,-93.90589535085196,-108.06479921414478,True,False,14.15890386329282,POINT (439479.06199004635 4481791.493434737)
0.9737645995127397,125.76352717549119,139.92243103878403,-93.76352717549119,-107.92243103878403,True,False,14.158903863292835,POINT (439576.1834608485 4481889.164772886)
0.9755456058378482,125.7918930334427,139.95079689673554,-93.7918930334427,-107.95079689673554,True,False,14.158903863292835,POINT (439587.26525320235 4481898.033607739)
0.9737645995127397,125.76352717549119,139.92243103878403,-93.76352717549119,-107.92243103878403,True,False,14.158903863292835,POINT (439576.1834608485 4481889.164772886)
1.008632406139835,126.30964969370146,140.4685535569943,-94.30964969370146,-108.4685535569943,True,False,14.158903863292835,POINT (439598.8652673068 4481862.50889819)
1.0435090637683315,126.83734189733795,140.99624576063079,-94.83734189733795,-108.99624576063079,True,False,14.158903863292835,POINT (439621.5470737651 4481835.853023495)
1.0783929891646828,127.34778864844594,141.50669251173878,-95.34778864844594,-109.50669251173878,True,False,14.158903863292835,POINT (439644.22243783326 4481809.191736851)
1.1132479302571339,127.84157930580986,142.0004831691027,-95.84157930580986,-110.0004831691027,True,False,14.158903863292835,POINT (439666.56483529654 4481782.250740663)
0.9315277593878878,125.07517252923776,139.23407639253057,-93.07517252923776,-107.23407639253057,True,False,14.158903863292807,POINT (439604.8043370532 4481984.411721376)
0.9640000815577464,125.60708107380394,139.76598493709676,-93.60708107380394,-107.76598493709676,True,False,14.15890386329282,POINT (439624.04070285853 4481956.670683845)
0.9745245050494405,125.77563643332884,139.93454029662166,-93.77563643332884,-107.93454029662166,True,False,14.15890386329282,POINT (439611.07593384624 4481925.396536874)
0.9755100783859648,125.7913276986778,139.9502315619706,-93.7913276986778,-107.95023156197061,True,False,14.158903863292807,POINT (439588.118378203 4481898.978739639)
0.9315277593878878,125.07517252923776,139.23407639253057,-93.07517252923776,-107.23407639253057,True,False,14.158903863292807,POINT (439604.8043370532 4481984.411721376)
0.9201382254415601,124.8842047580427,139.04310862133553,-92.8842047580427,-107.04310862133553,True,False,14.158903863292835,POINT (439601.5278360197 4481998.502918854)
0.8575212988253661,123.79016230253545,137.94906616582827,-91.79016230253545,-105.94906616582827,True,False,14.15890386329282,POINT (439569.0708314476 4482058.920459932)
0.8519245599495313,123.68851577575427,137.8474196390471,-91.68851577575427,-105.8474196390471,True,False,14.158903863292835,POINT (439584.5608162804 4482090.162985305)
0.8623090238019854,123.87659061089093,138.03549447418376,-91.87659061089093,-106.03549447418376,True,False,14.158903863292835,POINT (439611.2651135804 4482111.847086836)
0.8890734047448768,124.35107433875918,138.509978202052,-92.35107433875918,-106.509978202052,True,False,14.15890386329282,POINT (439645.54880288965 4482116.542332274)
0.9215029515011037,124.90721132642062,139.06611518971346,-92.90721132642062,-107.06611518971346,True,False,14.158903863292835,POINT (439680.1736043994 4482111.471091639)
0.954183445848779,125.44819435122731,139.60709821452014,-93.44819435122731,-107.60709821452014,True,False,14.15890386329282,POINT (439714.7773698182 4482106.219480569)
0.9870230022843695,125.97345914128931,140.13236300458215,-93.97345914128931,-108.13236300458215,True,False,14.158903863292835,POINT (439749.381135237 4482100.967869498)
0.8575212988253661,123.79016230253545,137.94906616582827,-91.79016230253545,-105.94906616582827,True,False,14.15890386329282,POINT (439569.0708314476 4482058.920459932)
0.8493623235989296,123.64175806280633,137.80066192609917,-91.64175806280633,-105.80066192609917,True,False,14.158903863292835,POINT (439556.4418591194 4482055.74777873)
1.2050917367393092,129.0721638640833,143.23106772737614,-97.07216386408331,-111.23106772737614,True,False,14.158903863292835,POINT (439889.0262123787 4481910.088686687)
1.194554960367377,128.93583916526407,143.0947430285569,-96.93583916526407,-111.0947430285569,True,False,14.158903863292835,POINT (439861.5822646878 4481888.367044596)
1.1849687246550606,128.81076381764333,142.96966768093617,-96.81076381764333,-110.96966768093617,True,False,14.158903863292835,POINT (439834.14481101185 4481866.637251853)
1.177259963993882,128.7094484180438,142.86835228133663,-96.70944841804379,-110.86835228133663,True,False,14.158903863292835,POINT (439807.3027618296 4481844.186288739)
1.1710220970880927,128.62697800631275,142.7858818696056,-96.62697800631275,-110.78588186960559,True,False,14.158903863292835,POINT (439780.7683520785 4481821.362509947)
1.1658151726174462,128.5578005125564,142.71670437584922,-96.55780051255641,-110.71670437584922,True,False,14.158903863292807,POINT (439754.2425605484 4481798.528710795)
1.1616399104456145,128.50210576936064,142.66100963265347,-96.50210576936064,-110.66100963265347,True,False,14.158903863292835,POINT (439727.7167690183 4481775.694911643)
1.1585128552622106,128.4602620264808,142.61916588977363,-96.46026202648079,-110.61916588977363,True,False,14.158903863292835,POINT (439701.1945093856 4481752.857021397)
1.1241303401865317,127.99258745607399,142.1514913193668,-95.99258745607399,-110.15149131936681,True,False,14.15890386329282,POINT (439673.53939536016 4481773.840649651)
1.1281505233565845,128.04800344055718,142.20690730385,-96.04800344055718,-110.20690730384999,True,False,14.158903863292807,POINT (439700.7223259657 4481795.88805956)
1.1241303401865317,127.99258745607399,142.1514913193668,-95.99258745607399,-110.15149131936681,True,False,14.15890386329282,POINT (439673.53939536016 4481773.840649651)
1.1579863738391298,128.45320596759183,142.61210983088466,-96.45320596759183,-110.61210983088466,True,False,14.158903863292835,POINT (439695.62342676084 4481748.0640821215)
1.1307214159499364,128.0833383357669,142.24224219905972,-96.08333833576691,-110.24224219905972,True,False,14.158903863292807,POINT (439715.14881244546 4481807.5846375525)
1.1261299396236744,128.02017554793062,142.17907941122343,-96.02017554793062,-110.17907941122343,True,False,14.158903863292807,POINT (439687.96373361326 4481785.539877477)
1.1579863738391298,128.45320596759183,142.61210983088466,-96.45320596759183,-110.61210983088466,True,False,14.158903863292835,POINT (439695.62342676084 4481748.0640821215)
1.156127392291581,128.42826566237395,142.58716952566678,-96.42826566237395,-110.58716952566678,True,False,14.158903863292835,POINT (439669.0980316944 4481725.22982241)
1.1549134095119293,128.41195707852967,142.57086094182247,-96.41195707852967,-110.57086094182247,True,False,14.158903863292807,POINT (439642.3077598144 4481702.712308307)
1.1510637953778096,128.36012795181696,142.5190318151098,-96.36012795181696,-110.5190318151098,True,False,14.158903863292835,POINT (439613.3004871139 4481683.156183524)
1.1453721206819365,128.28317984724217,142.44208371053497,-96.28317984724217,-110.44208371053497,True,False,14.158903863292807,POINT (439582.7707410058 4481666.082913586)
1.1358399200730287,128.15344957075794,142.31235343405075,-96.15344957075794,-110.31235343405075,True,False,14.158903863292807,POINT (439550.11986662686 4481653.507084624)
1.2519116782587423,129.66384671169288,143.8227505749857,-97.66384671169288,-111.82275057498569,True,False,14.158903863292807,POINT (440081.42360270466 4482213.195289786)
1.222834267204123,129.29904539371955,143.45794925701236,-97.29904539371955,-111.45794925701236,True,False,14.158903863292807,POINT (440055.872215665 4482229.3297264185)
1.2519116782587423,129.66384671169288,143.8227505749857,-97.66384671169288,-111.82275057498569,True,False,14.158903863292807,POINT (440081.42360270466 4482213.195289786)
1.2514428880413468,129.65803281277044,143.81693667606328,-97.65803281277044,-111.81693667606328,True,False,14.158903863292835,POINT (440087.48716510716 4482235.858962316)
1.2552342554595044,129.70499075976397,143.86389462305678,-97.70499075976397,-111.86389462305678,True,False,14.158903863292807,POINT (440070.6926764359 4482168.656028954)
1.2897222664021735,130.12574225226638,144.28464611555918,-98.12574225226638,-112.28464611555918,True,False,14.158903863292807,POINT (440101.39393181703 4482151.850288327)
1.2552342554595044,129.70499075976397,143.86389462305678,-97.70499075976397,-111.86389462305678,True,False,14.158903863292807,POINT (440070.6926764359 4482168.656028954)
1.220435836946543,129.26856875614632,143.42747261943913,-97.26856875614632,-111.42747261943913,True,False,14.158903863292807,POINT (440038.92426685616 4482183.345077691)
1.1856492854668217,128.81967666908434,142.97858053237715,-96.81967666908434,-110.97858053237715,True,False,14.158903863292807,POINT (440007.15585727646 4482198.034126427)
1.2552342554595044,129.70499075976397,143.86389462305678,-97.70499075976397,-111.86389462305678,True,False,14.158903863292807,POINT (440070.6926764359 4482168.656028954)
1.2525845719587623,129.67218808166825,143.83109194496106,-97.67218808166825,-111.83109194496106,True,False,14.158903863292807,POINT (440078.92858452996 4482202.673116786)
1.3146204044269298,130.42256232883065,144.58146619212346,-98.42256232883065,-112.58146619212346,True,False,14.158903863292807,POINT (440123.5433145658 4482139.725807523)
1.2801127957680847,130.0096488509282,144.16855271422102,-98.00964885092819,-112.16855271422102,True,False,14.158903863292835,POINT (440092.8420591847 4482156.531548151)
0.1,90.43272924361804,104.59163310691086,-58.43272924361804,-72.59163310691086,True,True,14.15890386329282,POINT (438823.6676380394 4482537.499560247)
0.1,90.43272924361804,104.59163310691086,-58.43272924361804,-72.59163310691086,True,True,14.15890386329282,POINT (438823.7878245964 4482502.499766602)
0.11697306236516217,92.8663556973643,107.02525956065712,-60.8663556973643,-75.02525956065712,True,True,14.15890386329282,POINT (438807.0037303331 4482482.398085387)
0.11904255185945753,93.13859129839008,107.29749516168292,-61.13859129839008,-75.29749516168292,True,True,14.158903863292835,POINT (438782.2892976835 4482507.181062671)
0.11697306236516217,92.8663556973643,107.02525956065712,-60.8663556973643,-75.02525956065712,True,True,14.15890386329282,POINT (438807.0037303331 4482482.398085387)
0.12626796908832275,94.053301853969,108.21220571726182,-62.053301853969,-76.21220571726182,True,True,14.15890386329282,POINT (438800.12912470783 4482476.0380567)
0.12526173238173838,93.92910102488582,108.08800488817865,-61.929101024885824,-76.08800488817865,True,True,14.15890386329282,POINT (438767.0659884451 4482522.454974453)
0.14109208349146718,95.77647604066163,109.93537990395446,-63.776476040661635,-77.93537990395446,True,True,14.15890386329282,POINT (438743.06258419115 4482547.916962658)
0.1615520836734143,97.8785478996357,112.03745176292853,-65.8785478996357,-80.03745176292853,True,True,14.15890386329282,POINT (438720.5302794937 4482574.501144734)
0.12526173238173838,93.92910102488582,108.08800488817865,-61.929101024885824,-76.08800488817865,True,True,14.15890386329282,POINT (438767.0659884451 4482522.454974453)
0.1,90.43272924361804,104.59163310691086,-58.43272924361804,-72.59163310691086,True,True,14.15890386329282,POINT (438798.14111623034 4482538.251183529)
0.12626796908832275,94.053301853969,108.21220571726182,-62.053301853969,-76.21220571726182,True,True,14.15890386329282,POINT (438800.12912470783 4482476.0380567)
0.14148086433098836,95.81919157491754,109.97809543821036,-63.81919157491754,-77.97809543821036,True,True,14.15890386329282,POINT (438794.6822920143 4482460.841171847)
0.14148086433098836,95.81919157491754,109.97809543821036,-63.81919157491754,-77.97809543821036,True,True,14.15890386329282,POINT (438794.6822920143 4482460.841171847)
0.1675967434048194,98.44876426036757,112.6076681236604,-66.44876426036757,-80.6076681236604,True,True,14.158903863292835,POINT (438760.07409952127 4482457.190238571)
0.14148086433098836,95.81919157491754,109.97809543821036,-63.81919157491754,-77.97809543821036,True,True,14.15890386329282,POINT (438794.6822920143 4482460.841171847)
0.15384675827566757,97.1199203475293,111.27882421082214,-65.1199203475293,-79.27882421082214,True,True,14.158903863292835,POINT (438813.60870408657 4482434.334426167)
0.18659494416191874,100.11563691566455,114.27454077895737,-68.11563691566455,-82.27454077895737,True,True,14.15890386329282,POINT (438740.299013098 4482450.78510439)
0.22133192287514217,102.76580906278284,116.92471292607566,-70.76580906278284,-84.92471292607566,True,True,14.15890386329282,POINT (438711.80876244756 4482430.687826128)
0.18659494416191874,100.11563691566455,114.27454077895737,-68.11563691566455,-82.27454077895737,True,True,14.15890386329282,POINT (438740.299013098 4482450.78510439)
0.15561363892870184,97.2971833713948,111.4560872346876,-65.2971833713948,-79.4560872346876,True,True,14.158903863292807,POINT (438773.913641108 4482460.223657973)
0.18659494416191874,100.11563691566455,114.27454077895737,-68.11563691566455,-82.27454077895737,True,True,14.15890386329282,POINT (438740.299013098 4482450.78510439)
0.16298163188420475,98.01530600982392,112.17420987311675,-66.01530600982392,-80.17420987311675,True,True,14.158903863292835,POINT (438743.9919921652 4482485.515362661)
0.18659494416191874,100.11563691566455,114.27454077895737,-68.11563691566455,-82.27454077895737,True,True,14.15890386329282,POINT (438740.299013098 4482450.78510439)
0.2018087651623396,101.3323508762905,115.49125473958333,-69.3323508762905,-83.49125473958333,True,True,14.15890386329282,POINT (438751.8410861556 4482417.941140339)
0.20890677480802983,101.86895003803377,116.0278539013266,-69.86895003803377,-84.0278539013266,True,True,14.15890386329282,POINT (438775.3983067573 4482392.489069311)
0.20716373310543407,101.73888676374625,115.89779062703907,-69.73888676374625,-83.89779062703907,True,True,14.15890386329282,POINT (438807.18582241825 4482378.953911127)
0.1513677695789068,96.86775222055147,111.02665608384429,-64.86775222055147,-79.02665608384429,True,True,14.15890386329282,POINT (438822.5409674193 4482432.9387785215)
0.18420328891553484,99.91538427983876,114.07428814313158,-67.91538427983876,-82.07428814313158,True,True,14.15890386329282,POINT (438822.1013293533 4482397.941626453)
0.1513677695789068,96.86775222055147,111.02665608384429,-64.86775222055147,-79.02665608384429,True,True,14.15890386329282,POINT (438822.5409674193 4482432.9387785215)
0.1433976512700378,96.02808847492314,110.18699233821596,-64.02808847492314,-78.18699233821596,True,True,14.15890386329282,POINT (438835.36801091884 4482436.530428259)
0.12260243819397361,93.59599645301519,107.75490031630801,-61.59599645301519,-75.75490031630801,True,True,14.15890386329282,POINT (438848.1329956691 4482454.298389967)
0.11061696939059278,91.99907186237465,106.15797572566748,-59.99907186237465,-74.15797572566748,True,True,14.158903863292835,POINT (438847.7702845078 4482466.9452222055)
0.12260243819397361,93.59599645301519,107.75490031630801,-61.59599645301519,-75.75490031630801,True,True,14.15890386329282,POINT (438848.1329956691 4482454.298389967)
0.1134962190045893,92.39795630317187,106.55686016646469,-60.39795630317187,-74.55686016646469,True,True,14.15890386329282,POINT (438877.43409377255 4482458.710075916)
0.1134962190045893,92.39795630317187,106.55686016646469,-60.39795630317187,-74.55686016646469,True,True,14.15890386329282,POINT (438877.43409377255 4482458.710075916)
0.11776167952444007,92.97065989388828,107.1295637571811,-60.97065989388828,-75.1295637571811,True,True,14.15890386329282,POINT (438912.4320614151 4482458.332901037)
0.13158929373193878,94.69408834489762,108.85299220819044,-62.69408834489762,-76.85299220819044,True,True,14.15890386329282,POINT (438947.42939402105 4482457.904970789)
0.15241288796370284,96.97456381072284,111.13346767401566,-64.97456381072284,-79.13346767401566,True,True,14.15890386329282,POINT (438982.4258427378 4482457.406395599)
0.1779437086905543,99.37870494385544,113.53760880714826,-67.37870494385544,-81.53760880714826,True,True,14.15890386329282,POINT (439017.41621831385 4482456.595871118)
0.2063014286672316,101.67413768010717,115.83304154339999,-69.67413768010717,-83.83304154339999,True,True,14.15890386329282,POINT (439052.40555411106 4482455.7319379775)
0.1134962190045893,92.39795630317187,106.55686016646469,-60.39795630317187,-74.55686016646469,True,True,14.15890386329282,POINT (438877.43409377255 4482458.710075916)
0.11061696939059278,91.99907186237465,106.15797572566748,-59.99907186237465,-74.15797572566748,True,True,14.158903863292835,POINT (438847.7702845078 4482466.9452222055)
0.2548076493269813,104.95218149045238,119.11108535374521,-72.95218149045238,-87.11108535374521,True,True,14.158903863292835,POINT (438691.7566005023 4482402.672221658)
0.2859837283720473,106.74396212915856,120.90286599245138,-74.74396212915856,-88.90286599245138,True,True,14.15890386329282,POINT (438679.50461634714 4482370.230371028)
0.3169152887019251,108.33818865722309,122.4970925205159,-76.33818865722309,-90.4970925205159,True,True,14.15890386329282,POINT (438669.9555288802 4482336.64416666)
0.35166906773652673,109.9534720997216,124.11237596301441,-77.9534720997216,-92.11237596301441,True,True,14.15890386329282,POINT (438647.8976728217 4482309.74384479)
0.3851434531973025,111.3649236535774,125.52382751687023,-79.3649236535774,-93.52382751687023,True,True,14.15890386329282,POINT (438618.4676688769 4482291.305651994)
0.41524330198447784,112.53302514532672,126.69192900861952,-80.53302514532672,-94.69192900861952,True,True,14.158903863292807,POINT (438585.05437263544 4482281.918978017)
0.2548076493269813,104.95218149045238,119.11108535374521,-72.95218149045238,-87.11108535374521,True,True,14.158903863292835,POINT (438691.7566005023 4482402.672221658)
0.22088523084879516,102.73444848463826,116.89335234793108,-70.73444848463826,-84.89335234793108,True,True,14.15890386329282,POINT (438712.1461720993 4482430.980713247)
0.13401131348414216,94.97720925987889,109.1361131231717,-62.97720925987889,-77.1361131231717,True,True,14.158903863292807,POINT (438760.6017310182 4482515.492175403)
0.12526173238173838,93.92910102488582,108.08800488817865,-61.929101024885824,-76.08800488817865,True,True,14.15890386329282,POINT (438767.0659884451 4482522.454974453)
0.13401131348414216,94.97720925987889,109.1361131231717,-62.97720925987889,-77.1361131231717,True,True,14.158903863292807,POINT (438760.6017310182 4482515.492175403)
0.12635679324356758,94.06421792827746,108.22312179157029,-62.06421792827746,-76.22312179157029,True,True,14.158903863292835,POINT (438785.3740769593 4482490.767069204)
0.2037005541776837,101.47719013991166,115.63609400320448,-69.47719013991166,-83.63609400320448,True,True,14.15890386329282,POINT (438821.87557135575 4482377.506588331)
0.1704430679482855,98.71018384988147,112.8690877131743,-66.71018384988147,-80.8690877131743,True,True,14.15890386329282,POINT (438822.26221353974 4482412.5044526635)
0.2037005541776837,101.47719013991166,115.63609400320448,-69.47719013991166,-83.63609400320448,True,True,14.15890386329282,POINT (438821.87557135575 4482377.506588331)
0.19750066321035056,100.99738192261295,115.15628578590577,-68.99738192261295,-83.15628578590577,True,True,14.15890386329282,POINT (438856.8513277289 4482376.227137002)
0.19704671435634064,100.96166128091203,115.12056514420485,-68.96166128091203,-83.12056514420485,True,True,14.15890386329282,POINT (438891.83632911503 4482375.30751703)
0.4246874529390833,112.88212449292313,127.04102835621595,-80.88212449292313,-95.04102835621595,True,True,14.15890386329282,POINT (438573.1930464593 4482280.636684152)
0.4307154812462582,113.10091225911748,127.2598161224103,-81.10091225911748,-95.2598161224103,True,True,14.15890386329282,POINT (438565.04731557757 4482280.537087943)
0.4246874529390833,112.88212449292313,127.04102835621595,-80.88212449292313,-95.04102835621595,True,True,14.15890386329282,POINT (438573.1930464593 4482280.636684152)
0.3962259685136341,111.80529834432373,125.96420220761655,-79.80529834432373,-93.96420220761655,True,True,14.15890386329282,POINT (438607.6649243552 4482286.28004964)
0.3633866406237142,110.46227310611314,124.62117696940597,-78.46227310611314,-92.62117696940597,True,True,14.15890386329282,POINT (438638.75335177657 4482302.205434773)
0.3286649709271098,108.90330144669952,123.06220530999232,-76.90330144669952,-91.06220530999232,True,True,14.158903863292807,POINT (438663.2267269938 4482326.896360965)
0.2961824092058602,107.28790437713063,121.44680824042345,-75.28790437713063,-89.44680824042345,True,True,14.15890386329282,POINT (438676.7754024944 4482358.6162964655)
0.26608127427045775,105.62422529564417,119.78312915893699,-73.62422529564417,-87.78312915893699,True,True,14.15890386329282,POINT (438686.01174322056 4482392.216029664)
0.4246874529390833,112.88212449292313,127.04102835621595,-80.88212449292313,-95.04102835621595,True,True,14.15890386329282,POINT (438573.1930464593 4482280.636684152)
0.40090614431680144,111.98758217624767,126.14648603954049,-79.98758217624767,-94.14648603954049,True,True,14.15890386329282,POINT (438573.9377862781 4482315.628759864)
0.389458178483072,111.53786169322183,125.69676555651463,-79.53786169322183,-93.69676555651463,True,True,14.158903863292807,POINT (438566.33453944855 4482344.0939356545)
0.4307154812462582,113.10091225911748,127.2598161224103,-81.10091225911748,-95.2598161224103,True,True,14.15890386329282,POINT (438565.04731557757 4482280.537087943)
0.4246874529390833,112.88212449292313,127.04102835621595,-80.88212449292313,-95.04102835621595,True,True,14.15890386329282,POINT (438573.1930464593 4482280.636684152)
0.4307154812462582,113.10091225911748,127.2598161224103,-81.10091225911748,-95.2598161224103,True,True,14.15890386329282,POINT (438565.04731557757 4482280.537087943)
0.4604557364896391,114.13738083495657,128.2962846982494,-82.13738083495657,-96.2962846982494,True,True,14.15890386329282,POINT (438531.33653749543 4482273.767618185)
0.4952429098973086,115.26796105676323,129.42686492005606,-83.26796105676323,-97.42686492005606,True,True,14.158903863292835,POINT (438504.46772546973 4482251.665119758)
0.5301738631300352,116.3259701301896,130.4848739934824,-84.3259701301896,-98.48487399348241,True,True,14.158903863292807,POINT (438479.30932325823 4482227.33296853)
0.5651058474336167,117.31647548460599,131.4753793478988,-85.31647548460599,-99.47537934789881,True,True,14.15890386329282,POINT (438454.2403345128 4482202.90868137)
0.6000457586399724,118.24775679297221,132.40666065626502,-86.24775679297221,-100.40666065626502,True,True,14.158903863292807,POINT (438429.17134576733 4482178.484394209)
0.6349922423039938,119.12647658288246,133.28538044617528,-87.12647658288246,-101.28538044617528,True,True,14.15890386329282,POINT (438404.10295362433 4482154.059494717)
0.6699443048087372,119.95823767133429,134.1171415346271,-87.95823767133429,-102.11714153462711,True,True,14.15890386329282,POINT (438379.0346797584 4482129.6344738295)
0.7049011244890632,120.7477936958423,134.90669755913513,-88.7477936958423,-102.90669755913513,True,True,14.15890386329282,POINT (438353.96640589245 4482105.209452941)
0.7398214545708383,121.49836123094215,135.657265094235,-89.49836123094215,-103.65726509423499,True,True,14.158903863292835,POINT (438329.2357576081 4482080.465625959)
0.3900686008426879,111.56217313864911,125.72107700194194,-79.56217313864911,-93.72107700194194,True,True,14.15890386329282,POINT (438565.4355319197 4482344.29720159)
0.42061724298510184,112.73263241300103,126.89153627629385,-80.73263241300103,-94.89153627629385,True,True,14.15890386329282,POINT (438530.73673823604 4482340.838072816)
0.4549300759503905,113.94996917955805,128.10887304285086,-81.94996917955805,-96.10887304285086,True,True,14.158903863292807,POINT (438498.17731070874 4482327.997368821)
0.4893092616064399,115.08084992663557,129.2397537899284,-83.08084992663557,-97.23975378992839,True,True,14.15890386329282,POINT (438471.5813573146 4482305.790586518)
0.523764930412172,116.1371766585308,130.29608052182363,-84.1371766585308,-98.29608052182363,True,True,14.15890386329282,POINT (438446.1711717218 4482281.721467961)
0.5583433233739782,117.12959156328367,131.2884954265765,-85.12959156328367,-99.2884954265765,True,True,14.158903863292835,POINT (438420.5143222667 4482257.916754041)
0.592885161259126,118.06139774912522,132.22030161241804,-86.06139774912522,-100.22030161241804,True,True,14.15890386329282,POINT (438395.2287623505 4482233.727999683)
0.6274170433685302,118.94017764781681,133.09908151110963,-86.94017764781681,-101.09908151110963,True,True,14.15890386329282,POINT (438370.24071867444 4482209.22287589)
0.6620402967801775,119.77400588475754,133.93290974805038,-87.77400588475754,-101.93290974805038,True,True,14.158903863292835,POINT (438345.0562268002 4482184.917704238)
0.6967019248664337,120.5661741112232,134.725077974516,-88.5661741112232,-102.72507797451601,True,True,14.158903863292807,POINT (438319.86801288405 4482160.616391328)
0.731397476257167,121.32059225140576,135.47949611469858,-89.32059225140576,-103.47949611469858,True,True,14.15890386329282,POINT (438294.67065848905 4482136.324554603)
0.7651217807278301,122.02034646469039,136.17925032798323,-90.02034646469039,-104.17925032798323,True,True,14.158903863292835,POINT (438272.84298930847 4482109.22924225)
0.7960978916896762,122.6364180410971,136.79532190438994,-90.6364180410971,-104.79532190438994,True,True,14.158903863292835,POINT (438257.80745360197 4482078.072570924)
0.3900686008426879,111.56217313864911,125.72107700194194,-79.56217313864911,-93.72107700194194,True,True,14.15890386329282,POINT (438565.4355319197 4482344.29720159)
0.41143437672127275,112.38997753380934,126.54888139710216,-80.38997753380934,-94.54888139710216,True,True,14.15890386329282,POINT (438565.5071039385 4482309.300949337)
0.7691702062000584,122.10226655781038,136.2611704211032,-90.10226655781038,-104.2611704211032,True,True,14.15890386329282,POINT (438315.3151585464 4482052.09470475)
0.771537317095411,122.14996564196167,136.3088695052545,-90.14996564196167,-104.3088695052545,True,True,14.158903863292835,POINT (438315.2445833778 4482048.676223161)
0.7691702062000584,122.10226655781038,136.2611704211032,-90.10226655781038,-104.2611704211032,True,True,14.15890386329282,POINT (438315.3151585464 4482052.09470475)
0.7642030564413194,122.00169569302912,136.16059955632196,-90.00169569302912,-104.16059955632196,True,True,14.158903863292835,POINT (438316.5261509448 4482058.134682921)
0.7691702062000584,122.10226655781038,136.2611704211032,-90.10226655781038,-104.2611704211032,True,True,14.15890386329282,POINT (438315.3151585464 4482052.09470475)
0.7441381623772383,121.58867273862997,135.7475766019228,-89.58867273862997,-103.74757660192279,True,True,14.15890386329282,POINT (438350.310993672 4482051.554775254)
0.7199377773846403,121.0754457020746,135.23434956536744,-89.0754457020746,-103.23434956536744,True,True,14.158903863292835,POINT (438385.3068287976 4482051.014845759)
0.6966557269597871,120.56514474245405,134.72404860574687,-88.56514474245405,-102.72404860574687,True,True,14.15890386329282,POINT (438420.30266392324 4482050.474916263)
0.6743871295518852,120.06084200557862,134.21974586887146,-88.06084200557862,-102.21974586887146,True,True,14.158903863292835,POINT (438455.29849904886 4482049.934986767)
0.6532356382696564,119.56617340128835,133.7250772645812,-87.56617340128835,-101.72507726458119,True,True,14.158903863292835,POINT (438490.2943341745 4482049.395057271)
0.6333131908502504,119.08537564771488,133.2442795110077,-87.08537564771488,-101.2442795110077,True,True,14.15890386329282,POINT (438525.2901693001 4482048.855127776)
0.771537317095411,122.14996564196167,136.3088695052545,-90.14996564196167,-104.3088695052545,True,True,14.158903863292835,POINT (438315.2445833778 4482048.676223161)
0.796179048033736,122.6380004370632,136.796904300356,-90.6380004370632,-104.796904300356,True,True,14.158903863292807,POINT (438314.56297042855 4482013.682860879)
0.771537317095411,122.14996564196167,136.3088695052545,-90.14996564196167,-104.3088695052545,True,True,14.158903863292835,POINT (438315.2445833778 4482048.676223161)
0.7691702062000584,122.10226655781038,136.2611704211032,-90.10226655781038,-104.2611704211032,True,True,14.15890386329282,POINT (438315.3151585464 4482052.09470475)
0.7642030564413194,122.00169569302912,136.16059955632196,-90.00169569302912,-104.16059955632196,True,True,14.158903863292835,POINT (438316.5261509448 4482058.134682921)
0.7691702062000584,122.10226655781038,136.2611704211032,-90.10226655781038,-104.2611704211032,True,True,14.15890386329282,POINT (438315.3151585464 4482052.09470475)
0.7642030564413194,122.00169569302912,136.16059955632196,-90.00169569302912,-104.16059955632196,True,True,14.158903863292835,POINT (438316.5261509448 4482058.134682921)
0.771840294540349,122.1560603008814,136.31496416417423,-90.1560603008814,-104.31496416417423,True,True,14.15890386329282,POINT (438305.8924155853 4482058.533222793)
0.7642030564413194,122.00169569302912,136.16059955632196,-90.00169569302912,-104.16059955632196,True,True,14.158903863292835,POINT (438316.5261509448 4482058.134682921)
0.7306848654442891,121.30546040557549,135.4643642688683,-89.30546040557549,-103.46436426886831,True,True,14.15890386329282,POINT (438335.47824009554 4482087.195694268)
0.6957249766670388,120.54439147190554,134.70329533519836,-88.54439147190554,-102.70329533519836,True,True,14.15890386329282,POINT (438360.5465139615 4482111.620715156)
0.6607693347359616,119.74417633736252,133.90308020065532,-87.74417633736252,-101.90308020065532,True,True,14.158903863292807,POINT (438385.6147878275 4482136.045736045)
0.6258186512859142,118.90058066485125,133.05948452814405,-86.90058066485125,-101.05948452814405,True,True,14.158903863292807,POINT (438410.6830616934 4482160.470756932)
0.5908737808994838,118.00864529750156,132.16754916079438,-86.00864529750156,-100.16754916079438,True,True,14.15890386329282,POINT (438435.75164148334 4482184.895463831)
0.5559358107069058,117.06251256690739,131.2214164302002,-85.06251256690739,-99.22141643020021,True,True,14.15890386329282,POINT (438460.8206302288 4482209.319750991)
0.5210044710654671,116.05514656267474,130.21405042596754,-84.05514656267474,-98.21405042596754,True,True,14.158903863292807,POINT (438485.90822916024 4482233.724861321)
0.4860754489369417,114.9779175967019,129.13682145999474,-82.9779175967019,-97.13682145999474,True,True,14.158903863292835,POINT (438511.07322072354 4482258.0502225645)
0.4516557714056095,113.83783879236863,127.99674265566145,-81.83783879236863,-95.99674265566145,True,True,14.15890386329282,POINT (438539.50188377046 4482277.75884497)
0.6291727920983415,118.9835567341673,133.14246059746011,-86.9835567341673,-101.14246059746011,True,True,14.15890386329282,POINT (438532.867751549 4482048.7382178595)
0.6002268890418695,118.25244193479949,132.41134579809233,-86.25244193479949,-100.41134579809233,True,True,14.158903863292835,POINT (438533.11958963465 4482083.737311813)
0.5719582452774636,117.50357565356747,131.6624795168603,-85.50357565356747,-99.66247951686029,True,True,14.15890386329282,POINT (438533.37142772035 4482118.736405767)
0.6291727920983415,118.9835567341673,133.14246059746011,-86.9835567341673,-101.14246059746011,True,True,14.15890386329282,POINT (438532.867751549 4482048.7382178595)
0.6488136171753781,119.46073316664663,133.61963702993944,-87.46073316664663,-101.61963702993944,True,True,14.158903863292807,POINT (438497.8719164234 4482049.278147356)
0.6697087556158624,119.95277882861068,134.1116826919035,-87.95277882861068,-102.1116826919035,True,True,14.15890386329282,POINT (438462.87608129776 4482049.818076851)
0.6917445517414089,120.45532413396967,134.61422799726247,-88.45532413396967,-102.61422799726247,True,True,14.158903863292807,POINT (438427.88024617214 4482050.358006347)
0.7148155233207169,120.96460557223332,135.12350943552616,-88.96460557223332,-103.12350943552616,True,True,14.158903863292835,POINT (438392.8844110465 4482050.897935842)
0.7388247017362419,121.47743290049182,135.63633676378464,-89.47743290049182,-103.63633676378464,True,True,14.15890386329282,POINT (438357.8885759209 4482051.437865338)
0.7636836042576749,121.99114051041792,136.15004437371076,-89.99114051041792,-104.15004437371076,True,True,14.158903863292835,POINT (438322.8927407953 4482051.9777948335)
0.6291727920983415,118.9835567341673,133.14246059746011,-86.9835567341673,-101.14246059746011,True,True,14.15890386329282,POINT (438532.867751549 4482048.7382178595)
0.6587555229941005,119.69679438765337,133.8556982509462,-87.69679438765337,-101.8556982509462,True,True,14.158903863292835,POINT (438532.5225107787 4482013.739961037)
0.6291727920983415,118.9835567341673,133.14246059746011,-86.9835567341673,-101.14246059746011,True,True,14.15890386329282,POINT (438532.867751549 4482048.7382178595)
0.6106268814443608,118.51910526645761,132.67800912975042,-86.51910526645761,-100.67800912975042,True,True,14.158903863292807,POINT (438567.86709083436 4482048.523160684)
0.5935671607898382,118.07924392343392,132.23814778672676,-86.07924392343392,-100.23814778672676,True,True,14.158903863292835,POINT (438602.8664301197 4482048.308103508)
0.5781252116927266,117.67005397442553,131.82895783771835,-85.67005397442553,-99.82895783771835,True,True,14.15890386329282,POINT (438637.86576940503 4482048.093046332)
0.5648821662323292,117.31032984692055,131.4692337102134,-85.31032984692055,-99.46923371021339,True,True,14.158903863292835,POINT (438672.85862351744 4482047.397887174)
0.5535721376910564,116.99637184451599,131.1552757078088,-84.99637184451599,-99.15527570780881,True,True,14.15890386329282,POINT (438707.85100180993 4482046.667502731)
0.5442815094492568,116.73363420210819,130.89253806540103,-84.73363420210819,-98.89253806540103,True,True,14.158903863292835,POINT (438742.8433801024 4482045.937118288)
0.3378855897427927,109.3328042202074,123.49170808350021,-77.3328042202074,-91.49170808350021,True,True,14.15890386329282,POINT (439153.44394184 4482370.8160520755)
0.31024455697779824,108.00795380442376,122.16685766771658,-76.00795380442376,-90.16685766771658,True,True,14.15890386329282,POINT (439118.4468784992 4482371.176112309)
0.28436623236586983,106.65591518999703,120.81481905328985,-74.65591518999703,-88.81481905328985,True,True,14.15890386329282,POINT (439083.44726334896 4482371.340244384)
0.3378855897427927,109.3328042202074,123.49170808350021,-77.3328042202074,-91.49170808350021,True,True,14.15890386329282,POINT (439153.44394184 4482370.8160520755)
0.3186727601782744,108.4240356264176,122.58293948971043,-76.4240356264176,-90.58293948971043,True,True,14.15890386329282,POINT (439153.90451958386 4482405.812553756)
0.30241458105186053,107.61114942581108,121.77005328910388,-75.61114942581108,-89.77005328910388,True,True,14.158903863292807,POINT (439154.48681190045 4482440.807687473)
0.49398974474841156,115.22863128788403,129.38753515117685,-83.22863128788403,-97.38753515117685,True,True,14.15890386329282,POINT (439285.89029664657 4482287.593339958)
0.5003540274233044,115.42734604996501,129.58624991325783,-83.42734604996501,-97.58624991325783,True,True,14.15890386329282,POINT (439292.7962357416 4482286.360584915)
0.49398974474841156,115.22863128788403,129.38753515117685,-83.22863128788403,-97.38753515117685,True,True,14.15890386329282,POINT (439285.89029664657 4482287.593339958)
0.5127302377242889,115.80663921260903,129.96554307590185,-83.80663921260903,-97.96554307590185,True,True,14.15890386329282,POINT (439283.1493876476 4482252.700827612)
0.5328799287962573,116.40500073867908,130.5639046019719,-84.40500073867908,-98.5639046019719,True,True,14.15890386329282,POINT (439280.11971247813 4482217.8333425615)
0.20042985005332906,101.22592021312968,115.3848240764225,-69.22592021312968,-83.3848240764225,True,True,14.15890386329282,POINT (438913.55145804904 4482374.170618171)
0.19802895869921444,101.03884957448693,115.19775343777974,-69.03884957448693,-83.19775343777974,True,True,14.158903863292807,POINT (438899.1486973517 4482374.821130391)
0.20042985005332906,101.22592021312968,115.3848240764225,-69.22592021312968,-83.3848240764225,True,True,14.15890386329282,POINT (438913.55145804904 4482374.170618171)
0.1731354158714834,98.95347449498544,113.11237835827826,-66.95347449498544,-81.11237835827826,True,True,14.15890386329282,POINT (438889.0033928664 4482399.115472479)
0.14925100381936984,96.64913962597663,110.80804348926944,-64.64913962597663,-78.80804348926944,True,True,14.158903863292807,POINT (438864.311037597 4482423.920463736)
0.19802895869921444,101.03884957448693,115.19775343777974,-69.03884957448693,-83.19775343777974,True,True,14.158903863292807,POINT (438899.1486973517 4482374.821130391)
0.20042985005332906,101.22592021312968,115.3848240764225,-69.22592021312968,-83.3848240764225,True,True,14.15890386329282,POINT (438913.55145804904 4482374.170618171)
0.19802895869921444,101.03884957448693,115.19775343777974,-69.03884957448693,-83.19775343777974,True,True,14.158903863292807,POINT (438899.1486973517 4482374.821130391)
0.22672352723728822,103.13941908051105,117.29832294380387,-71.13941908051105,-85.29832294380387,True,True,14.15890386329282,POINT (438922.8762014216 4482349.091661866)
0.1311366092448116,94.64059442216754,108.79949828546037,-62.64059442216754,-76.79949828546037,True,True,14.158903863292835,POINT (438845.0842719792 4482446.297410183)
0.12260243819397361,93.59599645301519,107.75490031630801,-61.59599645301519,-75.75490031630801,True,True,14.15890386329282,POINT (438848.1329956691 4482454.298389967)
0.539037662239053,116.58335174410664,130.74225560739944,-84.58335174410664,-98.74225560739944,True,True,14.158903863292807,POINT (439279.3519528606 4482207.798143871)
0.5444671290795409,116.73892727140897,130.8978311347018,-84.73892727140897,-98.89783113470179,True,True,14.15890386329282,POINT (439278.5598370577 4482198.968314059)
0.539037662239053,116.58335174410664,130.74225560739944,-84.58335174410664,-98.74225560739944,True,True,14.158903863292807,POINT (439279.3519528606 4482207.798143871)
0.5134525429868957,115.82849202943349,129.9873958927263,-83.82849202943349,-97.98739589272631,True,True,14.15890386329282,POINT (439244.35536628665 4482208.2725669285)
0.48897148405454943,115.07013032632459,129.2290341896174,-83.07013032632459,-97.22903418961741,True,True,14.15890386329282,POINT (439209.35986449005 4482208.833685459)
0.4658354972927501,114.31769572568828,128.47659958898112,-82.31769572568828,-96.47659958898112,True,True,14.158903863292835,POINT (439174.36436269345 4482209.394803988)
0.2968650170771636,107.32363934169388,121.48254320498671,-75.32363934169388,-89.48254320498671,True,True,14.158903863292835,POINT (439154.65058441 4482454.528757187)
0.26494584925698844,105.55784277906801,119.71674664236083,-73.55784277906801,-87.71674664236083,True,True,14.15890386329282,POINT (439119.6521305932 4482454.857741124)
0.23390974266272885,103.6238049488644,117.78270881215722,-71.6238049488644,-85.78270881215722,True,True,14.15890386329282,POINT (439084.65367677633 4482455.186725062)
0.2968650170771636,107.32363934169388,121.48254320498671,-75.32363934169388,-89.48254320498671,True,True,14.158903863292835,POINT (439154.65058441 4482454.528757187)
0.3289032584729625,108.91455194708904,123.07345581038186,-76.91455194708904,-91.07345581038186,True,True,14.15890386329282,POINT (439189.6344303146 4482455.586215289)
0.3614215648177981,110.37810092732501,124.53700479061783,-78.37810092732501,-92.53700479061783,True,True,14.15890386329282,POINT (439224.61187163834 4482456.842638166)
0.22195153062436634,102.8092047829911,116.96810864628392,-70.8092047829911,-84.96810864628392,True,True,14.15890386329282,POINT (439070.77722827677 4482455.278316958)
0.19256104691537476,100.60419921501405,114.76310307830687,-68.60419921501405,-82.76310307830687,True,True,14.15890386329282,POINT (439035.78789247957 4482456.142250099)
0.16536937936638646,98.24107744342179,112.39998130671461,-66.24107744342179,-80.39998130671461,True,True,14.15890386329282,POINT (439000.7985566824 4482457.00618324)
0.14182900884119484,95.85734287638533,110.01624673967815,-63.85734287638533,-78.01624673967815,True,True,14.15890386329282,POINT (438965.80480293155 4482457.643186428)
0.12396240258169193,93.76723916208795,107.92614302538077,-61.76723916208795,-75.92614302538077,True,True,14.15890386329282,POINT (438930.8082678604 4482458.134859725)
0.11442834731045005,92.5249254724142,106.68382933570703,-60.524925472414196,-74.68382933570703,True,True,14.158903863292835,POINT (438895.8103002178 4482458.512034603)
0.22195153062436634,102.8092047829911,116.96810864628392,-70.8092047829911,-84.96810864628392,True,True,14.15890386329282,POINT (439070.77722827677 4482455.278316958)
0.25251670451959074,104.81198305564136,118.97088691893418,-72.81198305564136,-86.97088691893418,True,True,14.15890386329282,POINT (439105.77599044243 4482454.988176236)
0.28412294638869723,106.64262882438769,120.80153268768049,-74.64262882438769,-88.80153268768049,True,True,14.158903863292807,POINT (439140.77444425924 4482454.659192299)
0.22195153062436634,102.8092047829911,116.96810864628392,-70.8092047829911,-84.96810864628392,True,True,14.15890386329282,POINT (439070.77722827677 4482455.278316958)
0.24202165127972564,104.15301983824224,118.31192370153506,-72.15301983824224,-86.31192370153506,True,True,14.15890386329282,POINT (439070.5366361721 4482420.280285986)
0.2650258411532743,105.56252880428876,119.72143266758158,-73.56252880428876,-87.72143266758158,True,True,14.15890386329282,POINT (439070.0381255344 4482385.28383635)
0.39258026607861685,111.66180714230077,125.82071100559358,-79.66180714230077,-93.82071100559358,True,True,14.158903863292807,POINT (439257.7040355985 4482458.03134009)
0.3596569556702108,110.30212462873935,124.46102849203217,-78.30212462873935,-92.46102849203217,True,True,14.15890386329282,POINT (439222.72659427475 4482456.774917214)
0.3271650748621113,108.83229759451768,122.99120145781049,-76.83229759451768,-90.99120145781049,True,True,14.158903863292807,POINT (439187.74915295094 4482455.518494339)
0.39258026607861685,111.66180714230077,125.82071100559358,-79.66180714230077,-93.82071100559358,True,True,14.158903863292807,POINT (439257.7040355985 4482458.03134009)
0.4202623298250817,112.71952854155086,126.87843240484368,-80.71952854155086,-94.87843240484368,True,True,14.15890386329282,POINT (439285.3329239942 4482453.810652371)
0.27463245091800476,106.11525299507596,120.27415685836877,-74.11525299507596,-88.27415685836877,True,True,14.158903863292807,POINT (439069.67972815904 4482371.55361704)
0.2512490308510767,104.7338578706079,118.89276173390073,-72.7338578706079,-86.89276173390073,True,True,14.15890386329282,POINT (439034.6935162061 4482372.535947526)
0.23102010552333818,103.43084251348179,117.58974637677461,-71.43084251348179,-85.58974637677461,True,True,14.15890386329282,POINT (438999.7021820057 4482373.285963178)
0.21483311224384166,102.30318685811508,116.4620907214079,-70.30318685811508,-84.4620907214079,True,True,14.15890386329282,POINT (438964.70612222014 4482373.809850087)
0.20360554679008644,101.4699483192339,115.62885218252671,-69.4699483192339,-83.62885218252671,True,True,14.15890386329282,POINT (438929.7085270429 4482374.159061183)
0.27463245091800476,106.11525299507596,120.27415685836877,-74.11525299507596,-88.27415685836877,True,True,14.158903863292807,POINT (439069.67972815904 4482371.55361704)
0.2507185311347436,104.7010467576432,118.85995062093602,-72.7010467576432,-86.85995062093602,True,True,14.15890386329282,POINT (439070.3410061357 4482406.546663874)
0.2295012362837419,103.32844639417854,117.48735025747135,-71.32844639417854,-85.48735025747135,True,True,14.158903863292807,POINT (439070.80444427865 4482441.543328544)
0.27463245091800476,106.11525299507596,120.27415685836877,-74.11525299507596,-88.27415685836877,True,True,14.158903863292807,POINT (439069.67972815904 4482371.55361704)
0.30082613045624135,107.52939799364015,121.68830185693297,-75.52939799364015,-89.68830185693297,True,True,14.15890386329282,POINT (439069.17540533596 4482336.557250679)
0.3286635642010394,108.90323500536483,123.06213886865766,-76.90323500536483,-91.06213886865766,True,True,14.15890386329282,POINT (439068.67108251294 4482301.560884317)
0.3531370582124501,110.01813653562073,124.17704039891356,-78.01813653562073,-92.17704039891356,True,True,14.158903863292835,POINT (439095.8295806952 4482291.023986351)
0.3755503906581355,110.97337864130733,125.13228250460016,-78.97337864130733,-93.13228250460016,True,True,14.15890386329282,POINT (439130.82864097663 4482290.767529715)
0.3907231251354784,111.58819881153632,125.74710267482914,-79.58819881153632,-93.74710267482914,True,True,14.15890386329282,POINT (439153.0115373786 4482290.593821268)
0.41617086752016963,112.56766201693218,126.726565880225,-80.56766201693218,-94.726565880225,True,True,14.15890386329282,POINT (439188.00616505626 4482289.980605397)
0.4429241711950064,113.53479891910342,127.69370278239623,-81.53479891910342,-95.69370278239623,True,True,14.158903863292807,POINT (439223.00079273386 4482289.367389528)
0.4707605037443566,114.4809519713806,128.63985583467343,-82.4809519713806,-96.63985583467343,True,True,14.15890386329282,POINT (439257.9954204115 4482288.754173658)
0.3907231251354784,111.58819881153632,125.74710267482914,-79.58819881153632,-93.74710267482914,True,True,14.15890386329282,POINT (439153.0115373786 4482290.593821268)
0.36648610733767223,110.59411509219102,124.75301895548384,-78.59411509219102,-92.75301895548384,True,True,14.15890386329282,POINT (439153.2483083525 4482325.593002725)
0.34407875409576927,109.6147555673085,123.77365943060133,-77.6147555673085,-91.77365943060133,True,True,14.15890386329282,POINT (439153.4495358148 4482360.592393454)
0.4513621552522891,113.82774405823127,127.98664792152411,-81.82774405823127,-95.98664792152411,True,True,14.158903863292835,POINT (439151.1926716451 4482209.76123513)
0.42426580868389696,112.8667048704923,127.02560873378512,-80.8667048704923,-95.02560873378512,True,True,14.15890386329282,POINT (439151.9489795136 4482244.752741274)
0.3983243116973988,111.8872895816777,126.04619344497053,-79.8872895816777,-94.04619344497053,True,True,14.15890386329282,POINT (439152.59188126284 4482279.746784686)
0.4513621552522891,113.82774405823127,127.98664792152411,-81.82774405823127,-95.98664792152411,True,True,14.158903863292835,POINT (439151.1926716451 4482209.76123513)
0.4309717628731557,113.11014603051979,127.2690498938126,-81.11014603051979,-95.2690498938126,True,True,14.15890386329282,POINT (439116.1965851333 4482210.284599486)
0.4191607696904047,112.67878687019333,126.83769073348616,-80.67878687019333,-94.83769073348616,True,True,14.15890386329282,POINT (439096.85877676425 4482212.168390626)
0.3871215007474222,111.44444480284643,125.60334866613925,-79.44444480284643,-93.60334866613925,True,True,14.15890386329282,POINT (439073.9202298986 4482235.875998124)
0.5444671290795409,116.73892727140897,130.8978311347018,-84.73892727140897,-98.89783113470179,True,True,14.15890386329282,POINT (439278.5598370577 4482198.968314059)
0.5673464289072359,117.37790154972357,131.5368054130164,-85.37790154972357,-99.5368054130164,True,True,14.15890386329282,POINT (439276.2313037161 4482164.049721829)
0.5913210850227616,118.02039224833071,132.17929611162353,-86.02039224833071,-100.17929611162353,True,True,14.15890386329282,POINT (439273.7708015472 4482129.136680035)
0.6161774077570107,118.6595718892801,132.8184757525729,-86.6595718892801,-100.81847575257291,True,True,14.158903863292807,POINT (439271.05758580647 4482094.242430295)
0.6419914507344796,119.29664510293642,133.45554896622926,-87.29664510293642,-101.45554896622926,True,True,14.158903863292835,POINT (439268.3609300986 4482059.346504876)
0.5444671290795409,116.73892727140897,130.8978311347018,-84.73892727140897,-98.89783113470179,True,True,14.15890386329282,POINT (439278.5598370577 4482198.968314059)
0.5486288282297533,116.85712953397017,131.016033397263,-84.85712953397017,-99.01603339726299,True,True,14.15890386329282,POINT (439285.64914150606 4482200.475970486)
0.380189707620587,111.16396786110407,125.32287172439689,-79.16396786110407,-93.32287172439689,True,True,14.15890386329282,POINT (439053.6325625766 4482232.835091222)
0.34770053627389275,109.7772992280189,123.93620309131173,-77.7772992280189,-91.93620309131173,True,True,14.15890386329282,POINT (439028.25166717154 4482256.635911297)
0.3148366769221131,108.23603835707783,122.39494222037067,-76.23603835707783,-90.39494222037067,True,True,14.158903863292835,POINT (439003.95323181513 4482281.826902528)
0.2824887116516996,106.55308380527927,120.71198766857209,-74.55308380527927,-88.71198766857209,True,True,14.15890386329282,POINT (438979.650791037 4482307.014026049)
0.25087024791049545,104.71043743896999,118.86934130226281,-72.71043743896999,-86.86934130226281,True,True,14.15890386329282,POINT (438955.32224990043 4482332.175943297)
0.2203236405073036,102.69493121540246,116.85383507869528,-70.69493121540246,-84.85383507869528,True,True,14.15890386329282,POINT (438930.9313146931 4482357.275669067)
0.380189707620587,111.16396786110407,125.32287172439689,-79.16396786110407,-93.32287172439689,True,True,14.15890386329282,POINT (439053.6325625766 4482232.835091222)
0.38507356734071735,111.36210664947276,125.52101051276559,-79.36210664947276,-93.52101051276559,True,True,14.15890386329282,POINT (439042.9179551111 4482222.243416595)
0.42895940947715927,113.03749318158562,127.19639704487844,-81.03749318158562,-95.19639704487844,True,True,14.15890386329282,POINT (439096.1526634861 4482200.39615387)
0.4463386011515285,113.65400585588773,127.81290971918055,-81.65400585588773,-95.81290971918055,True,True,14.15890386329282,POINT (439130.9191347115 4482201.585661377)
0.42895940947715927,113.03749318158562,127.19639704487844,-81.03749318158562,-95.19639704487844,True,True,14.15890386329282,POINT (439096.1526634861 4482200.39615387)
0.4191607696904047,112.67878687019333,126.83769073348616,-80.67878687019333,-94.83769073348616,True,True,14.15890386329282,POINT (439096.85877676425 4482212.168390626)
0.4563445835757222,113.99816036900755,128.15706423230037,-81.99816036900755,-96.15706423230037,True,True,14.15890386329282,POINT (439148.1665359634 4482201.382527057)
0.4782088725101762,114.72463719106123,128.88354105435405,-82.72463719106123,-96.88354105435405,True,True,14.15890386329282,POINT (439183.15502253966 4482200.590138584)
0.5014208967203801,115.46040983146027,129.6193136947531,-83.46040983146027,-97.61931369475309,True,True,14.15890386329282,POINT (439218.1499924353 4482199.996773599)
0.5259392603595532,116.20148546288185,130.36038932617467,-84.20148546288185,-98.36038932617467,True,True,14.15890386329282,POINT (439253.1449623309 4482199.403408614)
0.4563445835757222,113.99816036900755,128.15706423230037,-81.99816036900755,-96.15706423230037,True,True,14.15890386329282,POINT (439148.1665359634 4482201.382527057)
0.4513621552522891,113.82774405823127,127.98664792152411,-81.82774405823127,-95.98664792152411,True,True,14.158903863292835,POINT (439151.1926716451 4482209.76123513)
0.38507356734071735,111.36210664947276,125.52101051276559,-79.36210664947276,-93.52101051276559,True,True,14.15890386329282,POINT (439042.9179551111 4482222.243416595)
0.41613384985652935,112.56628119414131,126.72518505743413,-80.56628119414131,-94.72518505743413,True,True,14.15890386329282,POINT (439045.6354680481 4482189.473604802)
0.43040145069151575,113.08959031271978,127.2484941760126,-81.08959031271978,-95.2484941760126,True,True,14.15890386329282,POINT (439059.1248800495 4482179.817134035)
0.4630092815042347,114.22322988109283,128.38213374438567,-82.22322988109283,-96.38213374438567,True,True,14.158903863292835,POINT (439061.9388434946 4482145.470391676)
0.43040145069151575,113.08959031271978,127.2484941760126,-81.08959031271978,-95.2484941760126,True,True,14.15890386329282,POINT (439059.1248800495 4482179.817134035)
0.4368661265448708,113.32101675790369,127.47992062119651,-81.32101675790369,-95.47992062119651,True,True,14.15890386329282,POINT (439073.2749505625 4482179.313307186)
0.48316188875153726,114.88459077769038,129.0434946409832,-82.88459077769038,-97.0434946409832,True,True,14.15890386329282,POINT (439061.55635326885 4482123.527179747)
0.4868406081681391,115.00233434566651,129.16123820895933,-83.00233434566651,-97.16123820895933,True,True,14.15890386329282,POINT (439070.79325910506 4482123.340908574)
0.48316188875153726,114.88459077769038,129.0434946409832,-82.88459077769038,-97.0434946409832,True,True,14.15890386329282,POINT (439061.55635326885 4482123.527179747)
0.4706118108039968,114.47604808692299,128.6349519502158,-82.47604808692299,-96.6349519502158,True,True,14.158903863292807,POINT (439026.5636020402 4482124.232855822)
0.46035129065033764,114.13385928528437,128.2927631485772,-82.13385928528437,-96.2927631485772,True,True,14.15890386329282,POINT (438991.57169048773 4482124.974757048)
0.48316188875153726,114.88459077769038,129.0434946409832,-82.88459077769038,-97.0434946409832,True,True,14.15890386329282,POINT (439061.55635326885 4482123.527179747)
0.5156593653799556,115.8950678827748,130.05397174606762,-83.8950678827748,-98.05397174606762,True,True,14.15890386329282,POINT (439061.0992985888 4482088.530164145)
0.5484538295659263,116.85217723695195,131.01108110024478,-84.85217723695195,-99.01108110024478,True,True,14.158903863292835,POINT (439060.60953399196 4482053.533598674)
0.4368661265448708,113.32101675790369,127.47992062119651,-81.32101675790369,-95.47992062119651,True,True,14.15890386329282,POINT (439073.2749505625 4482179.313307186)
0.42895940947715927,113.03749318158562,127.19639704487844,-81.03749318158562,-95.19639704487844,True,True,14.15890386329282,POINT (439096.1526634861 4482200.39615387)
0.16865247728473737,98.54624210034589,112.70514596363871,-66.54624210034589,-80.70514596363871,True,True,14.15890386329282,POINT (438714.48963392613 4482591.144860468)
0.17063151509539318,98.7273373026845,112.88624116597732,-66.7273373026845,-80.88624116597732,True,True,14.15890386329282,POINT (438714.9994506182 4482606.81508818)
0.17063151509539318,98.7273373026845,112.88624116597732,-66.7273373026845,-80.88624116597732,True,True,14.15890386329282,POINT (438714.9994506182 4482606.81508818)
0.19508754251237642,100.80654668779884,114.96545055109166,-68.80654668779884,-82.96545055109166,True,True,14.15890386329282,POINT (438695.08531802736 4482627.77023814)
0.17063151509539318,98.7273373026845,112.88624116597732,-66.7273373026845,-80.88624116597732,True,True,14.15890386329282,POINT (438714.9994506182 4482606.81508818)
0.16307484799050276,98.02418184915284,112.18308571244566,-66.02418184915284,-80.18308571244566,True,True,14.15890386329282,POINT (438732.2544483473 4482636.534588392)
0.15672865145500833,97.40801458738842,111.56691845068124,-65.40801458738842,-79.56691845068124,True,True,14.15890386329282,POINT (438754.67434196704 4482663.411127791)
0.15806433603715825,97.5397470369422,111.69865090023502,-65.5397470369422,-79.69865090023502,True,True,14.15890386329282,POINT (438777.09423558676 4482690.287667191)
0.16668885884006626,98.36444528389832,112.52334914719114,-66.36444528389832,-80.52334914719114,True,True,14.15890386329282,POINT (438799.6837567606 4482717.020580898)
0.18150650618755698,99.68644066530669,113.84534452859953,-67.68644066530669,-81.84534452859953,True,True,14.158903863292835,POINT (438822.4959756795 4482743.564933743)
0.20138035632944695,101.2993624899855,115.4582663532783,-69.2993624899855,-83.4582663532783,True,True,14.158903863292807,POINT (438845.3081945984 4482770.109286589)
0.22497440752831302,103.01919681801827,117.1781006813111,-71.01919681801827,-85.1781006813111,True,True,14.15890386329282,POINT (438868.12041351735 4482796.653639435)
0.25140269469171234,104.74334895460437,118.90225281789719,-72.74334895460437,-86.90225281789719,True,True,14.15890386329282,POINT (438890.72452888446 4482823.3652940495)
0.2808090389438945,106.4605076301851,120.61941149347794,-74.4605076301851,-88.61941149347794,True,True,14.158903863292835,POINT (438911.7481686047 4482851.347548656)
0.3119989326332765,108.09548738206863,122.25439124536145,-76.09548738206863,-90.25439124536145,True,True,14.15890386329282,POINT (438931.6065180665 4482880.152279138)
0.3441824244128035,109.61943197594275,123.77833583923557,-77.61943197594275,-91.77833583923557,True,True,14.15890386329282,POINT (438950.93018048373 4482909.334398163)
0.37705537641296444,111.03546221723605,125.19436608052888,-79.03546221723605,-93.19436608052888,True,True,14.158903863292835,POINT (438969.7761788174 4482938.823466688)
0.4103993086011619,112.35087575437322,126.50977961766604,-80.35087575437322,-94.50977961766604,True,True,14.15890386329282,POINT (438988.2914904189 4482968.525036282)
0.44401419092557476,113.57295400502508,127.7318578683179,-81.57295400502508,-95.7318578683179,True,True,14.15890386329282,POINT (439006.7417072043 4482998.262286685)
0.1829632041795541,99.81052635243339,113.9694302157262,-67.81052635243339,-81.9694302157262,True,True,14.15890386329282,POINT (438699.10846389167 4482573.709393136)
0.15675482681326167,97.41060691136168,111.5695107746545,-65.41060691136168,-79.5695107746545,True,True,14.15890386329282,POINT (438726.4662799656 4482553.106277245)
0.13950484364007876,95.60085539155281,109.75975925484563,-63.60085539155281,-77.75975925484563,True,True,14.15890386329282,POINT (438749.9901675026 4482527.190515339)
0.1829632041795541,99.81052635243339,113.9694302157262,-67.81052635243339,-81.9694302157262,True,True,14.15890386329282,POINT (438699.10846389167 4482573.709393136)
0.16865247728473737,98.54624210034589,112.70514596363871,-66.54624210034589,-80.70514596363871,True,True,14.15890386329282,POINT (438714.48963392613 4482591.144860468)
0.19508754251237642,100.80654668779884,114.96545055109166,-68.80654668779884,-82.96545055109166,True,True,14.15890386329282,POINT (438695.08531802736 4482627.77023814)
0.21143064383460675,102.05536693641525,116.21427079970807,-70.05536693641525,-84.21427079970807,True,True,14.15890386329282,POINT (438678.0841286429 4482627.74313718)
0.21143064383460675,102.05536693641525,116.21427079970807,-70.05536693641525,-84.21427079970807,True,True,14.15890386329282,POINT (438678.0841286429 4482627.74313718)
0.24502197639358872,104.34427679584225,118.50318065913507,-72.34427679584225,-86.50318065913507,True,True,14.15890386329282,POINT (438647.14593043167 4482641.746151118)
0.27712280943807327,106.25538251636847,120.41428637966129,-74.25538251636847,-88.41428637966129,True,True,14.15890386329282,POINT (438620.9633734002 4482664.972722917)
0.3090549846407279,107.94831870750086,122.10722257079368,-75.94831870750086,-90.10722257079368,True,True,14.15890386329282,POINT (438596.1217977093 4482689.379196923)
0.21143064383460675,102.05536693641525,116.21427079970807,-70.05536693641525,-84.21427079970807,True,True,14.15890386329282,POINT (438678.0841286429 4482627.74313718)
0.22548638204704247,103.05448285112342,117.21338671441625,-71.05448285112342,-85.21338671441625,True,True,14.15890386329282,POINT (438659.8562387609 4482610.419903333)
0.313490290139079,108.16951163850607,122.32841550179887,-76.16951163850607,-90.32841550179887,True,True,14.158903863292807,POINT (438593.13835917116 4482693.757736149)
0.3169952766627303,108.34210614756799,122.50101001086081,-76.34210614756799,-90.50101001086081,True,True,14.15890386329282,POINT (438595.4377963713 4482707.503917546)
0.22548638204704247,103.05448285112342,117.21338671441625,-71.05448285112342,-85.21338671441625,True,True,14.15890386329282,POINT (438659.8562387609 4482610.419903333)
0.2217113032518223,102.79239427713226,116.95129814042508,-70.79239427713226,-84.95129814042508,True,True,14.15890386329282,POINT (438660.8598284897 4482587.088772102)
0.2217113032518223,102.79239427713226,116.95129814042508,-70.79239427713226,-84.95129814042508,True,True,14.15890386329282,POINT (438660.8598284897 4482587.088772102)
0.24170908937764599,104.13295924778343,118.29186311107625,-72.13295924778343,-86.29186311107625,True,True,14.15890386329282,POINT (438640.7155496728 4482558.925628271)
0.2670368200624043,105.67987205065384,119.83877591394666,-73.67987205065384,-87.83877591394666,True,True,14.15890386329282,POINT (438618.0143342712 4482532.286281071)
0.2217113032518223,102.79239427713226,116.95129814042508,-70.79239427713226,-84.95129814042508,True,True,14.15890386329282,POINT (438660.8598284897 4482587.088772102)
0.20243838644211817,101.38070617584438,115.53961003913719,-69.38070617584438,-83.53961003913719,True,True,14.158903863292807,POINT (438679.6264017938 4482571.915388027)
0.20243838644211817,101.38070617584438,115.53961003913719,-69.38070617584438,-83.53961003913719,True,True,14.158903863292807,POINT (438679.6264017938 4482571.915388027)
0.1829632041795541,99.81052635243339,113.9694302157262,-67.81052635243339,-81.9694302157262,True,True,14.15890386329282,POINT (438699.10846389167 4482573.709393136)
0.2762187461508589,106.2046580799076,120.36356194320041,-74.2046580799076,-88.36356194320041,True,True,14.158903863292807,POINT (438610.22151266685 4482523.141586537)
0.3006927601340704,107.52251430474948,121.6814181680423,-75.52251430474948,-89.6814181680423,True,True,14.15890386329282,POINT (438582.6425820695 4482544.497746848)
0.32605211108917576,108.77940009495231,122.93830395824513,-76.77940009495231,-90.93830395824513,True,True,14.15890386329282,POINT (438556.0487966161 4482567.25231947)
0.3530634819608957,110.01490193316438,124.1738057964572,-78.01490193316438,-92.1738057964572,True,True,14.15890386329282,POINT (438529.4550111627 4482590.006892093)
0.3813759919830513,111.2123286168315,125.37123248012432,-79.2123286168315,-93.37123248012432,True,True,14.15890386329282,POINT (438502.8612531168 4482612.761496748)
0.2762187461508589,106.2046580799076,120.36356194320041,-74.2046580799076,-88.36356194320041,True,True,14.158903863292807,POINT (438610.22151266685 4482523.141586537)
0.3041250755980583,107.69870321402601,121.85760707731885,-75.69870321402601,-89.85760707731885,True,True,14.158903863292835,POINT (438587.47931421484 4482496.537218294)
0.33388864637339183,109.14808117746932,123.30698504076214,-77.14808117746932,-91.30698504076214,True,True,14.15890386329282,POINT (438563.98012071085 4482470.60399421)
0.3654787101003298,110.55138615206157,124.71029001535439,-78.55138615206157,-92.71029001535439,True,True,14.15890386329282,POINT (438538.977987142 4482446.150687882)
0.398300766287042,111.88637196016305,126.04527582345587,-79.88637196016305,-94.04527582345587,True,True,14.15890386329282,POINT (438512.7178594909 4482423.026524652)
0.43233651499847475,113.15922546313907,127.31812932643189,-81.15922546313907,-95.31812932643189,True,True,14.15890386329282,POINT (438484.3689480837 4482402.544824094)
0.5618105302760404,117.2256896554517,131.3845935187445,-85.2256896554517,-99.38459351874451,True,True,14.158903863292807,POINT (438533.4635176507 4482131.534565813)
0.541380722794362,116.6506809551503,130.80958481844314,-84.6506809551503,-98.80958481844314,True,True,14.158903863292835,POINT (438568.45612258354 4482130.815121571)
0.5618105302760404,117.2256896554517,131.3845935187445,-85.2256896554517,-99.38459351874451,True,True,14.158903863292807,POINT (438533.4635176507 4482131.534565813)
0.5898061219771452,117.9805708137607,132.13947467705353,-85.9805708137607,-100.13947467705353,True,True,14.15890386329282,POINT (438533.2116795651 4482096.535471859)
0.61851552212892,118.71836393969903,132.87726780299187,-86.71836393969903,-100.87726780299187,True,True,14.158903863292835,POINT (438532.9598414794 4482061.536377906)
0.5618105302760404,117.2256896554517,131.3845935187445,-85.2256896554517,-99.38459351874451,True,True,14.158903863292807,POINT (438533.4635176507 4482131.534565813)
0.5346037076294136,116.45513469660318,130.61403855989602,-84.45513469660318,-98.61403855989602,True,True,14.158903863292835,POINT (438533.7735636559 4482166.532683548)
0.5084567755771743,115.67671550330796,129.83561936660078,-83.67671550330796,-97.83561936660078,True,True,14.15890386329282,POINT (438533.92798951187 4482201.53234287)
0.4832320145108945,114.88684364023132,129.04574750352413,-82.88684364023132,-97.04574750352413,True,True,14.158903863292807,POINT (438554.8438801461 4482216.528160074)
0.46053453818076456,114.14003722468433,128.29894108797714,-82.14003722468433,-96.29894108797714,True,True,14.158903863292807,POINT (438589.8419983713 4482216.165226616)
0.4394552785746753,113.41274576517266,127.57164962846548,-81.41274576517266,-95.57164962846548,True,True,14.15890386329282,POINT (438624.8401165965 4482215.802293157)
0.4204982363654939,112.72823976104458,126.8871436243374,-80.72823976104458,-94.8871436243374,True,True,14.15890386329282,POINT (438659.83221240103 4482215.136315035)
0.40401489037407573,112.10748942205186,126.26639328534468,-80.10748942205186,-94.26639328534468,True,True,14.15890386329282,POINT (438694.8171168602 4482214.108472642)
0.38998371312247876,111.55879457239543,125.71769843568825,-79.55879457239543,-93.71769843568825,True,True,14.15890386329282,POINT (438729.80202131934 4482213.080630249)
0.6812461167675823,120.2179263072679,134.3768301705607,-88.2179263072679,-102.37683017056071,True,True,14.158903863292807,POINT (438532.05211292126 4481987.656947661)
0.6993796018606548,120.62572102216586,134.7846248854587,-88.62572102216586,-102.7846248854587,True,True,14.158903863292835,POINT (438497.0570460395 4481988.244564835)
0.7187610057498811,121.05005155037726,135.20895541367008,-89.05005155037726,-103.20895541367008,True,True,14.15890386329282,POINT (438462.0619791578 4481988.832182009)
0.7392921880247633,121.48725199431846,135.6461558576113,-89.48725199431846,-103.64615585761129,True,True,14.158903863292835,POINT (438427.06691227603 4481989.419799183)
0.7608800793569576,121.93404911808662,136.09295298137943,-89.93404911808662,-104.09295298137943,True,True,14.158903863292807,POINT (438392.0718453943 4481990.007416356)
0.7834373306462458,122.38756426495176,136.54646812824458,-90.38756426495176,-104.54646812824458,True,True,14.15890386329282,POINT (438357.07677851256 4481990.59503353)
0.8068826475627782,122.84529951309203,137.00420337638485,-90.84529951309203,-105.00420337638485,True,False,14.15890386329282,POINT (438322.08171163086 4481991.182650704)
0.6812461167675823,120.2179263072679,134.3768301705607,-88.2179263072679,-102.37683017056071,True,True,14.158903863292807,POINT (438532.05211292126 4481987.656947661)
0.7119513313159608,120.90228075732828,135.0611846206211,-88.90228075732828,-103.0611846206211,True,True,14.15890386329282,POINT (438531.1146232807 4481952.66950544)
0.7431728959023395,121.56852358657206,135.72742744986488,-89.56852358657206,-103.72742744986488,True,True,14.15890386329282,POINT (438529.8703074557 4481917.69215016)
0.6812461167675823,120.2179263072679,134.3768301705607,-88.2179263072679,-102.37683017056071,True,True,14.158903863292807,POINT (438532.05211292126 4481987.656947661)
0.6511638895173362,119.51686304780613,133.67576691109895,-87.51686304780613,-101.67576691109895,True,True,14.15890386329282,POINT (438532.62476628175 4482022.6519223815)
0.6812461167675823,120.2179263072679,134.3768301705607,-88.2179263072679,-102.37683017056071,True,True,14.158903863292807,POINT (438532.05211292126 4481987.656947661)
0.6644660727891615,119.83078036126963,133.98968422456247,-87.83078036126963,-101.98968422456247,True,True,14.158903863292835,POINT (438567.0471163689 4481987.065564791)
0.6491410110029112,119.46856425786305,133.62746812115586,-87.46856425786305,-101.62746812115586,True,True,14.158903863292807,POINT (438602.0421198165 4481986.474181919)
0.6353762211814521,119.13586060324356,133.29476446653638,-87.13586060324356,-101.29476446653638,True,True,14.15890386329282,POINT (438637.03712326416 4481985.882799049)
0.6232738244074807,118.83732847740077,132.99623234069358,-86.83732847740077,-100.99623234069358,True,True,14.158903863292807,POINT (438672.0321491913 4481985.292748006)
0.6129334910984918,118.57763283933011,132.7365367026229,-86.57763283933011,-100.73653670262291,True,True,14.158903863292807,POINT (438707.0271767399 4481984.702793031)
0.6044457534211314,118.36116948175687,132.5200733450497,-86.36116948175687,-100.5200733450497,True,True,14.15890386329282,POINT (438742.02220428846 4481984.112838056)
0.5423109759839317,116.67733154498636,130.83623540827918,-84.67733154498636,-98.83623540827918,True,True,14.15890386329282,POINT (438751.48290038254 4482045.756788413)
0.5083949429747381,115.67482763716983,129.83373150046265,-83.67482763716983,-97.83373150046265,True,True,14.15890386329282,POINT (438751.56156028016 4482080.752096761)
0.5423109759839317,116.67733154498636,130.83623540827918,-84.67733154498636,-98.83623540827918,True,True,14.15890386329282,POINT (438751.48290038254 4482045.756788413)
0.5510862424594205,116.92650568672038,131.0854095500132,-84.92650568672038,-99.0854095500132,True,True,14.15890386329282,POINT (438716.49052209005 4482046.487172856)
0.5619082652741817,117.22838990413301,131.38729376742583,-85.22838990413301,-99.38729376742583,True,True,14.15890386329282,POINT (438681.49814379757 4482047.217557299)
0.5746614225253535,117.576768264337,131.73567212762984,-85.576768264337,-99.73567212762984,True,True,14.158903863292835,POINT (438646.505765505 4482047.947941742)
0.589599046154736,117.97511979508025,132.13402365837305,-85.97511979508025,-100.13402365837305,True,True,14.158903863292807,POINT (438611.5076690495 4482048.255006493)
0.6062716808963163,118.4079917398044,132.56689560309724,-86.4079917398044,-100.56689560309724,True,True,14.158903863292835,POINT (438576.5083297641 4482048.470063669)
0.6244627025588613,118.86691036521964,133.02581422851247,-86.86691036521964,-101.02581422851247,True,True,14.158903863292835,POINT (438541.50899047876 4482048.685120844)
0.5423109759839317,116.67733154498636,130.83623540827918,-84.67733154498636,-98.83623540827918,True,True,14.15890386329282,POINT (438751.48290038254 4482045.756788413)
0.5357104033178343,116.48723642523218,130.646140288525,-84.48723642523218,-98.646140288525,True,True,14.15890386329282,POINT (438786.47468995146 4482044.998723268)
0.5309849867790774,116.34970123981736,130.5086051031102,-84.34970123981736,-98.5086051031102,True,True,14.158903863292835,POINT (438821.4719790069 4482044.595366776)
0.5284636524230546,116.27581515543596,130.43471901872877,-84.27581515543596,-98.43471901872877,True,True,14.158903863292807,POINT (438856.4704506656 4482044.268286428)
0.5282878908690792,116.27065144007716,130.42955530336997,-84.27065144007716,-98.42955530336997,True,True,14.158903863292807,POINT (438891.4685833908 4482043.907605947)
0.530444813288048,116.33390137664381,130.49280523993662,-84.33390137664381,-98.49280523993662,True,True,14.158903863292807,POINT (438926.46653140045 4482043.528613714)
0.5348881231150023,116.46339102720907,130.6222948905019,-84.46339102720907,-98.6222948905019,True,True,14.158903863292835,POINT (438961.46447941015 4482043.14962148)
0.5423109759839317,116.67733154498636,130.83623540827918,-84.67733154498636,-98.83623540827918,True,True,14.15890386329282,POINT (438751.48290038254 4482045.756788413)
0.5764233107563898,117.6242889498923,131.7831928131851,-85.6242889498923,-99.78319281318511,True,True,14.158903863292807,POINT (438751.11998750054 4482010.758679463)
0.4830030378690163,114.87948631932785,129.03839018262067,-82.87948631932785,-97.03839018262067,True,True,14.15890386329282,POINT (438752.65216137853 4482106.768552038)
0.5171053269282734,115.93853561103819,130.097439474331,-83.93853561103819,-98.097439474331,True,True,14.158903863292807,POINT (438751.371334285 4482071.794727697)
0.4830030378690163,114.87948631932785,129.03839018262067,-82.87948631932785,-97.03839018262067,True,True,14.15890386329282,POINT (438752.65216137853 4482106.768552038)
0.44918781897331356,113.75278380664419,127.91168766993701,-81.75278380664419,-95.91168766993701,True,True,14.15890386329282,POINT (438753.3471808063 4482141.761355125)
0.4830030378690163,114.87948631932785,129.03839018262067,-82.87948631932785,-97.03839018262067,True,True,14.15890386329282,POINT (438752.65216137853 4482106.768552038)
0.4751358272261812,114.62456076085984,128.78346462415266,-82.62456076085984,-96.78346462415266,True,True,14.15890386329282,POINT (438787.6507199833 4482106.450911381)
0.47008582684572076,114.45868872377532,128.61759258706815,-82.45868872377532,-96.61759258706815,True,True,14.15890386329282,POINT (438822.64339906443 4482105.796668773)
0.46785838189166506,114.38495908807386,128.5438629513667,-82.38495908807386,-96.54386295136669,True,True,14.158903863292835,POINT (438857.63170088676 4482104.891828683)
0.4678580619476597,114.38494847256021,128.54385233585305,-82.38494847256021,-96.54385233585305,True,True,14.158903863292835,POINT (438892.6268946815 4482104.372969856)
0.4575480933456713,114.03904555440775,128.19794941770056,-82.03904555440775,-96.19794941770056,True,True,14.158903863292807,POINT (438919.8722376315 4482116.128407419)
0.5384202645192325,116.56556174010706,130.7244656033999,-84.56556174010706,-98.72446560339989,True,True,14.158903863292835,POINT (438981.39746357134 4482042.933767506)
0.5726161083688038,117.52142009081565,131.68032395410847,-85.52142009081565,-99.68032395410847,True,True,14.15890386329282,POINT (438980.1750104212 4482007.963254087)
0.5384202645192325,116.56556174010706,130.7244656033999,-84.56556174010706,-98.72446560339989,True,True,14.158903863292835,POINT (438981.39746357134 4482042.933767506)
0.5462499917231501,116.78967509708889,130.94857896038172,-84.78967509708889,-98.94857896038172,True,True,14.158903863292835,POINT (439016.3962010348 4482042.636486555)
0.5561780234648738,117.06927431638317,131.22817817967598,-85.06927431638317,-99.22817817967598,True,True,14.158903863292807,POINT (439051.3949197585 4482042.33705897)
0.5384202645192325,116.56556174010706,130.7244656033999,-84.56556174010706,-98.72446560339989,True,True,14.158903863292835,POINT (438981.39746357134 4482042.933767506)
0.5326982130991315,116.39970631803752,130.55861018133035,-84.39970631803752,-98.55861018133035,True,True,14.158903863292835,POINT (438946.3995155617 4482043.312759739)
0.5292337774868947,116.29842050269812,130.45732436599093,-84.29842050269812,-98.45732436599093,True,True,14.158903863292807,POINT (438911.401567552 4482043.691751973)
0.5280713931165709,116.26428857019296,130.42319243348578,-84.26428857019296,-98.42319243348578,True,True,14.15890386329282,POINT (438876.40361954237 4482044.070744205)
0.5292667974896249,116.29938899752264,130.45829286081545,-84.29938899752264,-98.45829286081545,True,True,14.158903863292807,POINT (438841.405261411 4482044.409079072)
0.5327749773372652,116.40194312093116,130.56084698422399,-84.40194312093116,-98.56084698422399,True,True,14.15890386329282,POINT (438806.40678975225 4482044.73615942)
0.5382826610669372,116.56159398611989,130.7204978494127,-84.56159398611989,-98.72049784941271,True,True,14.15890386329282,POINT (438771.4123770209 4482045.325034513)
0.602596750778994,118.31361115071319,132.472515014006,-86.31361115071319,-100.472515014006,True,True,14.15890386329282,POINT (438750.9005357098 4481983.963164912)
0.5967332308857374,118.16182418821678,132.3207280515096,-86.16182418821678,-100.3207280515096,True,True,14.15890386329282,POINT (438785.89175996644 4481983.1794398185)
0.59288131496722,118.06129704335146,132.22020090664427,-86.06129704335146,-100.22020090664427,True,True,14.158903863292807,POINT (438820.8829842231 4481982.395714725)
0.59108033162362,118.01407076801834,132.17297463131115,-86.01407076801834,-100.17297463131115,True,True,14.158903863292807,POINT (438855.8742084797 4481981.611989631)
0.5910545728424458,118.01339426526805,132.17229812856087,-86.01339426526805,-100.17229812856087,True,True,14.15890386329282,POINT (438890.87025118514 4481981.122815906)
0.5929703182852757,118.06362721084692,132.22253107413974,-86.06362721084692,-100.22253107413974,True,True,14.15890386329282,POINT (438925.86838731205 4481980.761612859)
0.5969355816650779,118.16708717568679,132.32599103897962,-86.16708717568679,-100.32599103897962,True,True,14.158903863292835,POINT (438960.866523439 4481980.40040981)
0.602596750778994,118.31361115071319,132.472515014006,-86.31361115071319,-100.472515014006,True,True,14.15890386329282,POINT (438750.9005357098 4481983.963164912)
0.6106013988065893,118.51845743978394,132.67736130307676,-86.51845743978394,-100.67736130307676,True,True,14.15890386329282,POINT (438715.90550816123 4481984.553119887)
0.620479888794675,118.76758653623638,132.9264903995292,-86.76758653623638,-100.9264903995292,True,True,14.15890386329282,POINT (438680.9104806126 4481985.143074863)
0.6321443795319329,119.05670032981406,133.21560419310688,-87.05670032981406,-101.21560419310688,True,True,14.15890386329282,POINT (438645.915453064 4481985.733029838)
0.6454969938683843,119.3811777261395,133.5400815894323,-87.3811777261395,-101.5400815894323,True,True,14.158903863292807,POINT (438610.9204451234 4481986.324146515)
0.6604361493058943,119.73634696513702,133.89525082842985,-87.73634696513702,-101.89525082842985,True,True,14.158903863292835,POINT (438575.92544167576 4481986.915529385)
0.6768570347760183,120.11759100891697,134.27649487220978,-88.11759100891697,-102.27649487220978,True,True,14.158903863292807,POINT (438540.9304382281 4481987.506912257)
0.602596750778994,118.31361115071319,132.472515014006,-86.31361115071319,-100.472515014006,True,True,14.15890386329282,POINT (438750.9005357098 4481983.963164912)
0.5684195719985945,117.4072361514937,131.56614001478653,-85.4072361514937,-99.56614001478653,True,True,14.15890386329282,POINT (438751.1983845066 4482018.961885729)
0.5999319267383825,118.24481167890767,132.40371554220047,-86.24481167890767,-100.40371554220047,True,True,14.158903863292807,POINT (438979.8600763598 4481980.2043842515)
0.6343816787677626,119.11154339176012,133.27044725505294,-87.11154339176012,-101.27044725505294,True,True,14.15890386329282,POINT (438979.1988665886 4481945.2106305)
0.6689262361786793,119.9346301793461,134.0935340426389,-87.9346301793461,-102.09353404263891,True,True,14.158903863292807,POINT (438978.7873114334 4481910.215241077)
0.5999319267383825,118.24481167890767,132.40371554220047,-86.24481167890767,-100.40371554220047,True,True,14.158903863292807,POINT (438979.8600763598 4481980.2043842515)
0.5948700756629802,118.11328092247874,132.27218478577154,-86.11328092247874,-100.27218478577154,True,True,14.158903863292807,POINT (438944.8619402329 4481980.565587299)
0.5918382355994116,118.03396241273268,132.19286627602548,-86.03396241273268,-100.19286627602548,True,True,14.158903863292807,POINT (438909.86380410596 4481980.926790347)
0.5908676563467289,118.00848439484545,132.16738825813826,-86.00848439484545,-100.16738825813826,True,True,14.158903863292807,POINT (438874.86566797906 4481981.287993395)
0.5916477303483337,118.02896488583774,132.18786874913056,-86.02896488583774,-100.18786874913056,True,True,14.15890386329282,POINT (438839.87278605916 4481981.970385673)
0.5943902022408639,118.10075351785878,132.2596573811516,-86.10075351785878,-100.25965738115161,True,True,14.158903863292835,POINT (438804.8815618025 4481982.7541107675)
0.5991680801032665,118.22503460116845,132.38393846446127,-86.22503460116845,-100.38393846446127,True,True,14.15890386329282,POINT (438769.8903375459 4481983.537835861)
0.5590766857744915,117.1499673110593,131.3088711743521,-85.1499673110593,-99.3088711743521,True,True,14.158903863292807,POINT (439060.44489271054 4482042.255920472)
0.5649272529432058,117.3115687994335,131.4704726627263,-85.3115687994335,-99.47047266272631,True,True,14.158903863292807,POINT (439069.0978498038 4482039.043879782)
0.5590766857744915,117.1499673110593,131.3088711743521,-85.1499673110593,-99.3088711743521,True,True,14.158903863292807,POINT (439060.44489271054 4482042.255920472)
0.5486198756093758,116.85687622160475,131.01578008489756,-84.85687622160475,-99.01578008489756,True,True,14.158903863292807,POINT (439025.44621123944 4482042.559615336)
0.5402384400752612,116.61789327478343,130.77679713807623,-84.61789327478343,-98.77679713807623,True,True,14.158903863292807,POINT (438990.44747377594 4482042.856896286)
0.5649272529432058,117.3115687994335,131.4704726627263,-85.3115687994335,-99.47047266272631,True,True,14.158903863292807,POINT (439069.0978498038 4482039.043879782)
0.5602021002116954,117.18118391494075,131.34008777823357,-85.18118391494075,-99.34008777823357,True,True,14.15890386329282,POINT (439069.39379583544 4482044.158953218)
0.5649272529432058,117.3115687994335,131.4704726627263,-85.3115687994335,-99.47047266272631,True,True,14.158903863292807,POINT (439069.0978498038 4482039.043879782)
0.5780568888204755,117.66821933309905,131.82712319639185,-85.66821933309905,-99.82712319639185,True,True,14.158903863292807,POINT (439104.09183199663 4482038.394904576)
0.5929688110415184,118.06358775309002,132.22249161638285,-86.06358775309002,-100.22249161638285,True,True,14.158903863292835,POINT (439139.0857220067 4482037.74094589)
0.5977635738689908,118.18860404380617,132.347507907099,-86.18860404380617,-100.34750790709899,True,True,14.15890386329282,POINT (439149.5710172939 4482037.544998827)
0.6146517040319313,118.62108755601653,132.77999141930937,-86.62108755601653,-100.77999141930937,True,True,14.158903863292835,POINT (439184.56744888786 4482037.052169526)
0.6330773262753373,119.07959327114986,133.2384971344427,-87.07959327114986,-101.2384971344427,True,True,14.158903863292835,POINT (439219.5630671193 4482036.4983603535)
0.6530384889742613,119.56148772582938,133.72039158912222,-87.56148772582938,-101.72039158912222,True,True,14.158903863292835,POINT (439254.5414896838 4482035.716132379)
0.6616815505696486,119.76559189665228,133.9244957599451,-87.76559189665228,-101.9244957599451,True,True,14.15890386329282,POINT (439265.72775055503 4482033.015202996)
0.668168509872781,119.9170363033534,134.07594016664623,-87.9170363033534,-102.07594016664623,True,True,14.158903863292835,POINT (439273.1392801125 4482030.346321947)
0.6616815505696486,119.76559189665228,133.9244957599451,-87.76559189665228,-101.9244957599451,True,True,14.15890386329282,POINT (439265.72775055503 4482033.015202996)
0.6891172070347927,120.39625254204115,134.55515640533397,-88.39625254204115,-102.55515640533397,True,True,14.15890386329282,POINT (439263.36187634035 4481998.0952568455)
0.7176495285272357,121.0260282113686,135.18493207466142,-89.0260282113686,-103.18493207466142,True,True,14.15890386329282,POINT (439261.7619654373 4481963.136565328)
0.7801531404375668,122.3223538110548,136.48125767434763,-90.3223538110548,-104.48125767434763,True,True,14.158903863292835,POINT (439275.739296778 4481898.569493079)
0.7483309536081185,121.6758915824836,135.83479544577642,-89.6758915824836,-103.83479544577642,True,True,14.15890386329282,POINT (439271.933787547 4481933.3619937)
0.7801531404375668,122.3223538110548,136.48125767434763,-90.3223538110548,-104.48125767434763,True,True,14.158903863292835,POINT (439275.739296778 4481898.569493079)
0.7776199490424771,122.2718672850992,136.43077114839204,-90.2718672850992,-104.43077114839204,True,True,14.158903863292835,POINT (439288.7948225713 4481909.342309891)
0.7404131875906338,121.51077222481517,135.669676088108,-89.51077222481517,-103.66967608810799,True,True,14.15890386329282,POINT (439270.9815634941 4481942.067860364)
0.7357568937215048,121.41284200691857,135.5717458702114,-89.41284200691857,-103.5717458702114,True,True,14.158903863292835,POINT (439260.79601706495 4481941.318013956)
0.7404131875906338,121.51077222481517,135.669676088108,-89.51077222481517,-103.66967608810799,True,True,14.15890386329282,POINT (439270.9815634941 4481942.067860364)
0.7100181179972326,120.86007214465441,135.01897600794723,-88.86007214465441,-103.01897600794723,True,True,14.15890386329282,POINT (439269.24541468173 4481976.9506237)
0.6823525520731689,120.24311762291354,134.40202148620637,-88.24311762291354,-102.40202148620637,True,True,14.15890386329282,POINT (439271.5875597545 4482011.864577615)
0.37533159649789016,110.96433225040903,125.12323611370185,-78.96433225040903,-93.12323611370185,True,True,14.15890386329282,POINT (438978.17807326565 4482209.294999064)
0.4078347323416356,112.25356725081862,126.41247111411144,-80.25356725081862,-94.41247111411144,True,True,14.15890386329282,POINT (438982.79441775754 4482176.912233287)
0.44175317331607095,113.49370450869196,127.65260837198478,-81.49370450869196,-95.65260837198478,True,True,14.15890386329282,POINT (438982.4426133631 4482141.914001478)
0.37533159649789016,110.96433225040903,125.12323611370185,-78.96433225040903,-93.12323611370185,True,True,14.15890386329282,POINT (438978.17807326565 4482209.294999064)
0.36745479285971056,110.63509144196938,124.7939953052622,-78.63509144196938,-92.7939953052622,True,True,14.15890386329282,POINT (438943.1813688927 4482209.775240574)
0.36280307304930975,110.4373241458864,124.59622800917921,-78.4373241458864,-92.59622800917921,True,True,14.15890386329282,POINT (438908.1845918291 4482210.25018796)
0.3614880480062591,110.38095614444208,124.53986000773492,-78.38095614444208,-92.53986000773492,True,True,14.158903863292835,POINT (438873.18791865534 4482210.732750673)
0.36355350072499915,110.46939942343776,124.62830328673058,-78.46939942343776,-92.62830328673058,True,True,14.15890386329282,POINT (438838.1912454816 4482211.215313384)
0.3689426607574092,110.69781980928676,124.85672367257959,-78.69781980928676,-92.85672367257959,True,True,14.158903863292835,POINT (438803.19457230787 4482211.697876097)
0.3775140373722876,111.05433360892738,125.2132374722202,-79.05433360892738,-93.2132374722202,True,True,14.15890386329282,POINT (438768.1978874051 4482212.179577843)
0.4581961589788605,114.06101687494757,128.2199207382404,-82.06101687494757,-96.2199207382404,True,True,14.158903863292835,POINT (438982.4573411496 4482125.04911628)
0.4922843165855739,115.17494695639064,129.33385081968345,-83.17494695639064,-97.33385081968345,True,True,14.158903863292807,POINT (438981.88427154574 4482090.053808148)
0.5265029997948305,116.21811543329646,130.37701929658928,-84.21811543329646,-98.37701929658928,True,True,14.15890386329282,POINT (438981.3667771992 4482055.058115342)
0.4581961589788605,114.06101687494757,128.2199207382404,-82.06101687494757,-96.2199207382404,True,True,14.158903863292835,POINT (438982.4573411496 4482125.04911628)
0.4677007528773802,114.37972819048015,128.53863205377297,-82.37972819048015,-96.53863205377297,True,True,14.15890386329282,POINT (439017.4511917237 4482124.435022529)
0.4797114405342652,114.77333578402707,128.93223964731988,-82.77333578402707,-96.93223964731988,True,True,14.158903863292807,POINT (439052.4429217228 4482123.676372935)
0.4581961589788605,114.06101687494757,128.2199207382404,-82.06101687494757,-96.2199207382404,True,True,14.158903863292835,POINT (438982.4573411496 4482125.04911628)
0.45127293685377723,113.82467536476598,127.9835792280588,-81.82467536476598,-95.9835792280588,True,True,14.15890386329282,POINT (438947.46220318077 4482125.602633165)
0.38187543103037497,111.2326440567136,125.39154792000642,-79.2326440567136,-93.39154792000642,True,True,14.15890386329282,POINT (438753.94082672766 4482212.371441875)
0.41508026931209296,112.52692923480424,126.68583309809706,-80.52692923480424,-94.68583309809706,True,True,14.15890386329282,POINT (438753.72049465147 4482177.372135399)
0.38187543103037497,111.2326440567136,125.39154792000642,-79.2326440567136,-93.39154792000642,True,True,14.15890386329282,POINT (438753.94082672766 4482212.371441875)
0.3720607263607905,110.82846063482151,124.98736449811433,-78.82846063482151,-92.98736449811433,True,True,14.15890386329282,POINT (438788.9375759736 4482211.894463206)
0.36535402070947326,110.5460892393552,124.70499310264802,-78.5460892393552,-92.70499310264802,True,True,14.15890386329282,POINT (438823.93424914737 4482211.411900494)
0.3619225563538557,110.39960381565926,124.55850767895208,-78.39960381565926,-92.55850767895208,True,True,14.15890386329282,POINT (438858.9309223211 4482210.929337782)
0.36185952128715543,110.396899946386,124.55580380967882,-78.396899946386,-92.55580380967882,True,True,14.15890386329282,POINT (438893.92759549484 4482210.44677507)
0.36516325838882585,110.53798199222611,124.69688585551893,-78.53798199222611,-92.69688585551893,True,True,14.15890386329282,POINT (438928.92431554216 4482209.967648282)
0.3717427451014214,110.81518807632524,124.97409193961806,-78.81518807632524,-92.97409193961806,True,True,14.15890386329282,POINT (438963.92110016407 4482209.493263908)
0.38187543103037497,111.2326440567136,125.39154792000642,-79.2326440567136,-93.39154792000642,True,True,14.15890386329282,POINT (438753.94082672766 4482212.371441875)
0.394054735407988,111.72000061610987,125.87890447940269,-79.72000061610987,-93.87890447940269,True,True,14.15890386329282,POINT (438718.9559222685 4482213.399284268)
0.4088758053128892,112.2931425808199,126.45204644411272,-80.2931425808199,-94.45204644411272,True,True,14.15890386329282,POINT (438683.9710178094 4482214.427126661)
0.42606303975244025,112.93232377090081,127.09122763419361,-80.93232377090081,-95.09122763419361,True,True,14.158903863292807,POINT (438648.98611335026 4482215.454969054)
0.4458030654216624,113.6353692861845,127.79427314947732,-81.6353692861845,-95.79427314947732,True,True,14.15890386329282,POINT (438613.98992098414 4482215.914810607)
0.4674088645500004,114.37003725915645,128.52894112244928,-82.37003725915645,-96.52894112244928,True,True,14.158903863292835,POINT (438578.9918027589 4482216.277744066)
0.4905626567331857,115.12056270066546,129.2794665639583,-83.12056270066546,-97.2794665639583,True,True,14.158903863292835,POINT (438543.9936845337 4482216.640677524)
0.5164508104157183,115.91887496008054,130.07777882337336,-83.91887496008054,-98.07777882337336,True,True,14.15890386329282,POINT (438533.88011405943 4482190.681669483)
0.5429123554406889,116.69453599557329,130.85343985886612,-84.69453599557329,-98.85343985886612,True,True,14.158903863292835,POINT (438533.72568820347 4482155.682010161)
0.44780718734912883,113.70499794380909,127.86390180710191,-81.70499794380909,-95.86390180710191,True,True,14.15890386329282,POINT (438920.11783099576 4482125.924347693)
0.4249037876561244,112.8900299593877,127.04893382268052,-80.8900299593877,-95.04893382268052,True,True,14.15890386329282,POINT (438902.6011225175 4482147.704577678)
0.42435003621491996,112.86978631416096,127.02869017745378,-80.86978631416096,-95.02869017745378,True,True,14.15890386329282,POINT (438867.60245885956 4482148.008270718)
0.42650770617548117,112.94851632091455,127.10742018420737,-80.94851632091455,-95.10742018420737,True,True,14.15890386329282,POINT (438832.6056581898 4482148.481496754)
0.4314833389343281,113.12856159632105,127.28746545961387,-81.12856159632105,-95.28746545961387,True,True,14.15890386329282,POINT (438797.6091644463 4482148.974538588)
0.4390864322347526,113.39971126398727,127.55861512728009,-81.39971126398727,-95.55861512728009,True,True,14.15890386329282,POINT (438762.61449573166 4482149.585408092)
0.44780718734912883,113.70499794380909,127.86390180710191,-81.70499794380909,-95.86390180710191,True,True,14.15890386329282,POINT (438920.11783099576 4482125.924347693)
0.452534256967926,113.86800261298269,128.0269064762755,-81.86800261298269,-96.02690647627551,True,True,14.15890386329282,POINT (438955.1154088605 4482125.512590964)
0.4414880699687246,113.48438598354358,127.6432898468364,-81.48438598354358,-95.6432898468364,True,True,14.15890386329282,POINT (438753.54656460934 4482149.7436985625)
0.40806237498186854,112.26222947719748,126.4211333404903,-80.26222947719748,-94.4211333404903,True,True,14.15890386329282,POINT (438753.7668966855 4482184.743005038)
0.4414880699687246,113.48438598354358,127.6432898468364,-81.48438598354358,-95.6432898468364,True,True,14.15890386329282,POINT (438753.54656460934 4482149.7436985625)
0.4752800398774648,114.62927162938661,128.78817549267941,-82.62927162938661,-96.78817549267941,True,True,14.158903863292807,POINT (438752.78436749865 4482114.7522906475)
0.4414880699687246,113.48438598354358,127.6432898468364,-81.48438598354358,-95.6432898468364,True,True,14.15890386329282,POINT (438753.54656460934 4482149.7436985625)
0.4526140017754013,113.87073784387141,128.02964170716422,-81.87073784387141,-96.02964170716422,True,True,14.158903863292807,POINT (438718.54805851553 4482150.067073271)
0.4661064061246884,114.32672069292464,128.48562455621746,-82.32672069292464,-96.48562455621746,True,True,14.15890386329282,POINT (438683.54957408406 4482150.392775174)
0.48176727383452556,114.83971928943457,128.9986231527274,-82.83971928943457,-96.99862315272739,True,True,14.15890386329282,POINT (438648.551103131 4482150.719920641)
0.49863731042526305,115.37399429499112,129.53289815828396,-83.37399429499112,-97.53289815828396,True,True,14.158903863292835,POINT (438613.574791941 4482151.930473824)
0.7579403092403607,121.87395682284567,136.0328606861385,-89.87395682284567,-104.03286068613849,True,True,14.15890386329282,POINT (438529.2318812697 4481901.304428475)
0.7265095541986778,121.21650264491831,135.37540650821114,-89.21650264491831,-103.37540650821114,True,True,14.158903863292835,POINT (438530.5943634892 4481936.277899023)
0.6955833281540011,120.54123065061908,134.7001345139119,-88.54123065061908,-102.7001345139119,True,True,14.15890386329282,POINT (438531.61282796983 4481971.2626791885)
0.5261644527168874,116.20813063750714,130.36703450079995,-84.20813063750714,-98.36703450079995,True,True,14.158903863292807,POINT (438596.4098300418 4482130.240396313)
0.5453712892791642,116.76468423533319,130.923588098626,-84.76468423533319,-98.923588098626,True,True,14.158903863292807,POINT (438561.417225109 4482130.959840556)
0.5261644527168874,116.20813063750714,130.36703450079995,-84.20813063750714,-98.36703450079995,True,True,14.158903863292807,POINT (438596.4098300418 4482130.240396313)
0.5354100024624511,116.47852931223007,130.6374331755229,-84.47852931223007,-98.63743317552289,True,True,14.15890386329282,POINT (438614.17780661816 4482108.538187724)
0.5191598746554752,116.00008973948621,130.15899360277902,-84.00008973948621,-98.15899360277902,True,True,14.158903863292807,POINT (438649.17528685235 4482108.118796693)
0.5048527715222928,115.56629333643369,129.7251971997265,-83.56629333643369,-97.7251971997265,True,True,14.158903863292807,POINT (438684.1722874262 4482107.660592772)
0.4926212199814752,115.18556689788628,129.3444707611791,-83.18556689788628,-97.34447076117911,True,True,14.158903863292835,POINT (438719.1692880001 4482107.20238885)
0.4868406081681391,115.00233434566651,129.16123820895933,-83.00233434566651,-97.16123820895933,True,True,14.15890386329282,POINT (439070.79325910506 4482123.340908574)
0.48316188875153726,114.88459077769038,129.0434946409832,-82.88459077769038,-97.0434946409832,True,True,14.15890386329282,POINT (439061.55635326885 4482123.527179747)
0.4868406081681391,115.00233434566651,129.16123820895933,-83.00233434566651,-97.16123820895933,True,True,14.15890386329282,POINT (439070.79325910506 4482123.340908574)
0.4550186174707955,113.95299011447163,128.11189397776445,-81.95299011447163,-96.11189397776445,True,True,14.15890386329282,POINT (439071.3576714823 4482158.336357402)
0.8123277524066796,122.94970321462516,137.10860707791798,-90.94970321462516,-105.10860707791798,True,False,14.15890386329282,POINT (438314.1273051078 4481991.3162165545)
0.8272794045590982,123.23282462659341,137.39172848988625,-91.23282462659341,-105.39172848988625,True,False,14.158903863292835,POINT (438313.21750671294 4481971.442089466)
0.8123277524066796,122.94970321462516,137.10860707791798,-90.94970321462516,-105.10860707791798,True,False,14.15890386329282,POINT (438314.1273051078 4481991.3162165545)
0.7871970340308488,122.46188168336872,136.62078554666155,-90.46188168336872,-104.62078554666155,True,True,14.158903863292835,POINT (438314.808918057 4482026.309578836)
0.8123277524066796,122.94970321462516,137.10860707791798,-90.94970321462516,-105.10860707791798,True,False,14.15890386329282,POINT (438314.1273051078 4481991.3162165545)
0.7886912795856738,122.49131966061799,136.6502235239108,-90.49131966061799,-104.6502235239108,True,True,14.158903863292807,POINT (438349.12237198954 4481990.728599381)
0.7659252520050173,122.03663916845947,136.1955430317523,-90.03663916845947,-104.1955430317523,True,True,14.15890386329282,POINT (438384.11743887124 4481990.140982207)
0.7441095677542068,121.58807622489999,135.7469800881928,-89.58807622489999,-103.7469800881928,True,True,14.158903863292807,POINT (438419.112505753 4481989.553365033)
0.7233302191860986,121.14842127641916,135.30732513971196,-89.14842127641916,-103.30732513971196,True,True,14.158903863292807,POINT (438454.1075726347 4481988.965747859)
0.7036790199744599,120.72085738018643,134.87976124347927,-88.72085738018643,-102.87976124347927,True,True,14.158903863292835,POINT (438489.10263951647 4481988.378130686)
0.6852530337887377,120.3089623822699,134.46786624556273,-88.3089623822699,-102.46786624556273,True,True,14.158903863292835,POINT (438524.09770639817 4481987.790513512)
0.8272794045590982,123.23282462659341,137.39172848988625,-91.23282462659341,-105.39172848988625,True,False,14.158903863292835,POINT (438313.21750671294 4481971.442089466)
0.8123277524066796,122.94970321462516,137.10860707791798,-90.94970321462516,-105.10860707791798,True,False,14.15890386329282,POINT (438314.1273051078 4481991.3162165545)
0.8272794045590982,123.23282462659341,137.39172848988625,-91.23282462659341,-105.39172848988625,True,False,14.158903863292835,POINT (438313.21750671294 4481971.442089466)
0.854026119118829,123.72676183277775,137.88566569607056,-91.72676183277775,-105.88566569607056,True,False,14.158903863292807,POINT (438311.6831925643 4481936.481745701)
0.253358049243961,104.86361787569035,119.02252173898316,-72.86361787569035,-87.02252173898316,True,True,14.158903863292807,POINT (438944.3517177076 4482326.529570501)
0.2842751331059988,106.65094139706481,120.80984526035763,-74.65094139706481,-88.80984526035763,True,True,14.15890386329282,POINT (438968.65823543735 4482301.346377776)
0.31604493586938903,108.29549823023217,122.454402093525,-76.29549823023217,-90.454402093525,True,True,14.158903863292835,POINT (438992.9647531671 4482276.16318505)
0.3484666828678973,109.81146645859965,123.97037032189247,-77.81146645859965,-91.97037032189247,True,True,14.15890386329282,POINT (439017.20639661996 4482250.917537994)
0.3813936673125906,111.2130480416359,125.37195190492872,-79.2130480416359,-93.37195190492872,True,True,14.15890386329282,POINT (439041.24812549213 4482225.52592376)
0.253358049243961,104.86361787569035,119.02252173898316,-72.86361787569035,-87.02252173898316,True,True,14.158903863292807,POINT (438944.3517177076 4482326.529570501)
0.25306114907290245,104.84541618903205,119.00432005232487,-72.84541618903205,-87.00432005232487,True,True,14.15890386329282,POINT (438911.0547777333 4482320.716644865)
0.25115035416211595,104.7277600201086,118.88666388340143,-72.7277600201086,-86.88666388340143,True,True,14.15890386329282,POINT (438876.0562103919 4482321.033321436)
0.254092612293003,104.90855930245985,119.06746316575267,-72.90855930245985,-87.06746316575267,True,True,14.15890386329282,POINT (438841.0576430505 4482321.349998005)
0.2592596350652036,105.22105991445237,119.37996377774519,-73.22105991445237,-87.37996377774519,True,True,14.15890386329282,POINT (438806.3051454748 4482324.168150846)
0.26304215489768007,105.44590250984271,119.60480637313553,-73.44590250984271,-87.60480637313553,True,True,14.15890386329282,POINT (438772.60862138524 4482332.924535852)
0.2626833568118608,105.42471390166567,119.58361776495849,-73.42471390166567,-87.58361776495849,True,True,14.15890386329282,POINT (438742.06757957936 4482349.843139113)
0.2583519275908579,105.16661545565664,119.32551931894946,-73.16661545565664,-87.32551931894946,True,True,14.15890386329282,POINT (438716.6029479079 4482373.697756978)
0.25515505601199845,104.97333152687006,119.13223539016288,-72.97333152687006,-87.13223539016288,True,True,14.15890386329282,POINT (438693.6301121436 4482400.075425913)
0.1433976512700378,96.02808847492314,110.18699233821596,-64.02808847492314,-78.18699233821596,True,True,14.15890386329282,POINT (438835.36801091884 4482436.530428259)
0.16005277184461775,97.73380948403603,111.89271334732885,-65.73380948403603,-79.89271334732885,True,True,14.15890386329282,POINT (438861.2161576196 4482413.422698949)
0.1836901442386745,99.87208014449224,114.03098400778507,-67.87208014449224,-82.03098400778507,True,True,14.15890386329282,POINT (438885.74761469004 4482388.458572407)
0.1433976512700378,96.02808847492314,110.18699233821596,-64.02808847492314,-78.18699233821596,True,True,14.15890386329282,POINT (438835.36801091884 4482436.530428259)
0.1311366092448116,94.64059442216754,108.79949828546037,-62.64059442216754,-76.79949828546037,True,True,14.158903863292835,POINT (438845.0842719792 4482446.297410183)
0.9627994606231856,125.58773553941323,139.74663940270605,-93.58773553941323,-107.74663940270605,True,False,14.15890386329282,POINT (438103.41198139737 4482005.823212027)
0.9474076688349446,125.3375688882337,139.4964727515265,-93.3375688882337,-107.49647275152651,True,False,14.158903863292807,POINT (438106.97162075096 4482027.307221489)
0.9474076688349446,125.3375688882337,139.4964727515265,-93.3375688882337,-107.49647275152651,True,False,14.158903863292807,POINT (438106.97162075096 4482027.307221489)
0.912664071941962,124.757597064453,138.91650092774583,-92.757597064453,-106.91650092774583,True,False,14.158903863292835,POINT (438137.1434394021 4482044.8091901755)
0.8777198637618815,124.15156516425375,138.31046902754656,-92.15156516425375,-106.31046902754656,True,False,14.158903863292807,POINT (438164.5475688382 4482066.5810456285)
0.8430833732138353,123.52657580203687,137.6854796653297,-91.52657580203687,-105.6854796653297,True,False,14.15890386329282,POINT (438190.28668358794 4482090.206448965)
0.8086989965987545,122.88020404981272,137.03910791310554,-90.88020404981272,-105.03910791310554,True,False,14.15890386329282,POINT (438214.8622327041 4482115.127170978)
0.7751046932992771,122.22157523016568,136.38047909345852,-90.22157523016568,-104.38047909345852,True,True,14.158903863292835,POINT (438237.3350216734 4482141.866587174)
0.742134627398461,121.54682134130924,135.70572520460206,-89.54682134130924,-103.70572520460206,True,True,14.15890386329282,POINT (438258.4537035143 4482169.77718153)
0.7094387122943286,120.84739936457629,135.00630322786913,-88.84739936457629,-103.00630322786913,True,True,14.158903863292835,POINT (438279.3977732923 4482197.817963287)
0.6770796349210407,120.12269533479727,134.2815991980901,-88.12269533479727,-102.2815991980901,True,True,14.158903863292835,POINT (438300.1191539089 4482226.024777807)
0.6449332660382365,119.36761502280314,133.52651888609597,-87.36761502280314,-101.52651888609597,True,True,14.158903863292835,POINT (438320.9652769174 4482254.139524709)
0.6118188993780607,118.54937890481196,132.7082827681048,-86.54937890481196,-100.7082827681048,True,True,14.158903863292835,POINT (438344.5735120095 4482279.835217744)
0.5781183913385181,117.66987084046637,131.8287747037592,-85.66987084046637,-99.8287747037592,True,True,14.15890386329282,POINT (438369.8752528417 4482304.002016587)
0.5438421516143062,116.72109841977625,130.88000228306908,-84.72109841977625,-98.88000228306908,True,True,14.15890386329282,POINT (438397.0960638527 4482326.002640394)
0.5090800162470795,115.69573140906155,129.85463527235436,-83.69573140906155,-97.85463527235436,True,True,14.158903863292807,POINT (438426.32906073186 4482345.247303105)
0.47430609025557435,114.59742865844188,128.7563325217347,-82.59742865844188,-96.75633252173469,True,True,14.158903863292807,POINT (438455.7674187208 4482364.176943783)
0.43954900842137806,113.41605630039376,127.57496016368658,-81.41605630039376,-95.57496016368658,True,True,14.15890386329282,POINT (438485.2852253768 4482382.983833217)
0.4050385403519318,112.14677071795305,126.30567458124587,-80.14677071795305,-94.30567458124587,True,True,14.15890386329282,POINT (438514.1365503108 4482402.7450275095)
0.3712293957529089,110.79373686346091,124.95264072675371,-78.79373686346091,-92.95264072675371,True,True,14.158903863292807,POINT (438541.3509346781 4482424.716408427)
0.3385028595420899,109.36113707035693,123.52004093364977,-77.36113707035693,-91.52004093364977,True,True,14.158903863292835,POINT (438566.8878473942 4482448.630044919)
0.3074880130683063,107.86941271613082,122.02831657942365,-75.86941271613082,-90.02831657942365,True,True,14.15890386329282,POINT (438590.48990291276 4482474.474606819)
0.27778013318143635,106.29215930406141,120.45106316735422,-74.29215930406141,-88.45106316735422,True,True,14.158903863292807,POINT (438613.6089001736 4482500.744504914)
0.2498165428751142,104.64509958585444,118.80400344914726,-72.64509958585444,-86.80400344914726,True,True,14.15890386329282,POINT (438636.28025595 4482527.40926869)
0.22384103242675807,102.94079645033668,117.0997003136295,-70.94079645033668,-85.0997003136295,True,True,14.15890386329282,POINT (438658.9516117263 4482554.074032467)
0.9474076688349446,125.3375688882337,139.4964727515265,-93.3375688882337,-107.49647275152651,True,False,14.158903863292807,POINT (438106.97162075096 4482027.307221489)
0.9463208002333463,125.31975040717316,139.478654270466,-93.31975040717316,-107.478654270466,True,False,14.158903863292835,POINT (438098.25191283086 4482041.866016592)
0.9549299258546754,125.46033376682783,139.61923763012064,-93.46033376682783,-107.61923763012064,True,False,14.158903863292807,POINT (438083.3405637024 4482048.727680361)
0.9684220230909985,125.67812436210988,139.8370282254027,-93.67812436210988,-107.83702822540269,True,False,14.158903863292807,POINT (438055.1516981451 4482068.071998425)
0.9688608843882585,125.68515744183975,139.84406130513256,-93.68515744183975,-107.84406130513256,True,False,14.158903863292807,POINT (438037.1089578471 4482098.043000885)
0.9702334029228906,125.70713253177229,139.86603639506512,-93.70713253177229,-107.86603639506512,True,False,14.158903863292835,POINT (438019.3406117285 4482128.197368332)
0.9549299258546754,125.46033376682783,139.61923763012064,-93.46033376682783,-107.61923763012064,True,False,14.158903863292807,POINT (438083.3405637024 4482048.727680361)
0.9853190445670448,125.94663733718994,140.10554120048275,-93.94663733718994,-108.10554120048275,True,False,14.158903863292807,POINT (438055.46728841425 4482035.837282016)
0.9707161189808183,125.71485380306216,139.87375766635498,-93.71485380306216,-107.87375766635498,True,False,14.15890386329282,POINT (438008.82394321146 4482148.153803079)
0.9627308733293066,125.58662966807796,139.74553353137077,-93.58662966807796,-107.74553353137077,True,False,14.158903863292807,POINT (438007.96804877033 4482168.619796005)
0.9463208002333463,125.31975040717316,139.478654270466,-93.31975040717316,-107.478654270466,True,False,14.158903863292835,POINT (438098.25191283086 4482041.866016592)
0.9549299258546754,125.46033376682783,139.61923763012064,-93.46033376682783,-107.61923763012064,True,False,14.158903863292807,POINT (438083.3405637024 4482048.727680361)
1.4424179448733918,131.86269439501103,146.02159825830387,-99.86269439501103,-114.02159825830387,True,False,14.158903863292835,POINT (439515.0825084958 4483868.205142686)
1.4407989707456292,131.84526132258617,146.004165185879,-99.84526132258617,-114.004165185879,True,False,14.158903863292835,POINT (439541.38194816775 4483853.206024234)
1.4424179448733918,131.86269439501103,146.02159825830387,-99.86269439501103,-114.02159825830387,True,False,14.158903863292835,POINT (439515.0825084958 4483868.205142686)
1.4388776302366428,131.82454694044657,145.9834508037394,-99.82454694044657,-113.9834508037394,True,False,14.158903863292835,POINT (439482.2182073422 4483879.852054729)
1.441628758064386,131.85419889710715,146.0131027604,-99.85419889710715,-114.01310276039999,True,False,14.158903863292835,POINT (439451.4602893627 4483896.529449568)
1.445027752024636,131.8907555800306,146.04965944332343,-99.8907555800306,-114.04965944332343,True,False,14.158903863292835,POINT (439420.60397449497 4483913.037087152)
1.4471522648617163,131.9135613854286,146.07246524872141,-99.91356138542861,-114.07246524872141,True,False,14.158903863292807,POINT (439388.8217023479 4483927.636418096)
1.449084511998222,131.934274240689,146.0931781039818,-99.934274240689,-114.09317810398181,True,False,14.158903863292807,POINT (439356.5972421425 4483941.295776536)
1.4519993049242381,131.9654673648648,146.1243712281576,-99.9654673648648,-114.1243712281576,True,False,14.158903863292807,POINT (439324.42828294775 4483955.085557692)
1.4555121325141642,132.00297735173496,146.1618812150278,-100.00297735173496,-114.16188121502779,True,False,14.158903863292835,POINT (439292.16579473094 4483968.654900919)
1.4598361028521434,132.04902462136684,146.20792848465965,-100.04902462136684,-114.20792848465965,True,False,14.158903863292807,POINT (439259.895512283 4483982.205873973)
1.4407989707456292,131.84526132258617,146.004165185879,-99.84526132258617,-114.004165185879,True,False,14.158903863292835,POINT (439541.38194816775 4483853.206024234)
1.4295478338593615,131.72356553166532,145.88246939495812,-99.72356553166532,-113.88246939495812,True,False,14.158903863292807,POINT (439548.831863921 4483836.63879835)
1.4624987242312013,132.07731187983097,146.2362157431238,-100.07731187983097,-114.23621574312381,True,False,14.158903863292835,POINT (439242.56501350325 4483989.4833163805)
1.427818775111513,131.70477863118788,145.8636824944807,-99.70477863118788,-113.86368249448071,True,False,14.158903863292835,POINT (439229.49256355915 4483957.016240015)
1.3931546338839422,131.3232610019263,145.48216486521915,-99.32326100192631,-113.48216486521915,True,False,14.158903863292835,POINT (439216.42143795197 4483924.548630381)
1.3583659481933144,130.93070674031526,145.0896106036081,-98.93070674031526,-113.0896106036081,True,False,14.158903863292835,POINT (439204.7025789883 4483891.6051964965)
1.3235316061208495,130.52743187939026,144.6863357426831,-98.52743187939026,-112.6863357426831,True,False,14.158903863292835,POINT (439193.29426772124 4483858.530100706)
1.2887650372007728,130.11421668634605,144.2731205496389,-98.11421668634605,-112.27312054963889,True,False,14.158903863292835,POINT (439181.24690584186 4483825.66886105)
1.253984731555695,129.68953048040777,143.84843434370057,-97.68953048040777,-111.84843434370057,True,False,14.158903863292807,POINT (439169.4175265758 4483792.728872303)
1.4624987242312013,132.07731187983097,146.2362157431238,-100.07731187983097,-114.23621574312381,True,False,14.158903863292835,POINT (439242.56501350325 4483989.4833163805)
1.4577314176649825,132.02662825301107,146.1855321163039,-100.02662825301107,-114.1855321163039,True,False,14.158903863292835,POINT (439274.83529595117 4483975.932343326)
1.4537913377501208,131.98461402341306,146.1435178867059,-99.98461402341306,-114.1435178867059,True,False,14.158903863292835,POINT (439307.10557839915 4483962.381370271)
1.4505456259040195,131.94991842065625,146.10882228394905,-99.94991842065625,-114.10882228394905,True,False,14.158903863292807,POINT (439339.3211582108 4483948.701468937)
1.4480620831778308,131.9233176881014,146.0822215513942,-99.9233176881014,-114.08222155139421,True,False,14.158903863292807,POINT (439371.506774686 4483934.950830991)
1.4465635329022257,131.90724493575064,146.06614879904345,-99.90724493575064,-114.06614879904345,True,False,14.158903863292807,POINT (439403.74806290946 4483921.331016981)
1.443583178875389,131.8752294999575,146.03413336325033,-99.8752294999575,-114.03413336325033,True,False,14.158903863292835,POINT (439435.00061777857 4483905.60129634)
1.4399892213497665,131.83653461119255,145.99543847448535,-99.83653461119255,-113.99543847448535,True,False,14.158903863292807,POINT (439465.5781798782 4483888.577123479)
1.439283874509025,131.82892905161796,145.9878329149108,-99.82892905161796,-113.9878329149108,True,False,14.158903863292835,POINT (439497.05325971736 4483873.390830088)
1.4295478338593615,131.72356553166532,145.88246939495812,-99.72356553166532,-113.88246939495812,True,False,14.158903863292807,POINT (439548.831863921 4483836.63879835)
1.3968023366251587,131.36385235042084,145.52275621371368,-99.36385235042084,-113.52275621371368,True,False,14.158903863292835,POINT (439543.90473609726 4483802.16241114)
1.3620815762373268,130.97311041037293,145.13201427366576,-98.97311041037293,-113.13201427366576,True,False,14.158903863292835,POINT (439531.141503248 4483769.5947836945)
1.327298703244018,130.57155197852353,144.73045584181637,-98.57155197852353,-112.73045584181637,True,False,14.158903863292835,POINT (439517.94182376825 4483737.17922475)
1.2925275528759734,130.1594702399331,144.31837410322595,-98.15947023993311,-112.31837410322595,True,False,14.158903863292835,POINT (439504.7421442885 4483704.7636658065)
1.2577649097727597,129.73625529123285,143.8951591545257,-97.73625529123285,-111.89515915452569,True,False,14.158903863292835,POINT (439491.50759209885 4483672.362636859)
1.2229556022870183,129.30058559878466,143.45948946207747,-97.30058559878466,-111.45948946207747,True,False,14.158903863292807,POINT (439477.7855489021 4483640.164724962)
1.1880972541903618,128.85169384126985,143.01059770456268,-96.85169384126985,-111.01059770456268,True,False,14.158903863292835,POINT (439463.03128649865 4483608.477028408)
1.1531330957632269,128.38800940250513,142.54691326579794,-96.38800940250513,-110.54691326579794,True,False,14.158903863292807,POINT (439445.55936168483 4483578.1881785)
1.119252559320309,127.92508324552347,142.0839871088163,-95.92508324552347,-110.0839871088163,True,False,14.158903863292835,POINT (439421.43892887555 4483552.826697449)
1.0874131185112292,127.47709117164156,141.63599503493438,-95.47709117164156,-109.63599503493438,True,False,14.15890386329282,POINT (439393.8575736857 4483531.55712037)
1.0566115497570268,127.03104046029597,141.18994432358878,-95.03104046029597,-109.18994432358878,True,False,14.158903863292807,POINT (439364.84542477556 4483511.979193625)
1.0260792580739746,126.57586691261567,140.7347707759085,-94.57586691261567,-108.73477077590849,True,False,14.15890386329282,POINT (439335.8332758655 4483492.40126688)
0.9958410117178775,126.11152674540044,140.27043060869326,-94.11152674540044,-108.27043060869326,True,False,14.15890386329282,POINT (439306.8211269553 4483472.823340136)
0.9659244263341435,125.63803772726544,139.79694159055825,-93.63803772726544,-107.79694159055825,True,False,14.158903863292807,POINT (439277.8089780452 4483453.245413391)
0.9363603335042878,125.1554955321405,139.31439939543333,-93.1554955321405,-107.31439939543333,True,False,14.15890386329282,POINT (439248.7968291351 4483433.667486647)
0.9057734706495889,124.63995243438781,138.79885629768063,-92.63995243438781,-106.79885629768063,True,False,14.15890386329282,POINT (439221.9041182481 4483411.715713895)
0.8726442098409691,124.06153747018317,138.220441333476,-92.06153747018317,-106.220441333476,True,False,14.158903863292835,POINT (439199.17650073057 4483385.098888352)
0.8385003265218703,123.44196064480317,137.60086450809598,-91.44196064480317,-105.60086450809598,True,False,14.158903863292807,POINT (439180.1400977257 4483355.842518159)
0.803708761278407,122.7841183337714,136.94302219706424,-90.7841183337714,-104.94302219706424,True,True,14.158903863292835,POINT (439164.93987339956 4483324.394588362)
0.7690226307910266,122.09928794186632,136.25819180515916,-90.09928794186632,-104.25819180515916,True,True,14.158903863292835,POINT (439156.450989019 4483290.518339603)
0.7346739077279032,121.38997603717229,135.54887990046512,-89.38997603717229,-103.54887990046512,True,True,14.158903863292835,POINT (439150.290527083 4483256.0713324845)
0.6998182900478688,120.63545494972196,134.79435881301478,-88.63545494972196,-102.79435881301478,True,True,14.15890386329282,POINT (439138.9999047263 4483223.0572094)
0.6653618360607422,119.85169301620004,134.01059687949285,-87.85169301620004,-102.01059687949285,True,True,14.158903863292807,POINT (439121.0912023367 4483193.056798484)
0.631479933916642,119.0403753443285,133.19927920762132,-87.0403753443285,-101.19927920762132,True,True,14.15890386329282,POINT (439100.9270456108 4483164.451371878)
0.5975441554304898,118.18290496457642,132.34180882786924,-86.18290496457642,-100.34180882786924,True,True,14.15890386329282,POINT (439081.3299596843 4483135.452161144)
0.5637385284322258,117.2788703380544,131.43777420134722,-85.2788703380544,-99.43777420134722,True,True,14.15890386329282,POINT (439061.73287375784 4483106.452950411)
0.5309522770313096,116.34874494977797,130.5076488130708,-84.34874494977797,-98.5076488130708,True,True,14.158903863292835,POINT (439040.15338611417 4483078.982866228)
1.4295478338593615,131.72356553166532,145.88246939495812,-99.72356553166532,-113.88246939495812,True,False,14.158903863292807,POINT (439548.831863921 4483836.63879835)
1.433877458493297,131.77050909124782,145.92941295454065,-99.77050909124782,-113.92941295454065,True,False,14.158903863292835,POINT (439579.19304396224 4483825.114836276)
1.433877458493297,131.77050909124782,145.92941295454065,-99.77050909124782,-113.92941295454065,True,False,14.158903863292835,POINT (439579.19304396224 4483825.114836276)
1.4648270273776491,132.102005221238,146.2609090845308,-100.10200522123799,-114.2609090845308,True,False,14.158903863292807,POINT (439605.235571843 4483845.980741635)
2.3232414822520995,139.26171312990994,153.42061699320277,-107.26171312990994,-121.42061699320277,False,False,14.158903863292835,POINT (440868.7024845337 4483776.570703994)
2.322529806257783,139.25695719620586,153.41586105949867,-107.25695719620586,-121.41586105949867,False,False,14.158903863292807,POINT (440885.7101889645 4483746.654012617)
2.3434648205719406,139.39625466974147,153.5551585330343,-107.39625466974147,-121.5551585330343,False,False,14.158903863292835,POINT (440917.6992852046 4483733.154070654)
2.3232414822520995,139.26171312990994,153.42061699320277,-107.26171312990994,-121.42061699320277,False,False,14.158903863292835,POINT (440868.7024845337 4483776.570703994)
2.2889299803016954,139.03074418282986,153.18964804612267,-107.03074418282986,-121.18964804612267,False,False,14.158903863292807,POINT (440835.79859686544 4483764.640319197)
2.255129822978919,138.7998069324279,152.95871079572075,-106.79980693242791,-120.95871079572075,False,False,14.158903863292835,POINT (440802.24651760334 4483754.698904866)
2.221624731211836,138.56744395420367,152.72634781749647,-106.56744395420367,-120.72634781749647,False,False,14.158903863292807,POINT (440768.4785983295 4483745.5933745885)
2.1888385860284396,138.33664946175395,152.49555332504679,-106.33664946175395,-120.49555332504679,False,False,14.158903863292835,POINT (440734.1886235587 4483738.581381016)
2.15689484846168,138.1084357337604,152.2673395970532,-106.10843573376039,-120.2673395970532,False,False,14.158903863292807,POINT (440699.5690346135 4483733.521864325)
2.1257787840336224,137.88286195121518,152.04176581450798,-105.88286195121518,-120.04176581450798,False,False,14.158903863292807,POINT (440664.73445644206 4483730.137678463)
2.3457793373252205,139.41157855232078,153.5704824156136,-107.41157855232078,-121.57048241561361,False,False,14.158903863292835,POINT (440921.88343218755 4483730.481426971)
2.3523439545889877,139.45495925486057,153.6138631181534,-107.45495925486057,-121.6138631181534,False,False,14.158903863292835,POINT (440944.37267210736 4483703.662886969)
2.3583420063813705,139.49449023576847,153.6533940990613,-107.49449023576847,-121.6533940990613,False,False,14.158903863292835,POINT (440965.96398775483 4483676.258860505)
2.3526049823398507,139.45668169074554,153.61558555403838,-107.45668169074554,-121.61558555403838,False,False,14.158903863292835,POINT (440976.5777281201 4483643.449903488)
2.326996403520781,139.2867821326173,153.4456859959101,-107.2867821326173,-121.44568599591011,False,False,14.158903863292807,POINT (440964.1680047526 4483611.22586738)
2.297582836307449,139.0893159972836,153.2482198605764,-107.08931599728359,-121.2482198605764,False,False,14.158903863292807,POINT (440946.1958735067 4483581.195217592)
2.26990701309341,138.90119400492583,153.06009786821863,-106.90119400492583,-121.06009786821863,False,False,14.158903863292807,POINT (440930.5016357237 4483550.060635349)
2.114664610359232,137.80148934969986,151.9603932129927,-105.80148934969986,-119.9603932129927,False,False,14.158903863292835,POINT (440652.09449295804 4483729.177443607)
2.0970340582080635,137.67152553312206,151.8304293964149,-105.67152553312206,-119.8304293964149,False,False,14.158903863292835,POINT (440653.63033188373 4483694.211176614)
2.114664610359232,137.80148934969986,151.9603932129927,-105.80148934969986,-119.9603932129927,False,False,14.158903863292835,POINT (440652.09449295804 4483729.177443607)
2.0856608503661773,137.58710673670808,151.7460106000009,-105.58710673670808,-119.74601060000089,False,False,14.158903863292807,POINT (440617.09744232224 4483729.541073682)
2.114664610359232,137.80148934969986,151.9603932129927,-105.80148934969986,-119.9603932129927,False,False,14.158903863292835,POINT (440652.09449295804 4483729.177443607)
2.1455888218546035,138.02685209536656,152.18575595865937,-106.02685209536656,-120.18575595865937,False,False,14.158903863292807,POINT (440686.95812533144 4483732.24587518)
2.1771507468511397,138.25353743140374,152.41244129469655,-106.25353743140374,-120.41244129469655,False,False,14.158903863292807,POINT (440721.6963281216 4483736.474631554)
2.2097535149848975,138.48427356562948,152.64317742892231,-106.48427356562948,-120.64317742892231,False,False,14.158903863292835,POINT (440756.05306009063 4483743.0849759625)
2.2429142140462006,138.7154921384519,152.8743960017447,-106.7154921384519,-120.87439600174471,False,False,14.158903863292807,POINT (440790.0715925554 4483751.168127967)
2.2766537785652976,138.94726464304023,153.10616850633306,-106.94726464304023,-121.10616850633306,False,False,14.158903863292835,POINT (440823.6865764919 4483760.916607589)
2.3108126901452266,139.17844474209306,153.33734860538587,-107.17844474209306,-121.33734860538587,False,False,14.158903863292807,POINT (440856.78374575725 4483772.253430385)
1.1527302818742693,128.3825858710072,142.5414897343,-96.3825858710072,-110.5414897343,True,False,14.158903863292807,POINT (439485.7377398188 4483554.1331542125)
1.175801457993516,128.69020481854915,142.84910868184195,-96.69020481854915,-110.84910868184195,True,False,14.158903863292807,POINT (439476.0206449098 4483586.865651997)
1.210355981585072,129.13982673549222,143.29873059878503,-97.13982673549222,-111.29873059878503,True,False,14.158903863292807,POINT (439488.8099590017 4483619.404389572)
1.1527302818742693,128.3825858710072,142.5414897343,-96.3825858710072,-110.5414897343,True,False,14.158903863292807,POINT (439485.7377398188 4483554.1331542125)
1.155762436869709,128.42336467045058,142.5822685337434,-96.42336467045058,-110.58226853374339,True,False,14.158903863292807,POINT (439516.76817047264 4483537.999107735)
1.160513043723569,128.48703993934078,142.64594380263358,-96.48703993934078,-110.64594380263358,True,False,14.158903863292807,POINT (439548.1269210402 4483522.454695143)
1.1664720323823885,128.56654434727784,142.72544821057065,-96.56654434727784,-110.72544821057065,True,False,14.158903863292807,POINT (439579.56502630777 4483507.07183814)
1.1755502890782394,128.686888474438,142.84579233773084,-96.686888474438,-110.84579233773084,True,False,14.158903863292835,POINT (439611.83446755545 4483493.716131615)
1.1963728390512467,128.95944448116688,143.1183483444597,-96.95944448116688,-111.11834834445969,True,False,14.158903863292807,POINT (439646.5483677696 4483492.3686482785)
1.2216326149678904,129.28378358613773,143.44268744943054,-97.28378358613773,-111.44268744943054,True,False,14.158903863292807,POINT (439681.3624972808 4483495.967444427)
1.2473823113538889,129.60758253987046,143.76648640316327,-97.60758253987046,-111.76648640316327,True,False,14.158903863292807,POINT (439716.17404410645 4483499.59452584)
1.2735530872262846,129.92989847813516,144.088802341428,-97.92989847813516,-112.08880234142799,True,False,14.158903863292835,POINT (439750.98869778326 4483503.191026217)
1.3002098672691904,130.25146140286137,144.41036526615417,-98.25146140286137,-112.41036526615417,True,False,14.158903863292807,POINT (439785.7831836129 4483506.9051323505)
1.331059590004952,130.61547460779724,144.77437847109005,-98.61547460779724,-112.77437847109005,True,False,14.158903863292807,POINT (439818.9765342884 4483517.58301541)
1.3639032542442886,130.99385761271785,145.15276147601068,-98.99385761271785,-113.15276147601068,True,False,14.158903863292835,POINT (439850.7526466008 4483532.255393756)
1.3968378018070116,131.3642464836275,145.52315034692032,-99.36424648362751,-113.52315034692032,True,False,14.158903863292807,POINT (439882.5454959715 4483546.890745381)
1.4298507412119785,131.7268543994745,145.8857582627673,-99.72685439947449,-113.8857582627673,True,False,14.158903863292807,POINT (439914.36367638357 4483561.471156219)
1.4629288760416725,132.08187691051862,146.24078077381142,-100.08187691051862,-114.24078077381142,True,False,14.158903863292807,POINT (439946.2173826648 4483575.974307467)
1.4960944657909756,132.42986855630755,146.5887724196004,-100.42986855630755,-114.58877241960039,True,False,14.158903863292835,POINT (439978.07108894596 4483590.477458716)
1.529341820779195,132.7710597944698,146.92996365776264,-100.7710597944698,-114.92996365776264,True,False,14.158903863292835,POINT (440009.9247952271 4483604.9806099655)
1.5626657220909614,133.1056732556376,147.26457711893045,-101.10567325563761,-115.26457711893045,True,False,14.158903863292835,POINT (440041.7785015083 4483619.483761215)
1.5959373804073522,133.4327176811137,147.59162154440654,-101.4327176811137,-115.59162154440654,True,False,14.158903863292835,POINT (440073.7515745502 4483633.666547569)
1.2220998471875295,129.289719538792,143.44862340208482,-97.28971953879201,-111.44862340208482,True,False,14.158903863292807,POINT (439488.52952422114 4483633.115300751)
1.256793622176693,129.7242631312823,143.88316699457513,-97.7242631312823,-111.88316699457513,True,False,14.158903863292835,POINT (439501.67462213954 4483665.5530318795)
1.291503922173759,130.14717160743444,144.30607547072728,-98.14717160743444,-112.30607547072728,True,False,14.158903863292835,POINT (439514.81972005795 4483697.990763007)
1.3262723609440112,130.55954391919835,144.71844778249118,-98.55954391919835,-112.71844778249118,True,False,14.158903863292835,POINT (439528.3017076268 4483730.289713125)
1.3610570265777306,130.96142955666835,145.12033341996116,-98.96142955666835,-113.12033341996116,True,False,14.158903863292807,POINT (439541.81879764644 4483762.574202859)
1.3958607940083871,131.35338509685985,145.5122889601527,-99.35338509685985,-113.51228896015269,True,False,14.158903863292835,POINT (439555.48253162846 4483794.787452817)
1.4302191289554296,131.73085329289648,145.88975715618932,-99.73085329289648,-113.88975715618932,True,False,14.158903863292835,POINT (439576.6057314509 4483822.367567208)
1.6096088726879154,133.56512982114813,147.72403368444094,-101.56512982114813,-115.72403368444094,True,False,14.158903863292807,POINT (440087.81969011447 4483638.411754731)
1.5768417767557703,133.24586037239138,147.4047642356842,-101.24586037239138,-115.40476423568421,True,False,14.158903863292835,POINT (440055.27779190463 4483625.677648521)
1.5434739766173002,132.91384599932672,147.07274986261956,-100.91384599932672,-115.07274986261956,True,False,14.158903863292835,POINT (440023.4421261259 4483611.135118103)
1.510193526863335,132.57547281954916,146.734376682842,-100.57547281954916,-114.734376682842,True,False,14.158903863292835,POINT (439991.58841984475 4483596.6319668535)
1.4769925729890774,132.2303946679764,146.38929853126922,-100.23039466797641,-114.38929853126922,True,False,14.158903863292807,POINT (439959.7347135635 4483582.128815604)
1.4438765988656577,131.87838439600625,146.0372882592991,-99.87838439600625,-114.03728825929909,True,False,14.158903863292835,POINT (439927.88100728235 4483567.625664356)
1.4108452868533474,131.51913776841005,145.67804163170285,-99.51913776841005,-113.67804163170285,True,False,14.158903863292807,POINT (439896.03511989163 4483553.105368605)
1.3778559020435395,131.15185226075454,145.31075612404734,-99.15185226075454,-113.31075612404734,True,False,14.158903863292807,POINT (439864.2577772967 4483538.4365989175)
1.3449837311262842,130.7770184817576,144.93592234505041,-98.77701848175761,-112.93592234505041,True,False,14.158903863292807,POINT (439832.4609376734 4483523.8093361845)
1.3126576165579766,130.39936816551352,144.55827202880633,-98.39936816551352,-112.55827202880633,True,False,14.158903863292807,POINT (439800.2360217014 4483510.211696037)
1.2846709459694774,130.0648247774771,144.2237286407699,-98.0648247774771,-112.2237286407699,True,False,14.158903863292807,POINT (439765.7795403243 4483504.542759167)
1.2584401212563414,129.74458644406448,143.9034903073573,-97.74458644406448,-111.90349030735729,True,False,14.158903863292807,POINT (439730.9472118002 4483501.127404656)
1.2325084871222594,129.4213709993075,143.5802748626003,-97.4213709993075,-111.5802748626003,True,False,14.158903863292807,POINT (439696.1343158276 4483497.513229493)
1.2070042802457677,129.09678046700245,143.25568433029525,-97.09678046700245,-111.25568433029525,True,False,14.158903863292807,POINT (439661.32599314785 4483493.855335032)
1.1828399471826843,128.78285155304252,142.94175541633533,-96.78285155304252,-110.94175541633533,True,False,14.158903863292807,POINT (439626.4485998401 4483491.352206901)
1.1693388692280986,128.6046488950843,142.7635527583771,-96.6046488950843,-110.7635527583771,True,False,14.158903863292807,POINT (439592.9197640805 4483500.572054754)
1.162875082137277,128.51860282034144,142.67750668363428,-96.51860282034144,-110.67750668363428,True,False,14.158903863292835,POINT (439561.4492098964 4483515.888850089)
1.1576515316398612,128.44871664476867,142.6076205080615,-96.44871664476867,-110.6076205080615,True,False,14.158903863292835,POINT (439530.0754636414 4483531.402733462)
1.1535214893137293,128.3932369832088,142.55214084650163,-96.3932369832088,-110.55214084650163,True,False,14.158903863292835,POINT (439498.7261813517 4483546.965850634)
1.6096088726879154,133.56512982114813,147.72403368444094,-101.56512982114813,-115.72403368444094,True,False,14.158903863292807,POINT (440087.81969011447 4483638.411754731)
1.638300606614353,133.8393980317391,147.99830189503194,-101.83939803173911,-115.99830189503194,True,False,14.158903863292835,POINT (440122.51968586526 4483642.298826522)
1.663489985253767,134.07625581054143,148.23515967383423,-102.07625581054143,-116.23515967383423,True,False,14.158903863292807,POINT (440157.43251162063 4483640.117343864)
1.6885932631980711,134.30876228745512,148.46766615074796,-102.30876228745512,-116.46766615074796,True,False,14.158903863292835,POINT (440192.31735110376 4483637.280877635)
1.7141005656668913,134.54149696128553,148.70040082457834,-102.54149696128553,-116.70040082457834,True,False,14.158903863292807,POINT (440227.20890622534 4483634.527810038)
1.7399686234817884,134.7740126209211,148.9329164842139,-102.7740126209211,-116.9329164842139,True,False,14.158903863292807,POINT (440262.10329119576 4483631.821317636)
1.6096088726879154,133.56512982114813,147.72403368444094,-101.56512982114813,-115.72403368444094,True,False,14.158903863292807,POINT (440087.81969011447 4483638.411754731)
1.6348774388789966,133.8069289500014,147.9658328132942,-101.8069289500014,-115.96583281329421,True,False,14.158903863292807,POINT (440090.44810647087 4483673.308307966)
1.6604437846881202,134.04780349923794,148.20670736253075,-102.04780349923794,-116.20670736253075,True,False,14.158903863292807,POINT (440092.99055283365 4483708.215715366)
1.6096088726879154,133.56512982114813,147.72403368444094,-101.56512982114813,-115.72403368444094,True,False,14.158903863292807,POINT (440087.81969011447 4483638.411754731)
1.5829559867314533,133.3059352509446,147.46483911423744,-101.3059352509446,-115.46483911423744,True,False,14.158903863292835,POINT (440082.3269992581 4483604.158328081)
1.5492104289505197,132.97143235301672,147.13033621630953,-100.97143235301672,-115.13033621630953,True,False,14.158903863292807,POINT (440054.0824572202 4483585.239283505)
1.5161048012040266,132.63611589629872,146.79501975959153,-100.63611589629872,-114.79501975959153,True,False,14.158903863292807,POINT (440021.6574370588 4483572.062864022)
1.4830895947178322,132.29434250918405,146.45324637247685,-100.29434250918405,-114.45324637247685,True,False,14.158903863292807,POINT (439989.22857259423 4483558.895907292)
1.450167481254087,131.9458711291747,146.1047749924675,-99.94587112917469,-114.1047749924675,True,False,14.158903863292807,POINT (439956.7997081297 4483545.728950562)
1.4169570000526146,131.58623829038714,145.74514215367995,-99.58623829038714,-113.74514215367995,True,False,14.158903863292807,POINT (439925.01167414704 4483531.293075707)
1.3932465102166185,131.3242846986411,145.4831885619339,-99.3242846986411,-113.4831885619339,True,False,14.158903863292807,POINT (439921.5699538177 4483499.7780312495)
1.3834791641401651,131.21507613658926,145.3739799998821,-99.21507613658926,-113.3739799998821,True,False,14.158903863292835,POINT (439936.27652047295 4483468.020281125)
1.3701425372552005,131.06470779187953,145.22361165517233,-99.06470779187953,-113.22361165517233,True,False,14.158903863292807,POINT (439946.58180833556 4483434.720558471)
1.8304553220062576,135.56100270545338,149.7199065687462,-103.56100270545338,-117.71990656874621,True,False,14.158903863292835,POINT (440279.71126536245 4483754.123105495)
1.8064913896368122,135.3564342198769,149.5153380831697,-103.35643421987689,-117.5153380831697,True,False,14.158903863292807,POINT (440277.64185508725 4483719.184381716)
1.8304553220062576,135.56100270545338,149.7199065687462,-103.56100270545338,-117.71990656874621,True,False,14.158903863292835,POINT (440279.71126536245 4483754.123105495)
1.8554821800401435,135.77180548573824,149.93070934903105,-103.77180548573824,-117.93070934903105,True,False,14.158903863292807,POINT (440314.6027773235 4483751.369506841)
1.8808321346530712,135.98245077142568,150.14135463471848,-103.98245077142568,-118.14135463471848,True,False,14.158903863292807,POINT (440349.49483829987 4483748.622857824)
1.9064875863851647,136.1927635384262,150.35166740171903,-104.19276353842619,-118.35166740171903,True,False,14.158903863292835,POINT (440384.3868992762 4483745.876208807)
1.8304553220062576,135.56100270545338,149.7199065687462,-103.56100270545338,-117.71990656874621,True,False,14.158903863292835,POINT (440279.71126536245 4483754.123105495)
1.805788476402017,135.35039290275955,149.5092967660524,-103.35039290275955,-117.50929676605239,True,False,14.158903863292835,POINT (440244.82332225196 4483756.915970131)
1.7813778293964464,135.13911903624034,149.29802289953315,-103.13911903624034,-117.29802289953315,True,False,14.158903863292807,POINT (440209.9252595734 4483759.585281144)
1.7573252176601315,134.92809296841352,149.08699683170636,-102.92809296841352,-117.08699683170636,True,False,14.158903863292835,POINT (440175.02719689487 4483762.254592157)
1.7336455434093538,134.71749825211768,148.8764021154105,-102.71749825211768,-116.87640211541051,True,False,14.158903863292835,POINT (440140.1291342163 4483764.92390317)
1.710179864414244,134.50594971894856,148.6648535822414,-102.50594971894856,-116.66485358224139,True,False,14.158903863292835,POINT (440105.2166902977 4483767.358361032)
1.7969583380870153,135.2742996882951,149.43320355158792,-103.27429968829509,-117.43320355158792,True,False,14.158903863292835,POINT (440276.8283922285 4483705.11377466)
1.8207438250629808,135.47842496823736,149.63732883153017,-103.47842496823736,-117.63732883153017,True,False,14.158903863292807,POINT (440278.85254404426 4483740.055188008)
1.7969583380870153,135.2742996882951,149.43320355158792,-103.27429968829509,-117.43320355158792,True,False,14.158903863292835,POINT (440276.8283922285 4483705.11377466)
1.772906600732456,135.0651233596433,149.22402722293612,-103.06512335964331,-117.22402722293612,True,False,14.158903863292807,POINT (440273.9439982819 4483670.232830413)
1.7492258257926565,134.85638220987073,149.01528607316354,-102.85638220987073,-117.01528607316354,True,False,14.158903863292807,POINT (440271.0613828519 4483635.3517393945)
1.7969583380870153,135.2742996882951,149.43320355158792,-103.27429968829509,-117.43320355158792,True,False,14.158903863292835,POINT (440276.8283922285 4483705.11377466)
1.7718148568612422,135.05556133277608,149.21446519606891,-103.05556133277608,-117.21446519606891,True,False,14.158903863292835,POINT (440241.94119613577 4483707.921540063)
1.7470101864414906,134.8367074389826,148.9956113022754,-102.83670743898259,-116.99561130227539,True,False,14.158903863292807,POINT (440207.0539381822 4483710.72853712)
1.7225582295790605,134.61790273568155,148.77680659897436,-102.61790273568155,-116.77680659897436,True,False,14.158903863292807,POINT (440172.1665368115 4483713.533750556)
1.698474229039985,134.39933306097294,148.55823692426574,-102.39933306097294,-116.55823692426574,True,False,14.158903863292807,POINT (440137.27899303887 4483716.337192996)
1.674776146436702,134.1812192961464,148.34012315943923,-102.1812192961464,-116.34012315943923,True,False,14.158903863292835,POINT (440102.3915327266 4483719.141671957)
1.7969583380870153,135.2742996882951,149.43320355158792,-103.27429968829509,-117.43320355158792,True,False,14.158903863292835,POINT (440276.8283922285 4483705.11377466)
1.8223254401198776,135.49190356519674,149.65080742848957,-103.49190356519674,-117.65080742848957,True,False,14.158903863292835,POINT (440311.70305351017 4483702.157883289)
1.8480514260295522,135.70951403076114,149.86841789405395,-103.70951403076114,-117.86841789405395,True,False,14.158903863292807,POINT (440346.58346021216 4483699.266996176)
1.872765722938156,135.915732527251,150.07463639054382,-103.91573252725101,-118.07463639054382,True,False,14.158903863292807,POINT (440381.0961617999 4483694.678542408)
1.8754457093169814,135.93793083547607,150.0968346987689,-103.93793083547607,-118.0968346987689,True,False,14.158903863292835,POINT (440403.8811046028 4483668.1826923145)
1.8783915657519905,135.96229477551995,150.12119863881279,-103.96229477551995,-118.12119863881279,True,False,14.158903863292835,POINT (440426.40603364876 4483641.394120657)
1.9222502078671138,136.3205799358525,150.4794837991453,-104.32057993585249,-118.4794837991453,True,False,14.158903863292807,POINT (440405.628081847 4483744.204135803)
1.948748951624525,136.53310995920006,150.6920138224929,-104.53310995920006,-118.6920138224929,True,False,14.158903863292835,POINT (440440.5606056752 4483742.031860731)
1.9222502078671138,136.3205799358525,150.4794837991453,-104.32057993585249,-118.4794837991453,True,False,14.158903863292807,POINT (440405.628081847 4483744.204135803)
1.8964147702646104,136.1105301767339,150.2694340400267,-104.1105301767339,-118.26943404002671,True,False,14.158903863292807,POINT (440370.7360208706 4483746.950784819)
1.8708773610561908,135.9000721534933,150.05897601678615,-103.90007215349331,-118.05897601678615,True,False,14.158903863292835,POINT (440335.84395989426 4483749.697433837)
1.845650351324754,135.68933244894754,149.84823631224035,-103.68933244894754,-117.84823631224035,True,False,14.158903863292807,POINT (440300.9518989179 4483752.444082853)
1.9222502078671138,136.3205799358525,150.4794837991453,-104.32057993585249,-118.4794837991453,True,False,14.158903863292807,POINT (440405.628081847 4483744.204135803)
1.9212437890269256,136.31245043541873,150.47135429871153,-104.31245043541873,-118.47135429871153,True,False,14.158903863292807,POINT (440425.8150415556 4483715.795558948)
1.9233522770527094,136.32947718555263,150.48838104884544,-104.32947718555263,-118.48838104884544,True,False,14.158903863292807,POINT (440448.0613959585 4483688.775711235)
1.9248982369566712,136.3419494758513,150.5008533391441,-104.3419494758513,-118.5008533391441,True,False,14.158903863292807,POINT (440469.36919897125 4483661.009229088)
1.9199689746866577,136.30214681406756,150.4610506773604,-104.30214681406756,-118.46105067736039,True,False,14.158903863292835,POINT (440484.57038507814 4483629.588208348)
1.7049004600053461,134.45795475704162,148.61685862033443,-102.45795475704162,-116.61685862033443,True,False,14.158903863292807,POINT (440097.47388076887 4483767.714604577)
1.7284534897201025,134.6709384301356,148.82984229342844,-102.6709384301356,-116.82984229342844,True,False,14.158903863292835,POINT (440132.40070845844 4483765.515041199)
1.7520485000510713,134.88141135491935,149.04031521821219,-102.88141135491935,-117.04031521821219,True,False,14.158903863292835,POINT (440167.298771137 4483762.8457301855)
1.7760198272932881,135.09235821918253,149.25126208247536,-103.09235821918253,-117.25126208247536,True,False,14.158903863292835,POINT (440202.19683381554 4483760.176419173)
1.8003524397585295,135.30359231486656,149.46249617815937,-103.30359231486656,-117.46249617815937,True,False,14.158903863292807,POINT (440237.0948964941 4483757.50710816)
1.825003181523887,135.5146967554062,149.67360061869903,-103.51469675540619,-117.67360061869903,True,False,14.158903863292835,POINT (440271.98964979197 4483754.79739167)
1.7049004600053461,134.45795475704162,148.61685862033443,-102.45795475704162,-116.61685862033443,True,False,14.158903863292807,POINT (440097.47388076887 4483767.714604577)
1.678732776655736,134.2178493448775,148.3767532081703,-102.2178493448775,-116.3767532081703,True,False,14.158903863292807,POINT (440094.8802013954 4483732.810839394)
1.7049004600053461,134.45795475704162,148.61685862033443,-102.45795475704162,-116.61685862033443,True,False,14.158903863292807,POINT (440097.47388076887 4483767.714604577)
1.731510173938363,134.69836619687567,148.8572700601685,-102.69836619687567,-116.8572700601685,True,False,14.158903863292835,POINT (440100.2684404853 4483802.602390385)
1.7585187197290426,134.93863210180248,149.0975359650953,-102.93863210180248,-117.09753596509529,True,False,14.158903863292807,POINT (440103.22757872014 4483837.477073193)
1.7855947987550642,135.17582293248256,149.3347267957754,-103.17582293248256,-117.3347267957754,True,False,14.158903863292835,POINT (440105.8519400469 4483872.378518483)
1.66902150212075,134.12778867486267,148.2866925381555,-102.12778867486267,-116.2866925381555,True,False,14.158903863292835,POINT (440093.8277355219 4483719.832622132)
1.6926204581152178,134.34574012671405,148.50464399000688,-102.34574012671405,-116.50464399000688,True,False,14.158903863292835,POINT (440128.7149723863 4483717.025368097)
1.716611414676675,134.56421902185082,148.72312288514362,-102.56421902185082,-116.72312288514362,True,False,14.158903863292807,POINT (440163.6025161589 4483714.221925657)
1.7409747974633318,134.78298664908328,148.9418905123761,-102.78298664908328,-116.94189051237609,True,False,14.158903863292807,POINT (440198.48998769105 4483711.417584791)
1.7656939505630425,135.00184208380733,149.16074594710014,-103.00184208380733,-117.16074594710014,True,False,14.158903863292807,POINT (440233.37724564463 4483708.610587733)
1.7907559880422892,135.22062739544907,149.3795312587419,-103.22062739544907,-117.3795312587419,True,False,14.158903863292835,POINT (440268.26450359815 4483705.803590676)
1.66902150212075,134.12778867486267,148.2866925381555,-102.12778867486267,-116.2866925381555,True,False,14.158903863292835,POINT (440093.8277355219 4483719.832622132)
1.6433587766048054,133.88725129513713,148.04615515842997,-101.88725129513713,-116.04615515842997,True,False,14.158903863292835,POINT (440091.311953869 4483684.923155756)
1.6178569532387383,133.64447188335927,147.80337574665208,-101.64447188335927,-115.80337574665208,True,False,14.158903863292807,POINT (440088.52362392354 4483650.034780759)
1.66902150212075,134.12778867486267,148.2866925381555,-102.12778867486267,-116.2866925381555,True,False,14.158903863292835,POINT (440093.8277355219 4483719.832622132)
1.695128494230605,134.3687245675766,148.5276284308694,-102.3687245675766,-116.52762843086941,True,False,14.158903863292807,POINT (440096.5094543929 4483754.729453841)
1.7977950534801095,135.2815260544312,149.440429917724,-103.2815260544312,-117.440429917724,True,False,14.158903863292807,POINT (440106.8786155361 4483888.127715224)
1.770697546929142,135.04576928346728,149.20467314676011,-103.04576928346728,-117.20467314676011,True,False,14.158903863292835,POINT (440104.4168277825 4483853.21485654)
1.7436540537761114,134.80685756690687,148.96576143019968,-102.80685756690687,-116.96576143019968,True,False,14.158903863292807,POINT (440101.60281545436 4483818.328557972)
1.7168040701607374,134.56596109470132,148.72486495799413,-102.56596109470132,-116.72486495799413,True,False,14.158903863292807,POINT (440098.6446363287 4483783.453798804)
2.090268581620474,137.62136343192253,151.78026729521537,-105.62136343192253,-119.78026729521537,False,False,14.158903863292835,POINT (440654.2419690438 4483680.538806339)
2.107703997062231,137.7503090230004,151.90921288629323,-105.7503090230004,-119.90921288629323,False,False,14.158903863292835,POINT (440652.67779899505 4483715.503837042)
2.090268581620474,137.62136343192253,151.78026729521537,-105.62136343192253,-119.78026729521537,False,False,14.158903863292835,POINT (440654.2419690438 4483680.538806339)
2.073002412060949,137.4926051692037,151.6515090324965,-105.4926051692037,-119.6515090324965,False,False,14.158903863292807,POINT (440655.4923017955 4483645.561146783)
2.05635681073068,137.3674552787127,151.5263591420055,-105.3674552787127,-119.5263591420055,False,False,14.158903863292807,POINT (440656.9343277423 4483610.591985936)
2.037216458373542,137.2222903106422,151.381194173935,-105.2222903106422,-119.381194173935,False,False,14.158903863292807,POINT (440654.87955154624 4483575.794199963)
2.090268581620474,137.62136343192253,151.78026729521537,-105.62136343192253,-119.78026729521537,False,False,14.158903863292835,POINT (440654.2419690438 4483680.538806339)
2.0603794370307495,137.3977919608479,151.55669582414075,-105.39779196084791,-119.55669582414075,False,False,14.158903863292835,POINT (440619.24857034 4483679.972614208)
2.068859069671999,137.46154765481896,151.62045151811176,-105.46154765481896,-119.62045151811176,False,False,14.158903863292807,POINT (440596.63932713086 4483729.873285023)
2.0976394819861754,137.67600650902,151.83491037231283,-105.67600650902,-119.83491037231283,False,False,14.158903863292835,POINT (440631.6347134257 4483729.305008614)
2.068859069671999,137.46154765481896,151.62045151811176,-105.46154765481896,-119.62045151811176,False,False,14.158903863292807,POINT (440596.63932713086 4483729.873285023)
2.041306225266069,137.25342231739228,151.4123261806851,-105.25342231739228,-119.41232618068511,False,False,14.158903863292835,POINT (440561.7140333161 4483732.158859776)
2.0141362401473466,137.04541962737136,151.2043234906642,-105.04541962737136,-119.2043234906642,False,False,14.158903863292835,POINT (440526.80607776856 4483734.682465843)
2.068859069671999,137.46154765481896,151.62045151811176,-105.46154765481896,-119.62045151811176,False,False,14.158903863292807,POINT (440596.63932713086 4483729.873285023)
2.0495571217633866,137.3160401531635,151.4749440164563,-105.3160401531635,-119.4749440164563,False,False,14.158903863292807,POINT (440596.7339718581 4483694.873414098)
1.7466034272661266,134.83309272627008,148.9919965895629,-102.83309272627008,-116.99199658956289,True,False,14.158903863292807,POINT (440270.74028901255 4483631.452918224)
1.7702409810107809,135.04176618381115,149.20067004710398,-103.04176618381115,-117.20067004710398,True,False,14.158903863292835,POINT (440273.6216037249 4483666.334116584)
1.7942521403867449,135.25090431167882,149.40980817497163,-103.25090431167882,-117.40980817497163,True,False,14.158903863292807,POINT (440276.5059976715 4483701.21506083)
1.7466034272661266,134.83309272627008,148.9919965895629,-102.83309272627008,-116.99199658956289,True,False,14.158903863292807,POINT (440270.74028901255 4483631.452918224)
1.7230041101369231,134.62192036369808,148.7808242269909,-102.62192036369808,-116.78082422699089,True,False,14.158903863292807,POINT (440267.3950222935 4483596.6131550055)
1.6938208674756259,134.3567453062947,148.5156491695875,-102.3567453062947,-116.5156491695875,True,False,14.158903863292807,POINT (440254.9053945314 4483564.249655307)
1.7466034272661266,134.83309272627008,148.9919965895629,-102.83309272627008,-116.99199658956289,True,False,14.158903863292807,POINT (440270.74028901255 4483631.452918224)
1.7729002691872329,135.06506792185016,149.223971785143,-103.06506792185016,-117.223971785143,True,False,14.158903863292835,POINT (440305.63438984926 4483628.816425862)
1.7976037155643265,135.2798738443357,149.4387777076285,-103.2798738443357,-117.4387777076285,True,False,14.158903863292807,POINT (440340.0993240263 4483623.546113991)
1.814638524503044,135.42628525234562,149.58518911563846,-103.42628525234562,-117.58518911563846,True,False,14.158903863292835,POINT (440371.547231901 4483608.622641644)
1.8257718912673278,135.52123390785871,149.68013777115155,-103.52123390785871,-117.68013777115155,True,False,14.158903863292835,POINT (440399.44730097346 4483587.490056716)
1.7466034272661266,134.83309272627008,148.9919965895629,-102.83309272627008,-116.99199658956289,True,False,14.158903863292807,POINT (440270.74028901255 4483631.452918224)
1.7204521753311923,134.59891196585104,148.75781582914385,-102.59891196585104,-116.75781582914385,True,False,14.158903863292807,POINT (440235.82697183674 4483633.847814059)
1.694861943441928,134.3662834269577,148.5251872902505,-102.3662834269577,-116.5251872902505,True,False,14.158903863292807,POINT (440200.93541671516 4483636.600881656)
1.6696522377761,134.1336539002232,148.29255776351602,-102.13365390022321,-116.29255776351602,True,False,14.158903863292807,POINT (440166.0483418697 4483639.409587881)
1.6446910037349842,133.89983044267487,148.0587343059677,-101.89983044267487,-116.0587343059677,True,False,14.158903863292835,POINT (440131.1493897724 4483642.063154729)
1.6171253186647074,133.63745032321557,147.79635418650838,-101.63745032321557,-115.79635418650838,True,False,14.158903863292807,POINT (440096.27742205135 4483640.1856403025)
1.6829464024836889,134.2567638245715,148.41566768786433,-102.2567638245715,-116.41566768786433,True,False,14.158903863292835,POINT (440249.66505463317 4483552.916484577)
1.7134838003040436,134.5359104185543,148.6948142818471,-102.5359104185543,-116.6948142818471,True,False,14.158903863292807,POINT (440264.3532467629 4483584.685289849)
1.7381382251576576,134.75767405150594,148.91657791479875,-102.75767405150594,-116.91657791479875,True,False,14.158903863292807,POINT (440269.54395495984 4483619.02429451)
1.8301747329942688,135.55862298404762,149.71752684734042,-103.55862298404762,-117.71752684734042,True,False,14.158903863292807,POINT (440409.95951399754 4483579.622074702)
1.842421726660674,135.66215369333963,149.82105755663244,-103.66215369333963,-117.82105755663244,True,False,14.158903863292807,POINT (440438.0468596736 4483558.741061959)
1.8595086274140558,135.80545476382883,149.96435862712167,-103.80545476382883,-117.96435862712167,True,False,14.158903863292835,POINT (440468.67595862836 4483541.873117106)
1.8787990279206879,135.96566171542727,150.1245655787201,-103.96566171542727,-118.12456557872011,True,False,14.158903863292835,POINT (440500.2483775974 4483526.767410886)
1.8301747329942688,135.55862298404762,149.71752684734042,-103.55862298404762,-117.71752684734042,True,False,14.158903863292807,POINT (440409.95951399754 4483579.622074702)
1.8187443952880091,135.4613689685893,149.62027283188215,-103.46136896858931,-117.62027283188215,True,False,14.158903863292835,POINT (440382.01430171565 4483600.694480563)
1.8051337534716618,135.34476365039572,149.50366751368853,-103.34476365039572,-117.50366751368853,True,False,14.158903863292807,POINT (440352.47795750067 4483619.199515174)
1.782898893281326,135.15236816633256,149.3112720296254,-103.15236816633256,-117.3112720296254,True,False,14.158903863292835,POINT (440318.7311562262 4483627.913827247)
1.7562648858809027,134.91872377955275,149.07762764284558,-102.91872377955275,-117.07762764284558,True,False,14.158903863292835,POINT (440283.8097015062 4483630.21258164)
1.8301747329942688,135.55862298404762,149.71752684734042,-103.55862298404762,-117.71752684734042,True,False,14.158903863292807,POINT (440409.95951399754 4483579.622074702)
1.864783470502015,135.84942688311975,150.00833074641255,-103.84942688311975,-118.00833074641255,True,False,14.158903863292807,POINT (440435.94865021866 4483603.063798574)
1.9590497162530596,136.61494693773145,150.77385080102428,-104.61494693773145,-118.77385080102428,True,False,14.158903863292835,POINT (440454.22449578 4483740.952818769)
1.9853455820561925,136.82192521785916,150.98082908115197,-104.82192521785916,-118.98082908115197,True,False,14.158903863292807,POINT (440489.0911382441 4483737.900402794)
1.9590497162530596,136.61494693773145,150.77385080102428,-104.61494693773145,-118.77385080102428,True,False,14.158903863292835,POINT (440454.22449578 4483740.952818769)
1.9325955124450869,136.4038998128695,150.5628036761623,-104.4038998128695,-118.5628036761623,True,False,14.158903863292807,POINT (440419.3084797653 4483743.353421794)
1.9590497162530596,136.61494693773145,150.77385080102428,-104.61494693773145,-118.77385080102428,True,False,14.158903863292835,POINT (440454.22449578 4483740.952818769)
1.9823618553117834,136.79857823389932,150.95748209719216,-104.79857823389932,-118.95748209719216,True,False,14.158903863292835,POINT (440457.1250637391 4483775.8324217675)
2.0060135151746166,136.98269018803947,151.14159405133228,-104.98269018803947,-119.14159405133228,True,False,14.158903863292807,POINT (440460.0252801702 4483810.712054)
2.0299930839116094,137.16715176131999,151.32605562461282,-105.16715176131999,-119.32605562461282,False,False,14.158903863292835,POINT (440462.9254966013 4483845.591686232)
2.0053023119109317,136.97718568411184,151.13608954740468,-104.97718568411184,-119.13608954740468,True,False,14.158903863292835,POINT (440515.31997249933 4483735.604187643)
1.978805961163552,136.77070823209866,150.92961209539146,-104.77070823209866,-118.92961209539146,True,False,14.158903863292807,POINT (440480.45333003526 4483738.6566036185)
2.0053023119109317,136.97718568411184,151.13608954740468,-104.97718568411184,-119.13608954740468,True,False,14.158903863292835,POINT (440515.31997249933 4483735.604187643)
2.0322851756867037,137.18466932390658,151.34357318719938,-105.18466932390658,-119.34357318719938,False,False,14.158903863292807,POINT (440550.2156003083 4483732.911338147)
2.0597628912514354,137.39314611911297,151.55204998240578,-105.39314611911297,-119.55204998240578,False,False,14.158903863292807,POINT (440585.14089412306 4483730.625763393)
2.0053023119109317,136.97718568411184,151.13608954740468,-104.97718568411184,-119.13608954740468,True,False,14.158903863292835,POINT (440515.31997249933 4483735.604187643)
1.9828189229483784,136.8021569626202,150.96106082591302,-104.80215696262019,-118.96106082591302,True,False,14.158903863292835,POINT (440512.3371826796 4483700.731520319)
1.968014567853306,136.68582097070754,150.84472483400037,-104.68582097070754,-118.84472483400037,True,False,14.158903863292835,POINT (440517.1845094902 4483667.312470204)
1.9635066884783574,136.65022317173774,150.80912703503057,-104.65022317173774,-118.80912703503057,True,False,14.158903863292835,POINT (440532.47725318035 4483635.830221573)
2.039742032922324,137.24152278914397,151.4004266524368,-105.24152278914397,-119.4004266524368,False,False,14.158903863292835,POINT (440463.6564022737 4483860.1782602705)
2.0159805853504222,137.0596277240201,151.21853158731292,-105.05962772402009,-119.21853158731292,False,False,14.158903863292835,POINT (440461.23549144523 4483825.266734728)
1.9921906734227857,136.8753541911476,151.03425805444041,-104.87535419114761,-119.03425805444041,True,False,14.158903863292807,POINT (440458.3352750141 4483790.387102496)
1.9687355334579641,136.6915067238656,150.8504105871584,-104.69150672386559,-118.8504105871584,True,False,14.158903863292807,POINT (440455.4350459273 4483755.507471316)
0.6454401836670585,119.37981146876848,133.5387153320613,-87.37981146876848,-101.53871533206129,True,True,14.158903863292807,POINT (438281.2347419419 4482807.90068231)
0.6124524831899496,118.56544601273436,132.7243498760272,-86.56544601273436,-100.72434987602719,True,True,14.158903863292835,POINT (438307.88022793026 4482785.208587875)
0.5796745439975849,117.71159934905948,131.8705032123523,-85.71159934905948,-99.8705032123523,True,True,14.15890386329282,POINT (438334.57143274625 4482762.568367349)
0.5733758039443859,117.54200122980711,131.70090509309995,-85.54200122980711,-99.70090509309995,True,True,14.158903863292835,POINT (438339.72515913896 4482758.196833622)
0.6061041300365129,118.40370111342753,132.56260497672037,-86.40370111342753,-100.56260497672037,True,True,14.158903863292835,POINT (438313.033954323 4482780.837054148)
0.639073251157729,119.22592286843584,133.38482673172865,-87.22592286843584,-101.38482673172865,True,True,14.158903863292807,POINT (438286.34274950705 4482803.477274674)
0.5733758039443859,117.54200122980711,131.70090509309995,-85.54200122980711,-99.70090509309995,True,True,14.158903863292835,POINT (438339.72515913896 4482758.196833622)
0.5888686541598269,117.95587781883992,132.11478168213276,-85.95587781883992,-100.11478168213276,True,True,14.158903863292835,POINT (438315.5655417785 4482732.875605276)
0.6081024706597479,118.45479731509272,132.61370117838553,-86.45479731509272,-100.61370117838553,True,True,14.158903863292807,POINT (438289.65467641514 4482709.366982073)
0.6308999284354123,119.02611094895462,133.18501481224746,-87.02611094895462,-101.18501481224746,True,True,14.158903863292835,POINT (438261.922936333 4482688.124383802)
0.6561502198344192,119.6352801693007,133.79418403259353,-87.6352801693007,-101.79418403259353,True,True,14.158903863292835,POINT (438233.01654778805 4482668.390638559)
1.9794550552136514,136.77579936577706,150.93470322906987,-104.77579936577706,-118.93470322906987,True,False,14.158903863292807,POINT (440709.3213358459 4483333.278972785)
1.9477376327553173,136.52505197832318,150.683955841616,-104.52505197832318,-118.68395584161601,True,False,14.158903863292835,POINT (440685.5029410596 4483307.837536956)
1.9191108993479837,136.29520761131215,150.45411147460499,-104.29520761131215,-118.45411147460499,True,False,14.158903863292835,POINT (440666.4411926557 4483278.502018264)
1.8913018984500385,136.06862197934586,150.2275258426387,-104.06862197934586,-118.2275258426387,True,False,14.158903863292835,POINT (440648.2395567527 4483248.609554007)
1.8649804679452449,135.8510666818355,150.0099705451283,-103.8510666818355,-118.00997054512831,True,False,14.158903863292807,POINT (440631.70859886485 4483217.7884515915)
1.8406851601249854,135.64751546778137,149.8064193310742,-103.64751546778137,-117.80641933107421,True,False,14.158903863292835,POINT (440617.419435307 4483185.842822088)
1.8186110447194295,135.46023076375096,149.61913462704376,-103.46023076375096,-117.61913462704376,True,False,14.158903863292807,POINT (440605.4143939384 4483152.983499409)
1.7998512004710832,135.2992698712431,149.45817373453593,-103.2992698712431,-117.45817373453593,True,False,14.158903863292835,POINT (440596.7889622729 4483119.089876022)
1.7844077998277739,135.16550023719338,149.32440410048622,-103.16550023719338,-117.32440410048622,True,False,14.158903863292835,POINT (440591.31040660164 4483084.547433615)
1.9794550552136514,136.77579936577706,150.93470322906987,-104.77579936577706,-118.93470322906987,True,False,14.158903863292807,POINT (440709.3213358459 4483333.278972785)
1.950305923240144,136.54550741784956,150.7044112811424,-104.54550741784956,-118.7044112811424,True,False,14.158903863292835,POINT (440689.7199345214 4483304.283713291)
1.922771323302747,136.32478765225974,150.48369151555258,-104.32478765225974,-118.48369151555258,True,False,14.158903863292835,POINT (440672.13379368675 4483274.039264583)
1.8959298401874898,136.10656024876812,150.26546411206095,-104.10656024876812,-118.26546411206095,True,False,14.158903863292835,POINT (440655.16470152815 4483243.428646353)
1.8703546306003322,135.89573430414444,150.05463816743725,-103.89573430414444,-118.05463816743725,True,False,14.158903863292807,POINT (440639.5057437509 4483212.133196012)
1.8461894260032912,135.69386577951278,149.8527696428056,-103.69386577951278,-117.85276964280561,True,False,14.158903863292835,POINT (440625.2329691465 4483180.206980235)
1.8246261288124919,135.51148927057298,149.67039313386582,-103.51148927057298,-117.67039313386582,True,False,14.158903863292835,POINT (440613.69338955136 4483147.196626992)
1.8060650837025416,135.35277053566648,149.5116743989593,-103.35277053566648,-117.51167439895929,True,False,14.158903863292807,POINT (440605.1359358811 4483113.310996285)
1.791581667480686,135.22778316353228,149.38668702682511,-103.22778316353228,-117.38668702682511,True,False,14.158903863292835,POINT (440600.5512004272 4483078.638193302)
1.7804173092483842,135.13074665780556,149.28965052109837,-103.13074665780556,-117.28965052109837,True,False,14.158903863292807,POINT (440598.88719911326 4483043.711492727)
1.773107789450716,135.06688482630582,149.22578868959863,-103.06688482630582,-117.22578868959863,True,False,14.158903863292807,POINT (440600.56440826453 4483008.769508955)
1.770182828423273,135.04125623675577,149.2001601000486,-103.04125623675577,-117.2001601000486,True,False,14.158903863292835,POINT (440605.971197737 4482974.223230632)
1.7718484045560465,135.0558552476299,149.2147591109227,-103.05585524762989,-117.2147591109227,True,False,14.158903863292807,POINT (440615.20006349427 4482940.471068192)
1.7772820860248773,135.10338700212998,149.26229086542278,-103.10338700212998,-117.26229086542278,True,False,14.158903863292807,POINT (440627.3797978496 4482907.681156149)
1.787057863977325,135.18853699121203,149.34744085450484,-103.18853699121203,-117.34744085450484,True,False,14.158903863292807,POINT (440643.01804312953 4482876.445667731)
1.800310523342729,135.30323089421387,149.4621347575067,-103.30323089421387,-117.4621347575067,True,False,14.158903863292835,POINT (440661.3246421058 4482846.615005084)
1.8158757177509126,135.4368651315866,149.5957689948794,-103.43686513158659,-117.59576899487939,True,False,14.158903863292807,POINT (440681.23816179566 4482817.834097677)
1.8320169869087055,135.57424078004877,149.7331446433416,-103.57424078004877,-117.7331446433416,True,False,14.158903863292835,POINT (440701.18875591096 4482789.076959825)
1.8486283742864809,135.71435950548312,149.87326336877595,-103.71435950548312,-117.87326336877595,True,False,14.158903863292835,POINT (440721.0908612703 4482760.286228638)
1.8647385680757578,135.849053092905,150.0079569561978,-103.849053092905,-118.0079569561978,True,False,14.158903863292807,POINT (440740.0331162404 4482730.867155568)
1.8793107843998587,135.9698894253764,150.12879328866921,-103.96988942537641,-118.12879328866921,True,False,14.158903863292807,POINT (440757.0012345572 4482700.260102274)
1.917942219097258,136.28575157340325,150.44465543669605,-104.28575157340325,-118.44465543669605,True,False,14.158903863292807,POINT (440790.8221674619 4482384.63576895)
1.8977140566879804,136.1211619117056,150.28006577499843,-104.1211619117056,-118.28006577499843,True,False,14.158903863292835,POINT (440773.14420210256 4482413.5654865885)
1.8870393733429196,136.03359705146877,150.19250091476158,-104.03359705146877,-118.19250091476158,True,False,14.158903863292807,POINT (440764.99137630156 4482447.593915232)
1.8772531604074456,135.95288403639768,150.11178789969048,-103.95288403639768,-118.11178789969048,True,False,14.158903863292807,POINT (440757.1394811737 4482481.701799114)
1.87385410455535,135.92475141290097,150.0836552761938,-103.92475141290097,-118.08365527619381,True,False,14.158903863292835,POINT (440755.0826546119 4482516.139294667)
1.9023516029236958,136.15905052102218,150.31795438431502,-104.15905052102218,-118.31795438431502,True,False,14.158903863292835,POINT (440783.80133396154 4482523.744764051)
1.9130304755983585,136.24594652485388,150.4048503881467,-104.24594652485388,-118.40485038814671,True,False,14.158903863292835,POINT (440793.35776252905 4482490.59858608)
1.9203478763406787,136.30520998154344,150.46411384483625,-104.30520998154344,-118.46411384483625,True,False,14.158903863292807,POINT (440798.9015177391 4482456.040463628)
1.917942219097258,136.28575157340325,150.44465543669605,-104.28575157340325,-118.44465543669605,True,False,14.158903863292807,POINT (440790.8221674619 4482384.63576895)
1.8909605847202742,136.06582033248776,150.22472419578057,-104.06582033248776,-118.22472419578057,True,False,14.158903863292807,POINT (440763.3510697779 4482381.079069011)
1.8909605847202742,136.06582033248776,150.22472419578057,-104.06582033248776,-118.22472419578057,True,False,14.158903863292807,POINT (440763.3510697779 4482381.079069011)
1.8892268468646798,136.05158126900918,150.21048513230198,-104.05158126900918,-118.21048513230198,True,False,14.158903863292807,POINT (440761.0448734075 4482375.61354701)
1.2342856634514285,129.44373806343248,143.60264192672528,-97.44373806343248,-111.60264192672528,True,False,14.158903863292807,POINT (439162.7705863203 4483774.054095591)
1.2690704270119,129.8751634294061,144.03406729269892,-97.87516342940609,-112.03406729269892,True,False,14.158903863292835,POINT (439174.50692741154 4483807.027695604)
1.303839837949742,130.29473922786067,144.4536430911535,-98.29473922786067,-112.45364309115351,True,False,14.158903863292835,POINT (439186.4711791601 4483839.91895989)
1.3386117224817526,130.70330084186983,144.86220470516264,-98.70330084186983,-112.86220470516264,True,False,14.158903863292807,POINT (439198.5185410395 4483872.780199546)
1.3735215206153675,131.10294327976695,145.26184714305978,-99.10294327976695,-113.26184714305978,True,False,14.158903863292835,POINT (439209.0999853028 4483906.131764101)
1.4081845109154911,131.48983423001474,145.64873809330757,-99.48983423001474,-113.64873809330757,True,False,14.158903863292835,POINT (439222.0896608736 4483938.628033691)
1.4428557331485328,131.86740512718342,146.02630899047625,-99.86740512718342,-114.02630899047625,True,False,14.158903863292835,POINT (439235.16078648076 4483971.095643325)
1.8892268468646798,136.05158126900918,150.21048513230198,-104.05158126900918,-118.21048513230198,True,False,14.158903863292807,POINT (440761.0448734075 4482375.61354701)
1.8618146827312845,135.82469381592557,149.98359767921838,-103.82469381592557,-117.98359767921838,True,False,14.158903863292807,POINT (440731.53039323114 4482358.031115086)
1.830909164725986,135.56485104787455,149.72375491116736,-103.56485104787455,-117.72375491116736,True,False,14.158903863292807,POINT (440698.8847700301 4482345.411159229)
1.800153556261457,135.3018773844339,149.46078124772671,-103.30187738443391,-117.46078124772671,True,False,14.158903863292807,POINT (440666.239146829 4482332.791203374)
1.7695556738245246,135.0357555776195,149.19465944091235,-103.03575557761951,-117.19465944091235,True,False,14.158903863292835,POINT (440633.59352362796 4482320.171247518)
0.6860800776584817,120.32768630907489,134.4865901723677,-88.32768630907489,-102.4865901723677,True,True,14.158903863292807,POINT (439067.9500945166 4481911.693371566)
0.6525619799722902,119.55015662435191,133.70906048764473,-87.55015662435191,-101.70906048764473,True,True,14.15890386329282,POINT (439068.30727904 4481946.691264309)
0.619206942222966,118.73570717299873,132.89461103629154,-86.73570717299873,-100.89461103629154,True,True,14.158903863292807,POINT (439068.66241481516 4481981.689462529)
0.586043780224605,117.88123196230224,132.04013582559506,-85.88123196230224,-100.04013582559506,True,True,14.15890386329282,POINT (439069.0174868522 4482016.687661394)
0.5602021002116954,117.18118391494075,131.34008777823357,-85.18118391494075,-99.34008777823357,True,True,14.15890386329282,POINT (439069.39379583544 4482044.158953218)
0.5590766857744915,117.1499673110593,131.3088711743521,-85.1499673110593,-99.3088711743521,True,True,14.158903863292807,POINT (439060.44489271054 4482042.255920472)
0.5602021002116954,117.18118391494075,131.34008777823357,-85.18118391494075,-99.34008777823357,True,True,14.15890386329282,POINT (439069.39379583544 4482044.158953218)
0.5276235879183188,116.25111929122774,130.41002315452056,-84.25111929122774,-98.41002315452056,True,True,14.15890386329282,POINT (439070.1488611817 4482079.150337225)
0.49528462268458845,115.26926847324899,129.42817233654182,-83.26926847324899,-97.42817233654182,True,True,14.158903863292835,POINT (439070.6753385904 4482114.145765372)
0.732901353907844,121.35247782544931,135.51138168874212,-89.35247782544931,-103.51138168874212,True,True,14.158903863292807,POINT (438616.6564428321 4483255.268330238)
0.7497344969801778,121.70497908769852,135.86388295099135,-89.70497908769852,-103.86388295099135,True,True,14.158903863292835,POINT (438639.7170970351 4483281.59714008)
0.7677950490621163,122.07448863984865,136.23339250314146,-90.07448863984865,-104.23339250314146,True,True,14.158903863292807,POINT (438662.777751238 4483307.925949923)
0.7869985125575831,122.45796642785416,136.616870291147,-90.45796642785416,-104.616870291147,True,True,14.158903863292835,POINT (438685.838405441 4483334.254759766)
0.8081061370998933,122.86881977371117,137.027723637004,-90.86881977371117,-105.02772363700399,True,False,14.15890386329282,POINT (438708.0718998423 4483361.264525784)
0.8309702426817495,123.30192606678573,137.46082993007855,-91.30192606678573,-105.46082993007855,True,False,14.15890386329282,POINT (438729.480848945 4483388.953095597)
0.8546563985767338,123.7382138790483,137.89711774234112,-91.7382138790483,-105.89711774234112,True,False,14.15890386329282,POINT (438750.8897980476 4483416.641665411)
0.8792963903660989,124.17942233068622,138.33832619397904,-92.17942233068622,-106.33832619397904,True,False,14.15890386329282,POINT (438772.07359727495 4483444.501671302)
0.9047801599982797,124.62291967388198,138.7818235371748,-92.62291967388198,-106.7818235371748,True,False,14.15890386329282,POINT (438793.0698098654 4483472.504511459)
0.9308824489387187,125.06441519484451,139.22331905813732,-93.06441519484451,-107.22331905813732,True,False,14.158903863292807,POINT (438814.06602245575 4483500.5073516155)
0.9575057117663638,125.50214899737576,139.66105286066858,-93.50214899737576,-107.66105286066858,True,False,14.15890386329282,POINT (438835.1209146078 4483528.466051842)
0.9846313530411475,125.93579932345689,140.0947031867497,-93.93579932345689,-108.09470318674971,True,False,14.15890386329282,POINT (438856.2040832597 4483556.403481924)
1.0110716967099271,126.34714589723139,140.5060497605242,-94.34714589723139,-108.5060497605242,True,False,14.15890386329282,POINT (438878.7084528795 4483583.177918498)
1.0374502576363325,126.74694864962491,140.90585251291773,-94.74694864962491,-108.90585251291773,True,False,14.15890386329282,POINT (438901.922036964 4483609.371992522)
1.0643261240106254,127.14396732482587,141.30287118811867,-95.14396732482587,-109.30287118811867,True,False,14.158903863292807,POINT (438925.1356210484 4483635.566066545)
1.0898582442252085,127.51195701001738,141.6708608733102,-95.51195701001738,-109.6708608733102,True,False,14.15890386329282,POINT (438950.3342200484 4483659.829708022)
1.115603525515936,127.87439117755801,142.03329504085082,-95.87439117755801,-110.03329504085082,True,False,14.158903863292807,POINT (438975.87103420886 4483683.764434312)
1.1414776210706783,128.23030784562528,142.3892117089181,-96.23030784562528,-110.38921170891811,True,False,14.158903863292835,POINT (439001.74850328546 4483707.297655918)
1.1658460321180668,128.55821141123505,142.71711527452786,-96.55821141123505,-110.71711527452786,True,False,14.158903863292807,POINT (439029.5231531386 4483728.594811256)
1.1907446333315206,128.88624495431043,143.04514881760323,-96.88624495431043,-111.04514881760323,True,False,14.158903863292807,POINT (439057.29780299164 4483749.891966595)
1.2153387587602902,129.20360125985357,143.3625051231464,-97.20360125985357,-111.3625051231464,True,False,14.158903863292835,POINT (439085.7234895518 4483770.265118516)
1.2392540274928325,129.50609810671835,143.6650019700112,-97.50609810671835,-111.66500197001119,True,False,14.158903863292835,POINT (439115.12500643707 4483789.253293912)
1.2636861915709836,129.809163642212,143.96806750550485,-97.80916364221201,-111.96806750550485,True,False,14.158903863292835,POINT (439144.5265233224 4483808.241469307)
0.732901353907844,121.35247782544931,135.51138168874212,-89.35247782544931,-103.51138168874212,True,True,14.158903863292807,POINT (438616.6564428321 4483255.268330238)
0.7474862793024207,121.65835996061843,135.81726382391125,-89.65835996061843,-103.81726382391125,True,True,14.15890386329282,POINT (438641.56840647076 4483279.852757579)
0.7633983762947536,121.98534167142851,136.14424553472134,-89.98534167142851,-104.14424553472134,True,True,14.15890386329282,POINT (438666.48037010944 4483304.437184919)
0.7805564836159676,122.33037731212812,136.48928117542093,-90.33037731212812,-104.48928117542093,True,True,14.158903863292807,POINT (438691.39233374805 4483329.02161226)
0.8004374806043565,122.72080637511306,136.87971023840586,-90.72080637511306,-104.87971023840586,True,True,14.158903863292807,POINT (438714.8889630663 4483354.896843061)
0.822725034188015,123.14712959693526,137.3060334602281,-91.14712959693526,-105.3060334602281,True,False,14.158903863292835,POINT (438737.0815390776 4483381.961387579)
0.845113400030726,123.56390857215341,137.72281243544623,-91.56390857215341,-105.72281243544623,True,False,14.15890386329282,POINT (438760.0086696776 4483408.364736149)
0.8659934720666389,123.94277638627166,138.10168024956448,-91.94277638627166,-106.10168024956448,True,False,14.15890386329282,POINT (438785.12981819926 4483432.662966677)
0.883026334305938,124.24513192852217,138.40403579181498,-92.24513192852217,-106.40403579181498,True,False,14.158903863292807,POINT (438813.8322880117 4483452.497983694)
0.8928387327109445,124.41667805898312,138.57558192227594,-92.41667805898312,-106.57558192227594,True,False,14.15890386329282,POINT (438846.58449071634 4483464.245278883)
0.8955192486420949,124.4632126132342,138.62211647652703,-92.4632126132342,-106.62211647652703,True,False,14.15890386329282,POINT (438881.22519534064 4483467.630647454)
0.884804938857194,124.27636754135017,138.435271404643,-92.27636754135017,-106.435271404643,True,False,14.158903863292835,POINT (438914.2046289512 4483456.332807853)
0.8668049190383809,123.95731501469666,138.1162188779895,-91.95731501469666,-106.1162188779895,True,False,14.158903863292835,POINT (438942.6388886528 4483436.797593323)
0.8425037858539272,123.51590052864587,137.6748043919387,-91.51590052864587,-105.6748043919387,True,False,14.15890386329282,POINT (438965.4882554017 4483410.475161259)
0.6835197511639298,120.26964817241625,134.4285520357091,-88.26964817241625,-102.42855203570909,True,True,14.158903863292835,POINT (439564.25428268895 4482529.490038493)
0.6884521515446258,120.38126412597916,134.540167989272,-88.38126412597916,-102.54016798927199,True,True,14.158903863292835,POINT (439569.36164263566 4482532.246168839)
0.6884521515446258,120.38126412597916,134.540167989272,-88.38126412597916,-102.54016798927199,True,True,14.158903863292835,POINT (439569.36164263566 4482532.246168839)
0.6948955165617661,120.5258732950964,134.6847771583892,-88.5258732950964,-102.68477715838921,True,True,14.158903863292807,POINT (439576.0998002523 4482537.542314658)
0.6884521515446258,120.38126412597916,134.540167989272,-88.38126412597916,-102.54016798927199,True,True,14.158903863292835,POINT (439569.36164263566 4482532.246168839)
0.689815504276518,120.41197457082745,134.57087843412026,-88.41197457082745,-102.57087843412026,True,True,14.158903863292807,POINT (439571.3566110957 4482545.240217465)
0.689815504276518,120.41197457082745,134.57087843412026,-88.41197457082745,-102.57087843412026,True,True,14.158903863292807,POINT (439571.3566110957 4482545.240217465)
0.6876286170250574,120.36268397528904,134.52158783858187,-88.36268397528904,-102.52158783858187,True,True,14.15890386329282,POINT (439569.2680629776 4482547.932396333)
0.6876286170250574,120.36268397528904,134.52158783858187,-88.36268397528904,-102.52158783858187,True,True,14.15890386329282,POINT (439569.2680629776 4482547.932396333)
0.6831051658263037,120.26022979879284,134.41913366208564,-88.26022979879284,-102.41913366208564,True,True,14.158903863292807,POINT (439564.9137232314 4482553.406995133)
0.6876286170250574,120.36268397528904,134.52158783858187,-88.36268397528904,-102.52158783858187,True,True,14.15890386329282,POINT (439569.2680629776 4482547.932396333)
0.6780379739400896,120.14465135148482,134.30355521477765,-88.14465135148482,-102.30355521477765,True,True,14.15890386329282,POINT (439559.76436189574 4482550.695610795)
0.9231659002926468,124.93519932714771,139.09410319044053,-92.93519932714771,-107.09410319044053,True,False,14.15890386329282,POINT (439789.2765746471 4482742.997371538)
0.9321849795217033,125.08612074131008,139.24502460460292,-93.08612074131008,-107.24502460460292,True,False,14.158903863292835,POINT (439795.03557074 4482760.401495614)
0.9231659002926468,124.93519932714771,139.09410319044053,-92.93519932714771,-107.09410319044053,True,False,14.15890386329282,POINT (439789.2765746471 4482742.997371538)
0.9192066801228465,124.86848115219422,139.02738501548703,-92.86848115219422,-107.02738501548703,True,False,14.158903863292807,POINT (439784.77923750284 4482745.4535698835)
0.5458540201239482,116.7784183903576,130.93732225365042,-84.7784183903576,-98.93732225365042,True,True,14.15890386329282,POINT (439286.1189448023 4482205.101202736)
0.539037662239053,116.58335174410664,130.74225560739944,-84.58335174410664,-98.74225560739944,True,True,14.158903863292807,POINT (439279.3519528606 4482207.798143871)
0.5458540201239482,116.7784183903576,130.93732225365042,-84.7784183903576,-98.93732225365042,True,True,14.15890386329282,POINT (439286.1189448023 4482205.101202736)
0.525444890086769,116.1868871639717,130.3457910272645,-84.1868871639717,-98.34579102726451,True,True,14.158903863292807,POINT (439289.21360468434 4482239.964089916)
0.506295206952674,115.61058206936164,129.76948593265445,-83.61058206936164,-97.76948593265445,True,True,14.158903863292807,POINT (439291.91347570973 4482274.859690775)
0.9741516291757859,125.76969575659643,139.92859961988927,-93.76969575659643,-107.92859961988927,True,False,14.158903863292835,POINT (437992.8937161566 4482174.184197589)
0.9865882997673309,125.96662094070243,140.12552480399523,-93.96662094070243,-108.12552480399523,True,False,14.158903863292807,POINT (437982.1359246243 4482167.779397907)
0.9741516291757859,125.76969575659643,139.92859961988927,-93.76969575659643,-107.92859961988927,True,False,14.158903863292835,POINT (437992.8937161566 4482174.184197589)
0.9813746618509307,125.88437087386123,140.04327473715404,-93.88437087386123,-108.04327473715404,True,False,14.158903863292807,POINT (437972.8829791588 4482202.673247737)
0.9875842817310462,125.98228403968163,140.14118790297445,-93.98228403968163,-108.14118790297445,True,False,14.15890386329282,POINT (437954.6845448759 4482232.569785387)
0.9949853076412439,126.09818226857891,140.25708613187172,-94.09818226857891,-108.25708613187172,True,False,14.158903863292807,POINT (437936.487549847 4482262.467433655)
1.0035530934243377,126.2312798182419,140.39018368153472,-94.2312798182419,-108.39018368153472,True,False,14.15890386329282,POINT (437918.2905548181 4482292.365081922)
1.010971562559978,126.34560843990371,140.50451230319652,-94.34560843990371,-108.50451230319652,True,False,14.158903863292807,POINT (437902.2186401811 4482323.183663806)
0.9865882997673309,125.96662094070243,140.12552480399523,-93.96662094070243,-108.12552480399523,True,False,14.158903863292807,POINT (437982.1359246243 4482167.779397907)
0.9947920977828185,126.09516762421364,140.25407148750645,-94.09516762421364,-108.25407148750645,True,False,14.158903863292807,POINT (437982.42576184904 4482147.540112325)
1.0102504478345062,126.334531962619,140.49343582591183,-94.334531962619,-108.49343582591183,True,False,14.158903863292835,POINT (437901.4250114278 4482329.311911017)
1.0068437980816696,126.28209796079818,140.441001824091,-94.28209796079818,-108.44100182409099,True,False,14.158903863292807,POINT (437901.5992826022 4482343.153252768)
0.3169952766627303,108.34210614756799,122.50101001086081,-76.34210614756799,-90.50101001086081,True,True,14.15890386329282,POINT (438595.4377963713 4482707.503917546)
0.2829807992297953,106.58010127141785,120.73900513471067,-74.58010127141785,-88.73900513471067,True,True,14.15890386329282,POINT (438624.2734086416 4482688.824201505)
0.2497395045673939,104.64031180995318,118.799215673246,-72.64031180995318,-86.799215673246,True,True,14.15890386329282,POINT (438650.50513008254 4482665.653168074)
0.3169952766627303,108.34210614756799,122.50101001086081,-76.34210614756799,-90.50101001086081,True,True,14.15890386329282,POINT (438595.4377963713 4482707.503917546)
0.33452418673049295,109.17760073085745,123.33650459415027,-77.17760073085745,-91.33650459415027,True,True,14.15890386329282,POINT (438585.4431077709 4482726.779393005)
0.23025177727836568,103.37912930124716,117.53803316453997,-71.37912930124716,-85.53803316453997,True,True,14.158903863292807,POINT (438666.07817724056 4482651.8971666945)
0.2631913682574734,105.45470570860488,119.61360957189768,-73.45470570860488,-87.61360957189768,True,True,14.158903863292807,POINT (438639.84645579965 4482675.068200125)
0.2966032901211329,107.30994748804044,121.46885135133326,-75.30994748804044,-89.46885135133326,True,True,14.15890386329282,POINT (438613.6147343587 4482698.239233556)
0.33452418673049295,109.17760073085745,123.33650459415027,-77.17760073085745,-91.33650459415027,True,True,14.15890386329282,POINT (438585.4431077709 4482726.779393005)
0.3285248762643424,108.8966832137601,123.05558707705292,-76.8966832137601,-91.05558707705292,True,True,14.15890386329282,POINT (438608.11628572934 4482753.442607389)
0.3261912891867955,108.78602489091129,122.94492875420411,-76.78602489091129,-90.94492875420411,True,True,14.15890386329282,POINT (438630.78946368775 4482780.1058217725)
0.3276017703831332,108.85300393824947,123.01190780154229,-76.85300393824947,-91.01190780154229,True,True,14.15890386329282,POINT (438653.4626416462 4482806.769036156)
0.33452418673049295,109.17760073085745,123.33650459415027,-77.17760073085745,-91.33650459415027,True,True,14.15890386329282,POINT (438585.4431077709 4482726.779393005)
0.34765804932210276,109.77540226855417,123.934306131847,-77.77540226855417,-91.934306131847,True,True,14.15890386329282,POINT (438573.70285114716 4482732.67048491)
0.7586384573853062,121.88824885370994,136.04715271700275,-89.88824885370994,-104.04715271700275,True,True,14.158903863292807,POINT (438163.53083801595 4482328.716212388)
0.7289564410868106,121.2686970001691,135.42760086346192,-89.2686970001691,-103.42760086346192,True,True,14.15890386329282,POINT (438186.027668648 4482355.5247340845)
0.6995761226494056,120.63008232083787,134.7889861841307,-88.63008232083787,-102.78898618413069,True,True,14.15890386329282,POINT (438208.78219437745 4482382.118559575)
0.6694725022467076,119.94730173769437,134.10620560098718,-87.94730173769437,-102.10620560098718,True,True,14.158903863292807,POINT (438233.2495572789 4482407.089518126)
0.6385704872923241,119.21370583941149,133.3726097027043,-87.21370583941149,-101.3726097027043,True,True,14.158903863292807,POINT (438259.4482924174 4482430.262981892)
0.6078116815534516,118.44737248490821,132.60627634820105,-86.44737248490821,-100.60627634820105,True,True,14.158903863292835,POINT (438286.0478765523 4482452.952257263)
0.5759903652328204,117.61262525452841,131.77152911782125,-85.61262525452841,-99.77152911782125,True,True,14.158903863292835,POINT (438314.64183056384 4482473.136057548)
0.5442138822055022,116.73170531686358,130.89060918015642,-84.73170531686358,-98.89060918015642,True,True,14.158903863292835,POINT (438343.6847599198 4482492.639801741)
0.7586384573853062,121.88824885370994,136.04715271700275,-89.88824885370994,-104.04715271700275,True,True,14.158903863292807,POINT (438163.53083801595 4482328.716212388)
0.7887325785668171,122.49213249530811,136.65103635860092,-90.49213249530811,-104.65103635860092,True,True,14.158903863292807,POINT (438141.07072827785 4482301.87666358)
0.8193798618244581,123.08388411554994,137.24278797884276,-91.08388411554994,-105.24278797884276,True,False,14.15890386329282,POINT (438118.3513212483 4482275.252829442)
0.8503632373490353,123.66004029404336,137.81894415733618,-91.66004029404336,-105.81894415733618,True,False,14.15890386329282,POINT (438095.6319142188 4482248.628995303)
0.8822057648830977,124.23069998427721,138.38960384757004,-92.23069998427721,-106.38960384757004,True,False,14.158903863292835,POINT (438071.9168997268 4482222.901877336)
0.7586384573853062,121.88824885370994,136.04715271700275,-89.88824885370994,-104.04715271700275,True,True,14.158903863292807,POINT (438163.53083801595 4482328.716212388)
0.7758806507390942,122.23710773656664,136.39601159985946,-90.23710773656664,-104.39601159985946,True,True,14.15890386329282,POINT (438137.89877103135 4482352.548897373)
0.7942861597610315,122.60105061851279,136.7599544818056,-90.60105061851279,-104.75995448180561,True,True,14.15890386329282,POINT (438112.27116890636 4482376.386387943)
0.8141774723091801,122.985010310069,137.14391417336182,-90.985010310069,-105.14391417336182,True,False,14.15890386329282,POINT (438086.3185632092 4482399.853110661)
0.8348070896353567,123.37343653041827,137.53234039371108,-91.37343653041827,-105.53234039371108,True,False,14.158903863292807,POINT (438060.579320963 4482423.570011988)
0.8563707125975775,123.7693199335788,137.9282237968716,-91.7693199335788,-105.9282237968716,True,False,14.158903863292807,POINT (438034.8400787168 4482447.286913317)
0.5225409252481683,116.10085747391082,130.25976133720366,-84.10085747391082,-98.25976133720366,True,True,14.158903863292835,POINT (438363.8430078825 4482505.064766465)
0.4912858342120159,115.14342983757695,129.30233370086978,-83.14342983757695,-97.30233370086978,True,True,14.158903863292835,POINT (438393.1161920996 4482524.245996552)
0.46145693546797956,114.17109730358663,128.33000116687947,-82.17109730358663,-96.33000116687947,True,True,14.158903863292835,POINT (438421.4152959277 4482544.823767374)
0.4344023512664214,113.23322342294446,127.3921272862373,-81.23322342294446,-95.3921272862373,True,True,14.158903863292835,POINT (438447.6823377482 4482567.943787305)
0.41135245769292755,112.38688646439716,126.54579032768999,-80.38688646439716,-94.54579032768999,True,True,14.15890386329282,POINT (438471.28203185124 4482593.755493042)
0.5225409252481683,116.10085747391082,130.25976133720366,-84.10085747391082,-98.25976133720366,True,True,14.158903863292835,POINT (438363.8430078825 4482505.064766465)
0.5546326336637329,117.02608169307233,131.18498555636515,-85.02608169307233,-99.18498555636515,True,True,14.15890386329282,POINT (438334.04809584544 4482486.70003895)
0.5862427955886397,117.88650261154537,132.0454064748382,-85.88650261154537,-100.04540647483819,True,True,14.15890386329282,POINT (438305.39359620004 4482466.607946211)
0.6179638123797265,118.70451121758221,132.86341508087503,-86.70451121758221,-100.86341508087503,True,True,14.15890386329282,POINT (438277.09483319835 4482446.053305124)
0.6486124523977538,119.45591944889246,133.61482331218528,-87.45591944889246,-101.61482331218528,True,True,14.15890386329282,POINT (438250.846267586 4482422.909202269)
0.6793601762451253,120.17489276535873,134.33379662865156,-88.17489276535873,-102.33379662865156,True,True,14.15890386329282,POINT (438225.05759082764 4482399.2768513495)
0.7090226435824606,120.8382927100815,134.99719657337434,-88.8382927100815,-102.99719657337434,True,True,14.158903863292835,POINT (438201.4229328599 4482373.516969814)
0.7385644879804487,121.47196467221592,135.63086853550874,-89.47196467221592,-103.63086853550874,True,True,14.15890386329282,POINT (438178.66719233256 4482346.924183817)
0.5225409252481683,116.10085747391082,130.25976133720366,-84.10085747391082,-98.25976133720366,True,True,14.158903863292835,POINT (438363.8430078825 4482505.064766465)
0.5005185897753632,115.43245066481899,129.59135452811182,-83.43245066481899,-97.59135452811182,True,True,14.158903863292835,POINT (438389.8001299992 4482481.588542456)
0.48028353531373014,114.79183743029817,128.950741293591,-82.79183743029817,-96.950741293591,True,True,14.15890386329282,POINT (438415.5600402243 4482457.894091098)
0.4618178102633557,114.18323222348127,128.34213608677408,-82.18323222348127,-96.34213608677408,True,True,14.158903863292807,POINT (438441.31995044934 4482434.199639739)
0.44528643288562053,113.61736931648225,127.77627317977507,-81.61736931648225,-95.77627317977507,True,True,14.15890386329282,POINT (438467.1212829304 4482410.550739495)
0.8925227571702427,124.41118342706109,138.5700872903539,-92.41118342706109,-106.57008729035391,True,False,14.15890386329282,POINT (438064.1960609865 4482214.777532961)
0.8603786691092852,123.84180160298506,138.00070546627788,-91.84180160298506,-106.00070546627788,True,False,14.15890386329282,POINT (438088.30674263684 4482240.148284435)
0.8292667234820932,123.27007027506552,137.42897413835834,-91.27007027506552,-105.42897413835834,True,False,14.15890386329282,POINT (438111.0760031758 4482266.727216893)
0.7985076520544008,122.68333525511449,136.84223911840732,-90.68333525511449,-104.84223911840732,True,True,14.158903863292835,POINT (438133.7954102054 4482293.351051032)
0.7681408596767031,122.08147862946657,136.2403824927594,-90.08147862946657,-104.24038249275941,True,True,14.158903863292835,POINT (438156.47145187453 4482320.010961692)
0.8925227571702427,124.41118342706109,138.5700872903539,-92.41118342706109,-106.57008729035391,True,False,14.15890386329282,POINT (438064.1960609865 4482214.777532961)
0.9262538274432283,124.98703673319518,139.145940596488,-92.98703673319518,-107.145940596488,True,False,14.15890386329282,POINT (438037.140069086 4482192.57453086)
0.9600734004252139,125.54372096971227,139.7026248330051,-93.54372096971227,-107.7026248330051,True,False,14.158903863292835,POINT (438010.0899522132 4482170.364377)
0.8925227571702427,124.41118342706109,138.5700872903539,-92.41118342706109,-106.57008729035391,True,False,14.15890386329282,POINT (438064.1960609865 4482214.777532961)
0.8792302274245526,124.17825423839801,138.33715810169085,-92.17825423839801,-106.33715810169085,True,False,14.158903863292835,POINT (438089.7786957194 4482190.891788378)
0.8671454806043046,123.96341277385393,138.12231663714675,-91.96341277385393,-106.12231663714675,True,False,14.15890386329282,POINT (438115.3627585237 4482167.007573289)
0.8563213992978715,123.76842601891059,137.92732988220342,-91.76842601891059,-105.92732988220342,True,False,14.158903863292835,POINT (438140.94700346084 4482143.123553297)
0.8468065830752938,123.59497816295658,137.7538820262494,-91.59497816295658,-105.75388202624941,True,False,14.158903863292835,POINT (438166.5312501131 4482119.239535142)
0.8723686514269664,124.05663487148634,138.21553873477916,-92.05663487148634,-106.21553873477916,True,False,14.15890386329282,POINT (438016.0045825287 4482467.388589951)
0.845348216095041,123.5682211186543,137.7271249819471,-91.5682211186543,-105.7271249819471,True,False,14.158903863292807,POINT (438040.4825782039 4482492.405139028)
0.81893232255029,123.07540314021122,137.23430700350403,-91.07540314021122,-105.23430700350403,True,False,14.158903863292807,POINT (438064.96057387907 4482517.421688105)
0.7931813735710647,122.57944410206413,136.73834796535695,-90.57944410206413,-104.73834796535695,True,True,14.15890386329282,POINT (438089.43856955424 4482542.438237183)
0.6919150205826154,120.45914909536958,134.61805295866242,-88.45914909536958,-102.61805295866242,True,True,14.158903863292835,POINT (438196.1739961615 4482481.005547995)
0.7147363801224089,120.96288677373052,135.12179063702334,-88.96288677373052,-103.12179063702334,True,True,14.15890386329282,POINT (438170.5051200963 4482504.798589027)
0.7385118756209065,121.47085882245466,135.6297626857475,-89.47085882245466,-103.6297626857475,True,True,14.158903863292835,POINT (438144.83624403115 4482528.591630058)
0.7631523359039649,121.98033779618584,136.13924165947867,-89.98033779618584,-104.13924165947867,True,True,14.158903863292835,POINT (438119.167367966 4482552.384671091)
0.7727626546187764,122.17459967152354,136.33350353481634,-90.17459967152354,-104.33350353481634,True,True,14.158903863292807,POINT (438109.37544010585 4482561.461022574)
0.7478140273082085,121.66516487930362,135.82406874259644,-89.66516487930362,-103.82406874259644,True,True,14.15890386329282,POINT (438135.044316171 4482537.667981543)
0.7236984997251045,121.15632283795142,135.31522670124426,-89.15632283795142,-103.31522670124426,True,True,14.158903863292835,POINT (438160.7131922362 4482513.874940511)
0.7005021181766304,120.6506160554032,134.80951991869603,-88.6506160554032,-102.80951991869603,True,True,14.15890386329282,POINT (438186.3820683014 4482490.081899478)
0.7727626546187764,122.17459967152354,136.33350353481634,-90.17459967152354,-104.33350353481634,True,True,14.158903863292807,POINT (438109.37544010585 4482561.461022574)
0.7468557485844493,121.6452600732535,135.80416393654633,-89.6452600732535,-103.80416393654633,True,True,14.158903863292835,POINT (438135.3192171138 4482584.945478271)
0.7200994922283805,121.07893218427718,135.23783604757,-89.07893218427718,-103.23783604757,True,True,14.15890386329282,POINT (438162.7929691371 4482606.629411211)
0.6938176425966499,120.50177608211857,134.66067994541137,-88.50177608211857,-102.66067994541137,True,True,14.158903863292807,POINT (438190.5008832498 4482627.99039533)
0.6725551925440699,120.01861667071145,134.1775205340043,-88.01861667071145,-102.17752053400429,True,True,14.158903863292835,POINT (438213.2691206867 4482643.125660839)
0.6459856195584819,119.39292397103706,133.55182783432988,-87.39292397103706,-101.55182783432988,True,True,14.15890386329282,POINT (438242.43044224696 4482662.474649661)
0.6211935187012834,118.78542991142245,132.9443337747153,-86.78542991142245,-100.94433377471529,True,True,14.158903863292835,POINT (438270.83481916477 4482682.924377579)
0.59865917165304,118.21184423668396,132.3707480999768,-86.21184423668396,-100.3707480999768,True,True,14.158903863292835,POINT (438298.2549072334 4482704.6219349075)
0.5791426482591303,117.69734908509625,131.85625294838906,-85.69734908509625,-99.85625294838906,True,True,14.158903863292807,POINT (438324.29120241076 4482727.980135054)
0.5632202091487328,117.26459124316446,131.4234951064573,-85.26459124316446,-99.4234951064573,True,True,14.158903863292835,POINT (438348.7012971239 4482753.055131431)
0.5515712583455603,116.94016178561269,131.0990656489055,-84.94016178561269,-99.09906564890551,True,True,14.15890386329282,POINT (438371.13690638385 4482779.918553349)
0.5419360682518499,116.66659641109725,130.82550027439007,-84.66659641109725,-98.82550027439007,True,True,14.15890386329282,POINT (438393.5725156438 4482806.7819752665)
0.6725551925440699,120.01861667071145,134.1775205340043,-88.01861667071145,-102.17752053400429,True,True,14.158903863292835,POINT (438213.2691206867 4482643.125660839)
0.6438866462466113,119.34240297634629,133.5013068396391,-87.34240297634629,-101.50130683963911,True,True,14.15890386329282,POINT (438240.0592272809 4482621.295074541)
0.6169762995441649,118.67968513234023,132.83858899563305,-86.67968513234023,-100.83858899563305,True,True,14.15890386329282,POINT (438265.6056542597 4482597.370608641)
0.59091411828091,118.00970498902588,132.1686088523187,-86.00970498902588,-100.1686088523187,True,True,14.15890386329282,POINT (438291.15208123846 4482573.446142741)
0.5659104968752559,117.33856311895391,131.49746698224672,-85.33856311895391,-99.49746698224672,True,True,14.158903863292807,POINT (438316.6089817068 4482549.428558765)
0.5418968788361629,116.66547382996878,130.8243776932616,-84.66547382996878,-98.8243776932616,True,True,14.15890386329282,POINT (438342.17412460694 4482525.524224274)
0.538327147773923,116.56287685782033,130.72178072111313,-84.56287685782033,-98.72178072111313,True,True,14.158903863292807,POINT (438402.06689128536 4482815.829309968)
0.5044534603368575,115.55401046683482,129.71291433012766,-83.55401046683482,-97.71291433012766,True,True,14.158903863292835,POINT (438428.4746749782 4482792.859134829)
0.4707457333235935,114.48046491306403,128.63936877635683,-82.48046491306403,-96.63936877635683,True,True,14.158903863292807,POINT (438454.8797656353 4482769.885863678)
0.4372411202516705,113.33433572612816,127.49323958942098,-81.33433572612816,-95.49323958942098,True,True,14.15890386329282,POINT (438481.28485629236 4482746.9125925265)
0.4039337934816429,112.10437317605295,126.26327703934577,-80.10437317605295,-94.26327703934577,True,True,14.15890386329282,POINT (438507.8102087701 4482724.085772245)
0.37102961738083645,110.78538075058167,124.94428461387449,-78.78538075058167,-92.94428461387449,True,True,14.15890386329282,POINT (438534.1588185997 4482701.047743685)
0.538327147773923,116.56287685782033,130.72178072111313,-84.56287685782033,-98.72178072111313,True,True,14.158903863292807,POINT (438402.06689128536 4482815.829309968)
0.5330431108122401,116.40975362848745,130.56865749178027,-84.40975362848745,-98.56865749178027,True,True,14.15890386329282,POINT (438411.0560829668 4482821.683119373)
0.6774046607787414,120.13014531716422,134.28904918045703,-88.13014531716422,-102.28904918045703,True,True,14.158903863292807,POINT (438209.42084083124 4482652.282376914)
0.7025811888797696,120.69662024836094,134.85552411165378,-88.69662024836094,-102.85552411165378,True,True,14.158903863292835,POINT (438187.7845298571 4482679.7936481945)
0.7174148222630014,121.02095053980358,135.17985440309639,-89.02095053980358,-103.17985440309639,True,True,14.158903863292807,POINT (438178.5666811438 4482712.733890751)
0.739737545831533,121.49660052753013,135.65550439082295,-89.49660052753013,-103.65550439082295,True,True,14.15890386329282,POINT (438162.2451166372 4482742.615206503)
0.7696617812539527,122.11218423440957,136.2710880977024,-90.11218423440957,-104.2710880977024,True,True,14.158903863292835,POINT (438136.2836603699 4482762.34824767)
0.7976025420244308,122.66572969484854,136.82463355814136,-90.66572969484854,-104.82463355814136,True,True,14.15890386329282,POINT (438108.912830349 4482768.086312033)
0.8157426247943391,123.01482304175617,137.173726905049,-91.01482304175617,-105.173726905049,True,False,14.15890386329282,POINT (438098.7222927302 4482799.731461723)
0.8485559862464189,123.62701419878259,137.7859180620754,-91.62701419878259,-105.78591806207541,True,False,14.15890386329282,POINT (438067.00752302975 4482808.181848723)
0.872051853288378,124.05099664210317,138.209900505396,-92.05099664210317,-106.209900505396,True,False,14.158903863292835,POINT (438037.632090984 4482789.845610398)
0.9049613669277277,124.62602830756444,138.78493217085725,-92.62602830756444,-106.78493217085725,True,False,14.158903863292807,POINT (438004.58833195316 4482793.449343352)
0.9291903432991865,125.03617231684669,139.1950761801395,-93.03617231684669,-107.1950761801395,True,False,14.158903863292807,POINT (437987.39532649674 4482823.032932885)
0.9495768566863974,125.37307023774237,139.5319741010352,-93.37307023774237,-107.53197410103519,True,False,14.15890386329282,POINT (437975.95114971045 4482856.109069565)
0.9744172034630725,125.77392713215517,139.932830995448,-93.77392713215517,-107.932830995448,True,False,14.158903863292835,POINT (437959.91256972 4482886.951986698)
1.0068351005745402,126.2819638647832,140.44086772807603,-94.2819638647832,-108.44086772807603,True,False,14.158903863292835,POINT (437933.39373796375 4482909.365908503)
1.0412686670715834,126.80397801130316,140.96288187459598,-94.80397801130316,-108.96288187459598,True,False,14.15890386329282,POINT (437903.084132629 4482926.847608816)
1.0759382374767865,127.31241282348871,141.47131668678153,-95.31241282348871,-109.47131668678153,True,False,14.15890386329282,POINT (437872.160423257 4482943.240418117)
1.1106288252281857,127.80501530606143,141.96391916935426,-95.80501530606143,-109.96391916935426,True,False,14.15890386329282,POINT (437841.23567645357 4482959.631270296)
1.1157847034276047,127.87691199508768,142.0358158583805,-95.87691199508768,-110.03581585838049,True,False,14.158903863292807,POINT (437846.73884904315 4482988.13571147)
1.1153036065143536,127.87021735684519,142.029121220138,-95.87021735684519,-110.029121220138,True,False,14.158903863292807,POINT (437860.738726385 4483020.213794867)
0.6774046607787414,120.13014531716422,134.28904918045703,-88.13014531716422,-102.28904918045703,True,True,14.158903863292807,POINT (438209.42084083124 4482652.282376914)
0.7039516542673762,120.7268705443822,134.885774407675,-88.7268705443822,-102.885774407675,True,True,14.158903863292807,POINT (438180.6905762539 4482632.297172249)
0.7296842682512087,121.28418842143112,135.44309228472395,-89.28418842143112,-103.44309228472395,True,True,14.15890386329282,POINT (438153.38570288074 4482610.400965042)
0.7560987474235528,121.83619432314308,135.99509818643588,-89.83619432314308,-103.99509818643588,True,True,14.158903863292807,POINT (438126.14212081477 4482588.432967979)
0.7818626228428819,122.35633125415463,136.51523511744745,-90.35633125415463,-104.51523511744745,True,True,14.15890386329282,POINT (438100.2353385689 4482564.899191537)
0.8074022727469996,122.85529309817201,137.01419696146482,-90.85529309817201,-105.01419696146482,True,False,14.158903863292807,POINT (438075.28650402627 4482540.372480772)
0.8331631558598775,123.34283751464932,137.50174137794212,-91.34283751464932,-105.50174137794212,True,False,14.158903863292807,POINT (438050.8389481059 4482515.32618345)
0.859290134909439,123.82214951856923,137.98105338186207,-91.82214951856923,-105.98105338186207,True,False,14.158903863292835,POINT (438026.70916256326 4482489.97500048)
0.8859275056984662,124.29604960448972,138.45495346778253,-92.29604960448972,-106.45495346778253,True,False,14.158903863292807,POINT (438002.6956679825 4482464.512241831)
0.9132585834431622,124.76770562219967,138.9266094854925,-92.76770562219967,-106.92660948549249,True,False,14.15890386329282,POINT (437978.53054161114 4482439.193480632)
0.941117770487544,125.23416575684926,139.3930696201421,-93.23416575684926,-107.39306962014209,True,False,14.15890386329282,POINT (437954.3411457003 4482413.897767053)
0.969440083564719,125.69443466564081,139.85333852893365,-93.69443466564081,-107.85333852893365,True,False,14.158903863292835,POINT (437930.1517497895 4482388.602053475)
0.9981861015446067,126.14803910678351,140.30694297007634,-94.14803910678351,-108.30694297007634,True,False,14.15890386329282,POINT (437905.96235387865 4482363.306339895)
0.34765804932210276,109.77540226855417,123.934306131847,-77.77540226855417,-91.934306131847,True,True,14.15890386329282,POINT (438573.70285114716 4482732.67048491)
0.38171183968836636,111.22599265865433,125.38489652194716,-79.22599265865433,-93.38489652194716,True,True,14.15890386329282,POINT (438547.49263333116 4482755.865609878)
0.4159619786016551,112.55986848995269,126.71877235324551,-80.55986848995269,-94.71877235324551,True,True,14.15890386329282,POINT (438521.1319167443 4482778.87711506)
0.450394422118523,113.7944261477912,127.95333001108402,-81.7944261477912,-95.95333001108402,True,True,14.15890386329282,POINT (438494.542668698 4482801.636989583)
0.48490813904150876,114.94059380263457,129.0994976659274,-82.94059380263457,-97.0994976659274,True,True,14.158903863292835,POINT (438467.9534206518 4482824.396864107)
0.34765804932210276,109.77540226855417,123.934306131847,-77.77540226855417,-91.934306131847,True,True,14.15890386329282,POINT (438573.70285114716 4482732.67048491)
0.36904120015466435,110.70196528463912,124.86086914793194,-78.70196528463912,-92.86086914793194,True,True,14.15890386329282,POINT (438545.4990463948 4482723.488715786)
0.511099240207499,115.7571811232131,129.91608498650592,-83.7571811232131,-97.91608498650592,True,True,14.15890386329282,POINT (438447.9264827941 4482841.827286507)
0.5133210926458471,115.82451738477097,129.9834212480638,-83.82451738477097,-97.98342124806379,True,True,14.15890386329282,POINT (438464.54466939037 4482870.734587938)
0.5112312090617459,115.76118878856616,129.92009265185897,-83.76118878856616,-97.92009265185897,True,True,14.158903863292807,POINT (438487.48316701193 4482897.169892492)
0.5115360363516945,115.77044191176083,129.92934577505366,-83.77044191176083,-97.92934577505366,True,True,14.158903863292835,POINT (438510.41947525064 4482923.607096168)
0.511099240207499,115.7571811232131,129.91608498650592,-83.7571811232131,-97.91608498650592,True,True,14.15890386329282,POINT (438447.9264827941 4482841.827286507)
0.5339925096532151,116.43737728669589,130.59628114998873,-84.43737728669589,-98.59628114998873,True,True,14.158903863292835,POINT (438434.66492524673 4482863.62756926)
0.36904120015466435,110.70196528463912,124.86086914793194,-78.70196528463912,-92.86086914793194,True,True,14.15890386329282,POINT (438545.4990463948 4482723.488715786)
0.40257858298158994,112.05220478677937,126.21110865007219,-80.05220478677937,-94.21110865007219,True,True,14.15890386329282,POINT (438519.32590188924 4482746.725895191)
0.43644098755155125,113.30590290212591,127.46480676541873,-81.30590290212591,-95.46480676541873,True,True,14.15890386329282,POINT (438492.8896985979 4482769.655608651)
0.4704298975087753,114.470046489347,128.62895035263983,-82.470046489347,-96.62895035263983,True,True,14.158903863292835,POINT (438466.57754103147 4482792.735261253)
0.5045570743977338,115.55719858414642,129.71610244743925,-83.55719858414642,-97.71610244743925,True,True,14.158903863292835,POINT (438440.2653834651 4482815.814913854)
0.36904120015466435,110.70196528463912,124.86086914793194,-78.70196528463912,-92.86086914793194,True,True,14.15890386329282,POINT (438545.4990463948 4482723.488715786)
0.3633075463899342,110.45889397972147,124.61779784301429,-78.45889397972147,-92.61779784301429,True,True,14.15890386329282,POINT (438540.3882387675 4482695.60095747)
0.9627308733293066,125.58662966807796,139.74553353137077,-93.58662966807796,-107.74553353137077,True,False,14.158903863292807,POINT (438007.96804877033 4482168.619796005)
0.9289052132203658,125.03140815737437,139.1903120206672,-93.03140815737437,-107.19031202066719,True,False,14.15890386329282,POINT (438035.0165562863 4482190.831909141)
0.895166645940606,124.4570992876534,138.61600315094623,-92.4570992876534,-106.61600315094623,True,False,14.15890386329282,POINT (438062.0725481868 4482213.03491124)
0.9627308733293066,125.58662966807796,139.74553353137077,-93.58662966807796,-107.74553353137077,True,False,14.158903863292807,POINT (438007.96804877033 4482168.619796005)
0.9741516291757859,125.76969575659643,139.92859961988927,-93.76969575659643,-107.92859961988927,True,False,14.158903863292835,POINT (437992.8937161566 4482174.184197589)
0.8419810282164187,123.50626568662688,137.6651695499197,-91.50626568662688,-105.66516954991971,True,False,14.158903863292835,POINT (438181.14589038765 4482105.587533474)
0.8766402591807403,124.13245971193669,138.29136357522952,-92.13245971193669,-106.29136357522952,True,False,14.158903863292835,POINT (438155.05960714637 4482082.252884844)
0.9115640054372864,124.73887511123752,138.89777897453033,-92.73887511123752,-106.89777897453033,True,False,14.158903863292807,POINT (438127.366680463 4482060.858581124)
0.9947920977828185,126.09516762421364,140.25407148750645,-94.09516762421364,-108.25407148750645,True,False,14.158903863292807,POINT (437982.42576184904 4482147.540112325)
0.9832729178256644,125.91436813132552,140.07327199461835,-93.91436813132552,-108.07327199461835,True,False,14.158903863292835,POINT (437998.0729474665 4482141.549108333)
0.9947920977828185,126.09516762421364,140.25407148750645,-94.09516762421364,-108.25407148750645,True,False,14.158903863292807,POINT (437982.42576184904 4482147.540112325)
1.0283146559367609,126.60964869659772,140.76855255989054,-94.60964869659772,-108.76855255989054,True,False,14.15890386329282,POINT (437956.3568466494 4482124.343978708)
1.0625642341806247,127.11824885989256,141.27715272318537,-95.11824885989256,-109.27715272318537,True,False,14.158903863292807,POINT (437928.73829418427 4482102.844779659)
1.0969506767019237,127.61264952613979,141.7715533894326,-95.61264952613979,-109.7715533894326,True,False,14.158903863292807,POINT (437900.8246686339 4482081.735608363)
1.1310425366145767,128.08774624127878,142.24665010457161,-96.08774624127878,-110.24665010457161,True,False,14.158903863292835,POINT (437870.1078775081 4482066.937937783)
1.1574609821243595,128.44616131446708,142.6050651777599,-96.44616131446708,-110.60506517775991,True,False,14.158903863292835,POINT (437836.6558033477 4482075.285687254)
1.1677963652595817,128.58415833602243,142.74306219931523,-96.58415833602243,-110.74306219931523,True,False,14.158903863292807,POINT (437813.4994735921 4482101.031414162)
1.1744131664989597,128.67186544542236,142.8307693087152,-96.67186544542236,-110.83076930871519,True,False,14.158903863292835,POINT (437794.0058290537 4482130.100260418)
1.171936813843998,128.63909886203965,142.79800272533245,-96.63909886203965,-110.79800272533245,True,False,14.158903863292807,POINT (437783.7523583379 4482163.276970819)
1.1560163407608774,128.42677451345241,142.58567837674525,-96.42677451345241,-110.58567837674525,True,False,14.158903863292835,POINT (437788.3605439091 4482197.698899291)
1.1307395886875864,128.0835878196822,142.24249168297504,-96.08358781968221,-110.24249168297504,True,False,14.158903863292835,POINT (437804.8874123607 4482228.220641524)
1.103350926852536,127.70295774060087,141.8618616038937,-95.70295774060087,-109.86186160389369,True,False,14.15890386329282,POINT (437824.632712431 4482257.118341039)
1.0756859914109096,127.3087730925948,141.46767695588764,-95.3087730925948,-109.46767695588764,True,False,14.158903863292835,POINT (437845.3156754707 4482285.315999358)
1.0472586486793587,126.89302060818189,141.0519244714747,-94.89302060818189,-109.0519244714747,True,False,14.15890386329282,POINT (437867.5300817937 4482312.361527668)
0.5293972667589184,116.30321514193986,130.46211900523267,-84.30321514193986,-98.46211900523267,True,True,14.158903863292807,POINT (438508.81462010765 4482947.539347454)
0.5065000940034877,115.61686271277688,129.77576657606969,-83.61686271277688,-97.77576657606969,True,True,14.158903863292807,POINT (438525.6104062376 4482931.948820278)
0.5293972667589184,116.30321514193986,130.46211900523267,-84.30321514193986,-98.46211900523267,True,True,14.158903863292807,POINT (438508.81462010765 4482947.539347454)
0.5284450965928262,116.27527008303201,130.43417394632485,-84.27527008303201,-98.43417394632485,True,True,14.158903863292835,POINT (438485.5271289417 4482921.414212041)
0.5293635646287352,116.30222688292822,130.46113074622104,-84.30222688292822,-98.46113074622104,True,True,14.15890386329282,POINT (438462.57259635814 4482894.992829907)
0.5329891096363054,116.40818093465444,130.56708479794725,-84.40818093465444,-98.56708479794725,True,True,14.158903863292807,POINT (438439.31253281 4482868.840482646)
0.5293972667589184,116.30321514193986,130.46211900523267,-84.30321514193986,-98.46211900523267,True,True,14.158903863292807,POINT (438508.81462010765 4482947.539347454)
0.5328905551624911,116.40531028980551,130.56421415309833,-84.40531028980551,-98.56421415309833,True,True,14.15890386329282,POINT (438531.9239883304 4482973.825410123)
0.5383117627290597,116.5624332083237,130.72133707161652,-84.5624332083237,-98.72133707161652,True,True,14.15890386329282,POINT (438555.28259179817 4482999.888617589)
0.5456841188590952,116.77358592223055,130.93248978552336,-84.77358592223055,-98.93248978552336,True,True,14.158903863292807,POINT (438578.82839007926 4483025.784474079)
0.5551046064601722,117.03928577258971,131.19818963588253,-85.03928577258971,-99.19818963588253,True,True,14.15890386329282,POINT (438602.4230763515 4483051.634148792)
0.5653434607844241,117.32300124389548,131.4819051071883,-85.32300124389548,-99.48190510718831,True,True,14.158903863292835,POINT (438626.9375964101 4483076.614907513)
0.5775251797030696,117.65393418848029,131.8128380517731,-85.65393418848029,-99.8128380517731,True,True,14.158903863292807,POINT (438651.4521164687 4483101.595666235)
0.5915297437402756,118.02586893452566,132.18477279781848,-86.02586893452566,-100.18477279781848,True,True,14.15890386329282,POINT (438675.9666365273 4483126.576424956)
0.5065000940034877,115.61686271277688,129.77576657606969,-83.61686271277688,-97.77576657606969,True,True,14.158903863292807,POINT (438525.6104062376 4482931.948820278)
0.47160845520683486,114.50888779217142,128.66779165546424,-82.50888779217142,-96.66779165546424,True,True,14.15890386329282,POINT (438552.05757205235 4482909.0239992235)
0.43673582417652274,113.31638602198193,127.47528988527475,-81.31638602198193,-95.47528988527475,True,True,14.15890386329282,POINT (438578.5170079681 4482886.1133576725)
0.40188738065107044,112.0255295106296,126.18443337392242,-80.0255295106296,-94.18443337392242,True,True,14.15890386329282,POINT (438604.99028723926 4482863.218714963)
0.36712033965801383,110.62095596513517,124.77985982842799,-78.62095596513517,-92.77985982842799,True,True,14.15890386329282,POINT (438631.74884245935 4482840.66219498)
0.3323790416899449,109.07773726440453,123.23664112769735,-77.07773726440453,-91.23664112769735,True,True,14.15890386329282,POINT (438658.40988828096 4482817.986467083)
0.5339925096532151,116.43737728669589,130.59628114998873,-84.43737728669589,-98.59628114998873,True,True,14.158903863292835,POINT (438434.66492524673 4482863.62756926)
0.5345828764181623,116.45452981229244,130.61343367558527,-84.45452981229244,-98.61343367558527,True,True,14.158903863292835,POINT (438425.2197102725 4482849.729359384)
0.5339925096532151,116.43737728669589,130.59628114998873,-84.43737728669589,-98.59628114998873,True,True,14.158903863292835,POINT (438434.66492524673 4482863.62756926)
0.5298570129772374,116.31669015711809,130.4755940204109,-84.31669015711809,-98.47559402041091,True,True,14.15890386329282,POINT (438457.96696632623 4482889.742981679)
0.5284433973304876,116.27522016671206,130.43412403000488,-84.27522016671206,-98.43412403000488,True,True,14.15890386329282,POINT (438480.94678732037 4482916.142096138)
0.5290985889685709,116.29445471893861,130.45335858223143,-84.29445471893861,-98.45335858223143,True,True,14.15890386329282,POINT (438504.1109576211 4482942.376955113)
0.5977559173130828,118.18840521097584,132.34730907426868,-86.18840521097584,-100.34730907426868,True,True,14.158903863292835,POINT (438685.9964546303 4483136.796998945)
0.5830417175508846,117.80150857668703,131.96041243997985,-85.80150857668703,-99.96041243997985,True,True,14.15890386329282,POINT (438661.4819345717 4483111.816240224)
0.5700992476100942,117.45303945638177,131.6119433196746,-85.45303945638177,-99.6119433196746,True,True,14.15890386329282,POINT (438636.96741451306 4483086.835481502)
0.5590515717243313,117.14926998413847,131.3081738474313,-85.14926998413847,-99.3081738474313,True,True,14.158903863292835,POINT (438612.4528944545 4483061.854722781)
0.5493150975539625,116.87653507611333,131.03543893940613,-84.87653507611333,-99.03543893940613,True,True,14.158903863292807,POINT (438588.4618674341 4483036.379449203)
0.541066617875512,116.64167189950506,130.80057576279788,-84.64167189950506,-98.80057576279788,True,True,14.15890386329282,POINT (438564.916069153 4483010.483592714)
0.5349728016119658,116.46584832117045,130.62475218446326,-84.46584832117045,-98.62475218446326,True,True,14.158903863292807,POINT (438541.3795860874 4482984.579435178)
0.5305515736919567,116.33702535202134,130.49592921531416,-84.33702535202134,-98.49592921531416,True,True,14.15890386329282,POINT (438518.2685547108 4482958.294834578)
0.5977559173130828,118.18840521097584,132.34730907426868,-86.18840521097584,-100.34730907426868,True,True,14.158903863292835,POINT (438685.9964546303 4483136.796998945)
0.6140928583940746,118.60696733209608,132.76587119538888,-86.60696733209608,-100.76587119538888,True,True,14.158903863292807,POINT (438710.5286871627 4483161.760363441)
0.6319477357974499,119.05187071280957,133.2107745761024,-87.05187071280957,-101.21077457610241,True,True,14.158903863292835,POINT (438735.060919695 4483186.723727938)
0.6504496529380603,119.49982690110372,133.65873076439655,-87.49982690110372,-101.65873076439655,True,True,14.158903863292835,POINT (438760.2179674919 4483211.046942768)
0.6698131928578984,119.95519939422124,134.11410325751405,-87.95519939422124,-102.11410325751405,True,True,14.158903863292807,POINT (438785.76868754963 4483234.966823715)
0.6860047354340327,120.32598152735824,134.48488539065104,-88.32598152735824,-102.48488539065104,True,True,14.158903863292807,POINT (438814.1001115102 4483254.741496246)
0.6726308671386518,120.02036321274817,134.179267076041,-88.02036321274817,-102.17926707604099,True,True,14.15890386329282,POINT (438845.7047535344 4483243.759198486)
0.6504471552045681,119.49976729173167,133.6586711550245,-87.49976729173167,-101.6586711550245,True,True,14.158903863292835,POINT (438873.5009896453 4483222.502570758)
0.6296868676671225,118.9962350325784,133.1551388958712,-86.9962350325784,-101.1551388958712,True,True,14.158903863292807,POINT (438901.4822995575 4483201.499199125)
0.6026016429923369,118.3137371761296,132.47264103942243,-86.3137371761296,-100.47264103942243,True,True,14.15890386329282,POINT (438918.9099987575 4483173.585950998)
0.570833800467399,117.47302768232379,131.6319315456166,-85.47302768232379,-99.6319315456166,True,True,14.158903863292807,POINT (438903.51944962714 4483142.542262362)
0.3906302161023925,111.58450715093774,125.74341101423056,-79.58450715093774,-93.74341101423056,True,True,14.15890386329282,POINT (438494.38293307036 4482620.016059131)
0.37251371539941663,110.84734884991445,125.00625271320726,-78.84734884991445,-93.00625271320726,True,True,14.158903863292807,POINT (438517.08540876553 4482646.654332298)
0.35691966357472216,110.18352811586074,124.34243197915356,-78.18352811586074,-92.34243197915356,True,True,14.15890386329282,POINT (438539.78709603386 4482673.293277211)
0.3906302161023925,111.58450715093774,125.74341101423056,-79.58450715093774,-93.74341101423056,True,True,14.15890386329282,POINT (438494.38293307036 4482620.016059131)
0.41136779601556683,112.3874652756657,126.54636913895853,-80.3874652756657,-94.54636913895853,True,True,14.15890386329282,POINT (438471.2656940355 4482593.736918444)
0.43442074800287944,113.2338808093603,127.39278467265312,-81.2338808093603,-95.39278467265312,True,True,14.15890386329282,POINT (438447.66410085396 4482567.927073371)
0.461476748188188,114.17176378018942,128.33066764348226,-82.17176378018942,-96.33066764348226,True,True,14.158903863292835,POINT (438421.39639403694 4482544.807809354)
0.4913073935223556,115.144111034057,129.30301489734984,-83.144111034057,-97.30301489734984,True,True,14.158903863292835,POINT (438393.0959173523 4482524.231823531)
0.35160124136337145,109.95047785280389,124.10938171609672,-77.95047785280389,-92.10938171609672,True,True,14.158903863292835,POINT (438548.62953808054 4482683.66639964)
0.36612168056939975,110.57867143787372,124.73757530116654,-78.57867143787372,-92.73757530116654,True,True,14.15890386329282,POINT (438525.9267256325 4482657.028417354)
0.3832968139298553,111.29031587906698,125.4492197423598,-79.29031587906698,-93.4492197423598,True,True,14.15890386329282,POINT (438503.2242499373 4482630.390144188)
0.35160124136337145,109.95047785280389,124.10938171609672,-77.95047785280389,-92.10938171609672,True,True,14.158903863292835,POINT (438548.62953808054 4482683.66639964)
0.33022868320348275,108.9769821281387,123.13588599143154,-76.9769821281387,-91.13588599143154,True,True,14.158903863292835,POINT (438569.0792913787 4482677.426186413)
1.0068437980816696,126.28209796079818,140.441001824091,-94.28209796079818,-108.44100182409099,True,False,14.158903863292807,POINT (437901.5992826022 4482343.153252768)
0.9799078538922562,125.86115182211091,140.02005568540372,-93.86115182211091,-108.02005568540372,True,False,14.158903863292807,POINT (437923.1806987587 4482370.218533915)
0.9512375084730367,125.40019402189543,139.55909788518827,-93.40019402189543,-107.55909788518827,True,False,14.158903863292835,POINT (437947.3621870325 4482395.521806921)
0.9230038964879915,124.93247496478989,139.0913788280827,-92.93247496478989,-107.0913788280827,True,False,14.158903863292807,POINT (437971.5436753062 4482420.825079928)
0.8952483389194096,124.45851587163317,138.617419734926,-92.45851587163317,-106.61741973492599,True,False,14.15890386329282,POINT (437995.72516358 4482446.128352935)
1.0068437980816696,126.28209796079818,140.441001824091,-94.28209796079818,-108.44100182409099,True,False,14.158903863292807,POINT (437901.5992826022 4482343.153252768)
1.0147023001457385,126.40278749400795,140.56169135730076,-94.40278749400795,-108.56169135730076,True,False,14.158903863292807,POINT (437891.5765756789 4482351.761962613)
1.0147023001457385,126.40278749400795,140.56169135730076,-94.40278749400795,-108.56169135730076,True,False,14.158903863292807,POINT (437891.5765756789 4482351.761962613)
1.0378978170397377,126.7536439650819,140.91254782837473,-94.7536439650819,-108.91254782837473,True,False,14.15890386329282,POINT (437872.56051824533 4482331.003518186)
0.5330431108122401,116.40975362848745,130.56865749178027,-84.40975362848745,-98.56865749178027,True,True,14.15890386329282,POINT (438411.0560829668 4482821.683119373)
0.5211553724868743,116.05964198291109,130.2185458462039,-84.05964198291109,-98.21854584620391,True,True,14.15890386329282,POINT (438427.4987748191 4482827.009317469)
0.5211553724868743,116.05964198291109,130.2185458462039,-84.05964198291109,-98.21854584620391,True,True,14.15890386329282,POINT (438427.4987748191 4482827.009317469)
0.48697042220443554,115.00647299151132,129.16537685480415,-83.00647299151132,-97.16537685480415,True,True,14.158903863292835,POINT (438453.8128158093 4482803.931812616)
0.45291067473949914,113.88090943733414,128.03981330062697,-81.88090943733414,-96.03981330062697,True,True,14.158903863292835,POINT (438480.12497337564 4482780.852160015)
0.4190059265494633,112.6730513491939,126.83195521248672,-80.6730513491939,-94.83195521248672,True,True,14.15890386329282,POINT (438506.43713094207 4482757.772507413)
0.3852785806501852,111.37036900857066,125.52927287186348,-79.37036900857066,-93.52927287186348,True,True,14.15890386329282,POINT (438532.8017600939 4482734.761687578)
0.5211553724868743,116.05964198291109,130.2185458462039,-84.05964198291109,-98.21854584620391,True,True,14.15890386329282,POINT (438427.4987748191 4482827.009317469)
0.5345828764181623,116.45452981229244,130.61343367558527,-84.45452981229244,-98.61343367558527,True,True,14.158903863292835,POINT (438425.2197102725 4482849.729359384)
0.4416205528778124,113.48904352824037,127.6479473915332,-81.48904352824037,-95.6479473915332,True,True,14.15890386329282,POINT (438476.5489122344 4482397.224216112)
0.47621292493711503,114.65971088257169,128.81861474586452,-82.65971088257169,-96.81861474586452,True,True,14.158903863292835,POINT (438447.0043751125 4482378.459346641)
0.5108324065358932,115.74907468473428,129.9079785480271,-83.74907468473428,-97.9079785480271,True,True,14.15890386329282,POINT (438417.5681588023 4482359.526004156)
0.545470000409089,116.76749365005443,130.92639751334724,-84.76749365005443,-98.92639751334724,True,True,14.158903863292807,POINT (438388.25517284643 4482340.401457638)
0.5796749491890022,117.71161019974456,131.87051406303738,-85.71161019974456,-99.87051406303738,True,True,14.15890386329282,POINT (438360.530121132 4482319.080693217)
0.6131893697648715,118.58411189024085,132.74301575353368,-86.58411189024085,-100.74301575353368,True,True,14.158903863292835,POINT (438334.96603750414 4482295.192554275)
0.6460560290536106,119.39461583723998,133.5535197005328,-87.39461583723998,-101.5535197005328,True,True,14.15890386329282,POINT (438311.31006788474 4482269.411361793)
0.6782702347576021,120.14996788874501,134.30887175203785,-88.14996788874501,-102.30887175203785,True,True,14.158903863292835,POINT (438289.53848169977 4482242.016048121)
0.6965802135424521,120.56346202672854,134.72236589002136,-88.56346202672854,-102.72236589002136,True,True,14.15890386329282,POINT (438277.5169539622 4482226.068406048)
0.708371790974844,120.82403652732702,134.98294039061983,-88.82403652732702,-102.98294039061983,True,True,14.158903863292807,POINT (438251.45573619043 4482249.43093156)
0.7215936784945406,121.11110902139657,135.27001288468938,-89.11110902139657,-103.27001288468938,True,True,14.158903863292807,POINT (438225.44992823515 4482272.855234167)
0.7362433561249561,121.42310213331172,135.58200599660452,-89.42310213331172,-103.58200599660452,True,True,14.158903863292807,POINT (438199.4441202799 4482296.2795367725)
0.7522275461780011,121.75651186961694,135.91541573290976,-89.75651186961694,-103.91541573290976,True,True,14.15890386329282,POINT (438173.44582513673 4482319.712146121)
0.6965802135424521,120.56346202672854,134.72236589002136,-88.56346202672854,-102.72236589002136,True,True,14.15890386329282,POINT (438277.5169539622 4482226.068406048)
0.728301996449121,121.25475427516463,135.41365813845744,-89.25475427516463,-103.41365813845744,True,True,14.158903863292807,POINT (438257.63139236596 4482197.269357218)
0.7609041569458006,121.93454033262329,136.0934441959161,-89.93454033262329,-104.0934441959161,True,True,14.15890386329282,POINT (438236.4719154536 4482169.389677579)
0.7937105732458578,122.58979751476929,136.7487013780621,-90.58979751476929,-104.7487013780621,True,True,14.158903863292807,POINT (438215.31243854127 4482141.50999794)
0.827647981452052,123.23973912158863,137.39864298488146,-91.23973912158863,-105.39864298488146,True,False,14.158903863292835,POINT (438191.5679811739 4482115.805456369)
0.5706647751922052,117.46843054392578,131.6273344072186,-85.46843054392578,-99.6273344072186,True,True,14.15890386329282,POINT (438903.4208950782 4483142.376816898)
0.5410034902717575,116.63986066283425,130.79876452612706,-84.63986066283425,-98.79876452612706,True,True,14.158903863292807,POINT (438884.22427201335 4483113.110972251)
0.5120168623465955,115.78502632548997,129.9439301887828,-83.78502632548997,-97.94393018878279,True,True,14.15890386329282,POINT (438865.0276489485 4483083.845127604)
0.483826165236398,114.90591823767554,129.06482210096834,-82.90591823767554,-97.06482210096834,True,True,14.158903863292807,POINT (438845.8310258836 4483054.579282956)
0.4565788530017487,114.0061273276768,128.16503119096961,-82.0061273276768,-96.16503119096961,True,True,14.15890386329282,POINT (438826.63440281875 4483025.313438309)
0.5706647751922052,117.46843054392578,131.6273344072186,-85.46843054392578,-99.6273344072186,True,True,14.15890386329282,POINT (438903.4208950782 4483142.376816898)
0.5495434957855161,116.88298808453517,131.041891947828,-84.88298808453517,-99.04189194782799,True,True,14.15890386329282,POINT (438929.964529678 4483119.563762253)
0.5298941610115657,116.31777844358731,130.47668230688015,-84.31777844358731,-98.47668230688015,True,True,14.158903863292835,POINT (438956.5081642778 4483096.750707608)
0.5118863057253139,115.78106763711781,129.93997150041065,-83.78106763711781,-97.93997150041065,True,True,14.158903863292835,POINT (438983.0517988776 4483073.937652963)
0.5706647751922052,117.46843054392578,131.6273344072186,-85.46843054392578,-99.6273344072186,True,True,14.15890386329282,POINT (438903.4208950782 4483142.376816898)
0.6024109291834151,118.30882355277775,132.46772741607057,-86.30882355277775,-100.46772741607057,True,True,14.15890386329282,POINT (438918.8716815878 4483173.397226342)
0.6295827421086289,118.99366789041459,133.1525717537074,-86.99366789041459,-101.1525717537074,True,True,14.15890386329282,POINT (438901.64099469845 4483201.390107177)
0.6503271081801301,119.496902053331,133.65580591662382,-87.496902053331,-101.65580591662382,True,True,14.15890386329282,POINT (438873.6531220445 4483222.3844990255)
0.6725147544473967,120.01768329362633,134.17658715691917,-88.01768329362633,-102.17658715691917,True,True,14.158903863292835,POINT (438845.8644260572 4483243.65154215)
0.6860475231739469,120.32694971601887,134.4858535793117,-88.32694971601887,-102.48585357931171,True,True,14.158903863292835,POINT (438814.28271859104 4483254.802650601)
0.6699232439252439,119.95774966437595,134.11665352766877,-87.95774966437595,-102.11665352766877,True,True,14.15890386329282,POINT (438785.9092713949 4483235.098434442)
0.6505526190626577,119.50228402814061,133.66118789143343,-87.50228402814061,-101.66118789143343,True,True,14.15890386329282,POINT (438760.35855133715 4483211.178553495)
0.6320499420513472,119.05438111030561,133.21328497359843,-87.05438111030561,-101.21328497359843,True,True,14.15890386329282,POINT (438735.1958996711 4483186.861080065)
0.614187061843978,118.60934844919664,132.76825231248947,-86.60934844919664,-100.76825231248947,True,True,14.15890386329282,POINT (438710.6636671387 4483161.8977155695)
0.5978414209678413,118.19062550779799,132.3495293710908,-86.19062550779799,-100.3495293710908,True,True,14.158903863292807,POINT (438686.1314346064 4483136.934351073)
0.4514386819380996,113.83037573320752,127.98927959650034,-81.83037573320752,-95.98927959650034,True,True,14.15890386329282,POINT (438822.92617839255 4483019.660135663)
0.47848419470438325,114.73357188962058,128.8924757529134,-82.73357188962058,-96.89247575291341,True,True,14.158903863292835,POINT (438842.1228014574 4483048.92598031)
0.5065050499390613,115.61701460141875,129.77591846471157,-83.61701460141875,-97.77591846471157,True,True,14.15890386329282,POINT (438861.3194245223 4483078.191824957)
0.535348117253262,116.47673496377561,130.63563882706842,-84.47673496377561,-98.63563882706842,True,True,14.158903863292807,POINT (438880.51604758715 4483107.457669605)
0.5648874646144012,117.31047544802648,131.4693793113193,-85.31047544802648,-99.4693793113193,True,True,14.15890386329282,POINT (438899.712670652 4483136.723514251)
0.4514386819380996,113.83037573320752,127.98927959650034,-81.83037573320752,-95.98927959650034,True,True,14.15890386329282,POINT (438822.92617839255 4483019.660135663)
0.4254947838728829,112.91160608919283,127.07050995248565,-80.91160608919283,-95.07050995248565,True,True,14.15890386329282,POINT (438803.8017765634 4482990.347045504)
0.4017641238369686,112.02076789344457,126.1796717567374,-80.02076789344457,-94.1796717567374,True,True,14.158903863292835,POINT (438783.7655086407 4482961.664974249)
0.3804154687687313,111.17318298627407,125.33208684956688,-79.17318298627407,-93.33208684956688,True,True,14.158903863292807,POINT (438763.0716713326 4482933.437946466)
0.3629846555436656,110.44509154575213,124.60399540904496,-78.44509154575213,-92.60399540904496,True,True,14.15890386329282,POINT (438740.7829989241 4482906.472889158)
0.34934399372638747,109.85049905321385,124.00940291650667,-77.85049905321385,-92.00940291650667,True,True,14.15890386329282,POINT (438717.55323388934 4482880.295513136)
0.3387145378889647,109.37084126816387,123.52974513145669,-77.37084126816387,-91.52974513145669,True,True,14.15890386329282,POINT (438694.3754774189 4482854.069761771)
0.33130868461176216,109.0276673817925,123.1865712450853,-77.0276673817925,-91.1865712450853,True,True,14.158903863292807,POINT (438671.31140442577 4482827.745310979)
0.4514386819380996,113.83037573320752,127.98927959650034,-81.83037573320752,-95.98927959650034,True,True,14.15890386329282,POINT (438822.92617839255 4483019.660135663)
0.47807092413010543,114.72015858436643,128.87906244765927,-82.72015858436643,-96.87906244765927,True,True,14.158903863292835,POINT (438796.35067620577 4483042.436058985)
0.5056890890827499,115.59198713436007,129.7508909976529,-83.59198713436007,-97.7508909976529,True,True,14.158903863292835,POINT (438769.73755658633 4483065.167640307)
0.5341873671298241,116.44304077469269,130.60194463798553,-84.44304077469269,-98.60194463798553,True,True,14.158903863292835,POINT (438743.14024819504 4483087.918094947)
0.5634188775545628,117.27006587974196,131.42896974303477,-85.27006587974196,-99.42896974303477,True,True,14.158903863292807,POINT (438716.5429398037 4483110.668549587)
0.5932752480675587,118.07160782930946,132.23051169260228,-86.07160782930946,-100.23051169260228,True,True,14.15890386329282,POINT (438689.9456314123 4483133.419004228)
0.5091966826236517,115.69928846916281,129.85819233245564,-83.69928846916281,-97.85819233245564,True,True,14.158903863292835,POINT (438987.2555112162 4483070.32475214)
0.5269283511670263,116.23065125827962,130.38955512157244,-84.23065125827962,-98.38955512157244,True,True,14.15890386329282,POINT (438960.7118766164 4483093.137806784)
0.5463293081404619,116.79192892845887,130.95083279175168,-84.79192892845887,-98.95083279175168,True,True,14.158903863292807,POINT (438934.1682420166 4483115.95086143)
0.5672282949588002,117.37466894268051,131.53357280597334,-85.37466894268051,-99.53357280597334,True,True,14.15890386329282,POINT (438907.6246074168 4483138.763916074)
0.17748999302841997,99.33907379153888,113.49797765483171,-67.33907379153888,-81.49797765483171,True,True,14.158903863292835,POINT (438775.5764710372 4482714.108116962)
0.17369353524545186,99.00343460986502,113.16233847315785,-67.00343460986502,-81.16233847315785,True,True,14.15890386329282,POINT (438752.4994511077 4482687.793650386)
0.17687902856736543,99.28554691187547,113.44445077516829,-67.28554691187547,-81.44445077516829,True,True,14.15890386329282,POINT (438729.42243117816 4482661.47918381)
0.18696705740552136,100.1465629244144,114.30546678770722,-68.1465629244144,-82.30546678770722,True,True,14.15890386329282,POINT (438706.12320838746 4482635.367420993)
0.3633075463899342,110.45889397972147,124.61779784301429,-78.45889397972147,-92.61779784301429,True,True,14.15890386329282,POINT (438540.3882387675 4482695.60095747)
0.35160124136337145,109.95047785280389,124.10938171609672,-77.95047785280389,-92.10938171609672,True,True,14.158903863292835,POINT (438548.62953808054 4482683.66639964)
1.03540623882365,126.7163341553298,140.87523801862264,-94.7163341553298,-108.87523801862264,True,False,14.158903863292835,POINT (437876.63072872366 4482324.788879993)
1.025365199739026,126.56506040796035,140.72396427125318,-94.56506040796035,-108.72396427125318,True,False,14.158903863292835,POINT (437887.97169758053 4482320.809366187)
1.03540623882365,126.7163341553298,140.87523801862264,-94.7163341553298,-108.87523801862264,True,False,14.158903863292835,POINT (437876.63072872366 4482324.788879993)
1.0631188494865096,127.12634922588592,141.28525308917872,-95.12634922588592,-109.28525308917872,True,False,14.158903863292807,POINT (437855.10273928323 4482297.210293885)
1.0914103409510953,127.53404829656523,141.69295215985807,-95.53404829656523,-109.69295215985807,True,False,14.158903863292835,POINT (437833.35462917696 4482269.814365166)
1.1186646141895196,127.9169267407156,142.07583060400842,-95.9169267407156,-110.07583060400842,True,False,14.15890386329282,POINT (437813.5363048787 4482240.965898621)
1.1460764151504308,128.29272220029839,142.4516260635912,-96.29272220029839,-110.45162606359119,True,False,14.158903863292807,POINT (437794.0748362146 4482211.876839832)
1.1665321749874409,128.56734469370602,142.72624855699883,-96.56734469370602,-110.72624855699883,True,False,14.158903863292807,POINT (437783.8805036954 4482178.679712106)
1.1747575842010511,128.67641723503772,142.83532109833052,-96.67641723503772,-110.83532109833052,True,False,14.158903863292807,POINT (437787.9933512056 4482144.252842662)
1.170584058585048,128.62117023191868,142.7800740952115,-96.62117023191868,-110.78007409521149,True,False,14.158903863292807,POINT (437804.92044631514 4482113.8244259795)
1.163822829347728,128.53124913071645,142.69015299400925,-96.53124913071645,-110.69015299400925,True,False,14.158903863292807,POINT (437824.9923583268 4482085.201474624)
1.1440806921456783,128.26566727154994,142.42457113484275,-96.26566727154994,-110.42457113484275,True,False,14.158903863292807,POINT (437854.87063565786 4482068.333072246)
1.112153673800749,127.82631341845199,141.9852172817448,-95.82631341845199,-109.98521728174481,True,False,14.15890386329282,POINT (437888.32263696525 4482072.749678908)
1.0776525337715843,127.33712631429488,141.4960301775877,-95.33712631429488,-109.4960301775877,True,False,14.15890386329282,POINT (437916.58354731376 4482093.383120773)
1.0433815381705212,126.83544471539308,140.9943485786859,-94.83544471539308,-108.9943485786859,True,False,14.15890386329282,POINT (437944.20209977886 4482114.882319822)
1.009160584270886,126.31777641028144,140.47668027357426,-94.31777641028144,-108.47668027357426,True,False,14.15890386329282,POINT (437971.8206522439 4482136.381518871)
1.025365199739026,126.56506040796035,140.72396427125318,-94.56506040796035,-108.72396427125318,True,False,14.158903863292835,POINT (437887.97169758053 4482320.809366187)
1.0102504478345062,126.334531962619,140.49343582591183,-94.334531962619,-108.49343582591183,True,False,14.158903863292835,POINT (437901.4250114278 4482329.311911017)
1.025365199739026,126.56506040796035,140.72396427125318,-94.56506040796035,-108.72396427125318,True,False,14.158903863292835,POINT (437887.97169758053 4482320.809366187)
1.0134297445341456,126.38330736189329,140.5422112251861,-94.38330736189329,-108.5422112251861,True,False,14.158903863292807,POINT (437908.03986221476 4482292.262768369)
1.0046138658774386,126.24767943706316,140.40658330035598,-94.24767943706316,-108.40658330035598,True,False,14.15890386329282,POINT (437926.3682026711 4482262.445459032)
0.9969494430113073,126.12879539933907,140.2876992626319,-94.12879539933907,-108.28769926263189,True,False,14.15890386329282,POINT (437944.6965431274 4482232.628149695)
0.9904339222619474,126.02701120689169,140.1859150701845,-94.02701120689169,-108.1859150701845,True,False,14.15890386329282,POINT (437963.0501248004 4482202.826566663)
0.9861777304540496,125.96015960643727,140.1190634697301,-93.96015960643727,-108.1190634697301,True,False,14.15890386329282,POINT (437980.4502598723 4482172.564636025)
0.3289100451113234,108.91487225181959,123.0737761151124,-76.91487225181959,-91.0737761151124,True,True,14.158903863292807,POINT (438661.0743673135 4482815.720276854)
0.3262470739142492,108.78867941777503,122.94758328106786,-76.78867941777503,-90.94758328106786,True,True,14.158903863292835,POINT (438638.401189355 4482789.05706247)
0.32732627254784263,108.83994415625637,122.99884801954919,-76.83994415625637,-90.99884801954919,True,True,14.15890386329282,POINT (438615.7280113966 4482762.393848087)
0.3321111623576616,109.06522136840061,123.22412523169345,-77.06522136840061,-91.22412523169345,True,True,14.158903863292835,POINT (438593.05483343813 4482735.730633703)
0.3289100451113234,108.91487225181959,123.0737761151124,-76.91487225181959,-91.0737761151124,True,True,14.158903863292807,POINT (438661.0743673135 4482815.720276854)
0.3350041836784464,109.19985846053086,123.35876232382368,-77.19985846053086,-91.35876232382368,True,True,14.15890386329282,POINT (438683.9195560025 4482842.234556582)
0.34415133356300526,109.618029663391,123.77693352668382,-77.618029663391,-91.77693352668382,True,True,14.15890386329282,POINT (438707.0926245119 4482868.464480254)
0.35637913228466295,110.16000143132919,124.318905294622,-78.16000143132919,-92.318905294622,True,True,14.158903863292807,POINT (438730.37552853895 4482894.596649815)
0.3719910132380852,110.82555177562827,124.9844556389211,-78.82555177562827,-92.9844556389211,True,True,14.158903863292835,POINT (438753.2477304946 4482921.086725659)
0.3918884461296182,111.63442743101488,125.7933312943077,-79.63442743101488,-93.7933312943077,True,True,14.15890386329282,POINT (438774.42824126023 4482948.928655613)
0.41426992638733434,112.49659435148155,126.65549821477437,-80.49659435148155,-94.65549821477437,True,True,14.15890386329282,POINT (438795.1220785684 4482977.155683395)
0.43957711162130164,113.41704876696349,127.57595263025631,-81.41704876696349,-95.57595263025631,True,True,14.15890386329282,POINT (438814.29705607414 4483006.433774767)
0.3289100451113234,108.91487225181959,123.0737761151124,-76.91487225181959,-91.0737761151124,True,True,14.158903863292807,POINT (438661.0743673135 4482815.720276854)
0.29420675264403184,107.18401144732863,121.34291531062146,-75.18401144732863,-89.34291531062146,True,True,14.158903863292835,POINT (438687.59771080746 4482792.883634152)
0.25958314434409646,105.24041799614527,119.39932185943809,-73.24041799614527,-87.39932185943809,True,True,14.15890386329282,POINT (438714.12105430145 4482770.04699145)
0.22507599684065327,103.02620488379264,117.18510874708548,-71.02620488379264,-85.18510874708548,True,True,14.158903863292835,POINT (438740.6443977954 4482747.210348748)
0.19074852523688798,100.45739177036563,114.61629563365845,-68.45739177036563,-82.61629563365845,True,True,14.15890386329282,POINT (438767.16774128936 4482724.373706046)
0.9832729178256644,125.91436813132552,140.07327199461835,-93.91436813132552,-108.07327199461835,True,False,14.158903863292835,POINT (437998.0729474665 4482141.549108333)
0.9780426024098987,125.83157529861954,139.99047916191236,-93.83157529861954,-107.99047916191236,True,False,14.15890386329282,POINT (438018.3392554652 4482113.259200775)
0.9768030171980242,125.8118884919323,139.97079235522511,-93.8118884919323,-107.97079235522511,True,False,14.15890386329282,POINT (438036.38337225025 4482083.269038231)
0.9776415428506812,125.82520849490685,139.98411235819967,-93.82520849490685,-107.98411235819967,True,False,14.15890386329282,POINT (438053.6806816871 4482052.917304492)
0.9832729178256644,125.91436813132552,140.07327199461835,-93.91436813132552,-108.07327199461835,True,False,14.158903863292835,POINT (437998.0729474665 4482141.549108333)
0.9707161189808183,125.71485380306216,139.87375766635498,-93.71485380306216,-107.87375766635498,True,False,14.15890386329282,POINT (438008.82394321146 4482148.153803079)
1.1154109047027208,127.87171070027237,142.0306145635652,-95.87171070027237,-110.0306145635652,True,False,14.15890386329282,POINT (437866.12098112865 4483032.546218381)
1.1422726749062961,128.24111619153956,142.40002005483237,-96.24111619153956,-110.40002005483237,True,False,14.158903863292807,POINT (437841.91267497797 4483044.203566562)
1.1154109047027208,127.87171070027237,142.0306145635652,-95.87171070027237,-110.0306145635652,True,False,14.15890386329282,POINT (437866.12098112865 4483032.546218381)
1.080420660481904,127.3769490719956,141.5358529352884,-95.3769490719956,-109.5358529352884,True,False,14.158903863292807,POINT (437897.65552782366 4483017.361608911)
1.0454310693984117,126.86590728234283,141.02481114563565,-94.86590728234283,-109.02481114563565,True,False,14.15890386329282,POINT (437929.1900745186 4483002.176999442)
1.1154109047027208,127.87171070027237,142.0306145635652,-95.87171070027237,-110.0306145635652,True,False,14.15890386329282,POINT (437866.12098112865 4483032.546218381)
1.115469835179956,127.87253081554896,142.03143467884178,-95.87253081554896,-110.03143467884178,True,False,14.15890386329282,POINT (437852.1211037868 4483000.468134984)
1.1171638870117098,127.89608784879017,142.054991712083,-95.89608784879017,-110.054991712083,True,False,14.15890386329282,POINT (437837.63232936896 4482968.616758633)
1.0892726963163926,127.503614621433,141.66251848472584,-95.503614621433,-109.66251848472584,True,False,14.158903863292835,POINT (437860.27140015236 4482949.541883461)
1.0545947601692338,127.00138249552681,141.16028635881963,-95.00138249552681,-109.16028635881963,True,False,14.15890386329282,POINT (437891.19566170045 4482933.150115844)
1.0200313459112866,126.48409940611458,140.6430032694074,-94.48409940611458,-108.64300326940739,True,False,14.158903863292807,POINT (437921.8497480153 4482916.279202359)
0.9864291775988975,125.9641170748654,140.12302093815822,-93.9641170748654,-108.12302093815822,True,False,14.15890386329282,POINT (437950.53402537387 4482896.600833355)
0.9580998925926292,125.51177894324397,139.67068280653677,-93.51177894324397,-107.67068280653677,True,False,14.158903863292807,POINT (437970.9928419378 4482868.59701362)
0.9369257290440307,125.16486596356953,139.32376982686233,-93.16486596356953,-107.32376982686233,True,False,14.158903863292807,POINT (437982.99561117846 4482835.74905812)
0.9163900122320933,124.82084134283087,138.97974520612368,-92.82084134283087,-106.97974520612368,True,False,14.158903863292807,POINT (437995.25414701446 4482803.061375799)
0.8839107453720741,124.26067169245972,138.41957555575254,-92.26067169245972,-106.41957555575254,True,False,14.15890386329282,POINT (438024.6763154795 4482787.0149703715)
0.8574860739549258,123.78952463440739,137.9484284977002,-91.78952463440739,-105.9484284977002,True,False,14.15890386329282,POINT (438055.76278263994 4482801.256986506)
0.8284217562452073,123.25424510865335,137.41314897194616,-91.25424510865335,-105.41314897194616,True,False,14.158903863292807,POINT (438087.6410028696 4482807.002419706)
0.8019697277383422,122.75049344655908,136.9093973098519,-90.75049344655908,-104.9093973098519,True,True,14.15890386329282,POINT (438107.9090142036 4482781.488078583)
0.7808011737047773,122.33524278754037,136.4941466508332,-90.33524278754037,-104.49414665083319,True,True,14.15890386329282,POINT (438123.65556178405 4482757.762169642)
0.7507136550678252,121.72523926220141,135.88414312549423,-89.72523926220141,-103.88414312549423,True,True,14.15890386329282,POINT (438153.41165426886 4482752.765441893)
0.7231733431423677,121.14505423530095,135.30395809859377,-89.14505423530095,-103.30395809859377,True,True,14.15890386329282,POINT (438175.39046495827 4482725.706127187)
0.7108323230161552,120.87786299693914,135.03676686023195,-88.87786299693914,-103.03676686023195,True,True,14.158903863292807,POINT (438181.3255484714 4482691.473607071)
0.6869819710231606,120.34807908692942,134.50698295022224,-88.34807908692942,-102.50698295022224,True,True,14.15890386329282,POINT (438201.1027581415 4482662.85908889)
0.5345828764181623,116.45452981229244,130.61343367558527,-84.45452981229244,-98.61343367558527,True,True,14.158903863292835,POINT (438425.2197102725 4482849.729359384)
0.5518654896974203,116.94844030769782,131.10734417099064,-84.94844030769782,-99.10734417099064,True,True,14.15890386329282,POINT (438398.86363347893 4482838.705593496)
0.5345828764181623,116.45452981229244,130.61343367558527,-84.45452981229244,-98.61343367558527,True,True,14.158903863292835,POINT (438425.2197102725 4482849.729359384)
0.5339925096532151,116.43737728669589,130.59628114998873,-84.43737728669589,-98.59628114998873,True,True,14.158903863292835,POINT (438434.66492524673 4482863.62756926)
0.317873788639586,108.38506721814286,122.54397108143569,-76.38506721814286,-90.54397108143569,True,True,14.15890386329282,POINT (438583.8997331424 4482682.299823597)
0.28458699152131894,106.6679614846171,120.82686534790992,-74.6679614846171,-88.82686534790992,True,True,14.15890386329282,POINT (438611.8423595687 4482661.384667686)
0.2523113332262921,104.79935293228502,118.95825679557784,-72.79935293228502,-86.95825679557784,True,True,14.15890386329282,POINT (438638.7971675506 4482639.058935298)
0.22612694272483083,103.09851857264299,117.25742243593581,-71.09851857264299,-85.25742243593581,True,True,14.15890386329282,POINT (438659.39296466945 4482611.490665392)
0.317873788639586,108.38506721814286,122.54397108143569,-76.38506721814286,-90.54397108143569,True,True,14.15890386329282,POINT (438583.8997331424 4482682.299823597)
0.313490290139079,108.16951163850607,122.32841550179887,-76.16951163850607,-90.32841550179887,True,True,14.158903863292807,POINT (438593.13835917116 4482693.757736149)
0.33022868320348275,108.9769821281387,123.13588599143154,-76.9769821281387,-91.13588599143154,True,True,14.158903863292835,POINT (438569.0792913787 4482677.426186413)
0.30145446460716635,107.56178741946351,121.72069128275633,-75.56178741946351,-89.72069128275633,True,True,14.15890386329282,POINT (438591.3930320308 4482652.016609202)
0.2701132303745015,105.85768553151247,120.0165893948053,-73.85768553151247,-88.0165893948053,True,True,14.15890386329282,POINT (438618.09380259435 4482629.387670842)
0.33022868320348275,108.9769821281387,123.13588599143154,-76.9769821281387,-91.13588599143154,True,True,14.158903863292835,POINT (438569.0792913787 4482677.426186413)
0.317873788639586,108.38506721814286,122.54397108143569,-76.38506721814286,-90.54397108143569,True,True,14.15890386329282,POINT (438583.8997331424 4482682.299823597)
0.2508805723247387,104.71107627386093,118.86998013715376,-72.71107627386093,-86.86998013715376,True,True,14.158903863292835,POINT (438634.9019900435 4482615.142709753)
0.28162460611960366,106.50552706596463,120.66443092925745,-74.50552706596463,-88.66443092925745,True,True,14.15890386329282,POINT (438608.20121947996 4482637.771648113)
0.31326310981997285,108.15825819789734,122.31716206119016,-76.15825819789734,-90.31716206119016,True,True,14.15890386329282,POINT (438581.50044891634 4482660.400586473)
0.5466556392415332,116.80119841324294,130.96010227653576,-84.80119841324294,-98.96010227653576,True,True,14.15890386329282,POINT (438400.24571918923 4482830.342046975)
0.5538749740270179,117.00486162178399,131.16376548507682,-85.00486162178399,-99.16376548507682,True,True,14.158903863292835,POINT (438378.6780988568 4482803.151667064)
0.5646724445697103,117.30456553648123,131.46346939977406,-85.30456553648123,-99.46346939977406,True,True,14.15890386329282,POINT (438355.7581900017 4482776.700244077)
0.5466556392415332,116.80119841324294,130.96010227653576,-84.80119841324294,-98.96010227653576,True,True,14.15890386329282,POINT (438400.24571918923 4482830.342046975)
0.5330431108122401,116.40975362848745,130.56865749178027,-84.40975362848745,-98.56865749178027,True,True,14.15890386329282,POINT (438411.0560829668 4482821.683119373)
0.643443601558306,119.33171811538894,133.49062197868176,-87.33171811538894,-101.49062197868176,True,True,14.15890386329282,POINT (439524.04176575894 4482528.693980428)
0.6312757908209614,119.03535623504952,133.19426009834234,-87.03535623504952,-101.19426009834234,True,True,14.15890386329282,POINT (439510.5108099291 4482512.407503142)
0.7035593536437018,120.71821730920166,134.8771211724945,-88.71821730920166,-102.8771211724945,True,True,14.158903863292835,POINT (439585.25491024205 4482549.3240232235)
0.7142515941088399,120.95235424089158,135.1112581041844,-88.95235424089158,-103.1112581041844,True,True,14.15890386329282,POINT (439596.3130353034 4482574.267052846)
0.7042472149166534,120.73338673716664,134.89229060045946,-88.73338673716664,-102.89229060045946,True,True,14.15890386329282,POINT (439584.4491317699 4482520.923513988)
0.6948955165617661,120.5258732950964,134.6847771583892,-88.5258732950964,-102.68477715838921,True,True,14.158903863292807,POINT (439576.0998002523 4482537.542314658)
0.7042472149166534,120.73338673716664,134.89229060045946,-88.73338673716664,-102.89229060045946,True,True,14.15890386329282,POINT (439584.4491317699 4482520.923513988)
0.7035593536437018,120.71821730920166,134.8771211724945,-88.71821730920166,-102.8771211724945,True,True,14.158903863292835,POINT (439585.25491024205 4482549.3240232235)
0.8468898403685914,123.59650431574772,137.75540817904056,-91.59650431574772,-105.75540817904056,True,False,14.158903863292835,POINT (439503.53824865207 4483147.431721817)
0.8683579370488326,123.9851023987444,138.14400626203724,-91.9851023987444,-106.14400626203724,True,False,14.158903863292835,POINT (439523.45823449566 4483157.483325359)
0.8468898403685914,123.59650431574772,137.75540817904056,-91.59650431574772,-105.75540817904056,True,False,14.158903863292835,POINT (439503.53824865207 4483147.431721817)
0.8499988599262729,123.65338723544832,137.81229109874116,-91.65338723544832,-105.81229109874116,True,False,14.158903863292835,POINT (439497.7016892915 4483158.191266969)
1.8845477154609673,136.01308658056737,150.1719904438602,-104.01308658056737,-118.17199044386021,True,False,14.158903863292835,POINT (440509.2537204127 4483522.783113417)
1.9045570181086107,136.1770363000855,150.33594016337832,-104.17703630008549,-118.33594016337832,True,False,14.158903863292835,POINT (440540.90400043805 4483507.841233538)
1.9279111853148938,136.36622818244305,150.52513204573586,-104.36622818244305,-118.52513204573586,True,False,14.158903863292807,POINT (440573.76865687914 4483496.762665295)
1.961873839569346,136.6373087323241,150.79621259561694,-104.6373087323241,-118.79621259561694,True,False,14.158903863292835,POINT (440604.29063289013 4483511.732340301)
1.9951213738035274,136.8981735044746,151.05707736776742,-104.89817350447461,-119.05707736776742,True,False,14.158903863292807,POINT (440628.1681530609 4483537.322651563)
2.027560229903538,137.1485367560701,151.3074406193629,-105.14853675607009,-119.3074406193629,False,False,14.158903863292807,POINT (440650.28643506224 4483564.277280841)
1.8845477154609673,136.01308658056737,150.1719904438602,-104.01308658056737,-118.17199044386021,True,False,14.158903863292835,POINT (440509.2537204127 4483522.783113417)
1.8648898781663847,135.85031263770878,150.00921650100162,-103.85031263770878,-118.00921650100162,True,False,14.158903863292835,POINT (440477.5590739538 4483537.623023676)
1.8468899383742998,135.69975473770754,149.85865860100037,-103.69975473770754,-117.85865860100037,True,False,14.158903863292835,POINT (440446.5067174281 4483553.704170303)
1.8334727037075702,135.58657058515195,149.74547444844475,-103.58657058515195,-117.74547444844475,True,False,14.158903863292807,POINT (440417.8057077944 4483573.671421381)
1.8845477154609673,136.01308658056737,150.1719904438602,-104.01308658056737,-118.17199044386021,True,False,14.158903863292835,POINT (440509.2537204127 4483522.783113417)
1.9086134337023546,136.2100631905373,150.36896705383012,-104.21006319053731,-118.36896705383012,True,False,14.158903863292807,POINT (440526.7328552514 4483540.549645372)
2.0296218127080863,137.16431241918593,151.32321628247874,-105.16431241918593,-119.32321628247874,False,False,14.158903863292807,POINT (440651.49638342555 4483566.333193903)
2.0516319841351134,137.33174706601943,151.49065092931224,-105.33174706601943,-119.49065092931224,False,False,14.158903863292807,POINT (440657.3373264136 4483600.509028413)
2.068105637425734,137.45589342195962,151.61479728525242,-105.45589342195962,-119.61479728525242,False,False,14.158903863292807,POINT (440655.8529331562 4483635.4725996)
2.0852429165675965,137.58399581828013,151.74289968157294,-105.58399581828013,-119.74289968157294,False,False,14.158903863292807,POINT (440654.60260040447 4483670.4502591565)
2.0296218127080863,137.16431241918593,151.32321628247874,-105.16431241918593,-119.32321628247874,False,False,14.158903863292807,POINT (440651.49638342555 4483566.333193903)
1.9973896389754326,136.91581189873816,151.07471576203096,-104.91581189873816,-119.07471576203096,True,False,14.158903863292807,POINT (440629.7955971064 4483539.066836026)
1.9641379913241015,136.65521335915165,150.81411722244445,-104.65521335915165,-118.81411722244445,True,False,14.158903863292807,POINT (440605.91807693563 4483513.476524764)
1.93016168650696,136.38433825405872,150.54324211735155,-104.38433825405872,-118.54324211735155,True,False,14.158903863292835,POINT (440576.1217497328 4483497.149534484)
1.9059365619306348,136.18827628123591,150.34718014452875,-104.18827628123591,-118.34718014452875,True,False,14.158903863292835,POINT (440543.0612202581 4483506.822824874)
1.8858976238448704,136.02420192594218,150.183105789235,-104.02420192594218,-118.18310578923499,True,False,14.158903863292807,POINT (440511.41094023274 4483521.764704753)
2.0296218127080863,137.16431241918593,151.32321628247874,-105.16431241918593,-119.32321628247874,False,False,14.158903863292807,POINT (440651.49638342555 4483566.333193903)
2.0177150301393425,137.07297733718235,151.2318812004752,-105.07297733718235,-119.23188120047519,False,False,14.158903863292835,POINT (440624.82624954014 4483588.948111363)
1.9086134337023546,136.2100631905373,150.36896705383012,-104.21006319053731,-118.36896705383012,True,False,14.158903863292807,POINT (440526.7328552514 4483540.549645372)
1.9425227773336413,136.48343455801833,150.64233842131117,-104.48343455801833,-118.64233842131117,True,False,14.158903863292835,POINT (440551.4981355834 4483565.281828658)
1.9764762564808895,136.7524215572182,150.91132542051105,-104.75242155721821,-118.91132542051105,True,False,14.158903863292835,POINT (440576.2824442584 4483589.994203793)
2.0107566596802706,137.01935089806452,151.17825476135732,-105.01935089806452,-119.17825476135732,False,False,14.158903863292807,POINT (440601.98882795515 4483613.7467160225)
1.9086134337023546,136.2100631905373,150.36896705383012,-104.21006319053731,-118.36896705383012,True,False,14.158903863292807,POINT (440526.7328552514 4483540.549645372)
1.8845477154609673,136.01308658056737,150.1719904438602,-104.01308658056737,-118.17199044386021,True,False,14.158903863292835,POINT (440509.2537204127 4483522.783113417)
1.9086134337023546,136.2100631905373,150.36896705383012,-104.21006319053731,-118.36896705383012,True,False,14.158903863292807,POINT (440526.7328552514 4483540.549645372)
1.9120975492715444,136.23837448868608,150.3972783519789,-104.23837448868608,-118.39727835197891,True,False,14.158903863292835,POINT (440511.7750430558 4483572.192395416)
1.9162396184636779,136.27196515638377,150.43086901967658,-104.27196515638377,-118.43086901967658,True,False,14.158903863292807,POINT (440496.8399309358 4483603.845869569)
2.019501048223533,137.08671191086833,151.24561577416114,-105.08671191086833,-119.24561577416114,False,False,14.158903863292807,POINT (440608.5431580614 4483619.802869539)
1.98521431029242,136.82089878424324,150.97980264753605,-104.82089878424324,-118.97980264753605,True,False,14.158903863292807,POINT (440582.8367743646 4483596.050357309)
1.9511747702196227,136.55242135039686,150.7113252136897,-104.55242135039686,-118.71132521368969,True,False,14.158903863292835,POINT (440557.81251353654 4483571.587767891)
1.917255540824078,136.28019282720422,150.43909669049702,-104.28019282720422,-118.43909669049702,True,False,14.158903863292807,POINT (440533.04723320453 4483546.855584605)
2.019501048223533,137.08671191086833,151.24561577416114,-105.08671191086833,-119.24561577416114,False,False,14.158903863292807,POINT (440608.5431580614 4483619.802869539)
2.0255114737435957,137.1328433461135,151.29174720940634,-105.1328433461135,-119.29174720940634,False,False,14.158903863292835,POINT (440596.3176708858 4483651.015614681)
2.019501048223533,137.08671191086833,151.24561577416114,-105.08671191086833,-119.24561577416114,False,False,14.158903863292807,POINT (440608.5431580614 4483619.802869539)
2.017719568074338,137.0730122495462,151.23191611283903,-105.0730122495462,-119.23191611283903,False,False,14.158903863292835,POINT (440624.8649466533 4483588.890790473)
1.9198054868330399,136.30082493698222,150.45972880027503,-104.30082493698222,-118.45972880027503,True,False,14.158903863292807,POINT (440484.9966469326 4483628.644923923)
1.887102920446845,136.0341197951483,150.19302365844115,-104.03411979514831,-118.19302365844115,True,False,14.158903863292835,POINT (440452.48634976824 4483618.502375302)
1.9198054868330399,136.30082493698222,150.45972880027503,-104.30082493698222,-118.45972880027503,True,False,14.158903863292807,POINT (440484.9966469326 4483628.644923923)
1.9152968432128894,136.26432598036973,150.42322984366254,-104.26432598036973,-118.42322984366254,True,False,14.158903863292807,POINT (440500.0475721645 4483597.04759528)
1.9112903890156603,136.2318202431403,150.3907241064331,-104.2318202431403,-118.39072410643311,True,False,14.158903863292807,POINT (440514.98268428457 4483565.394121127)
1.9198054868330399,136.30082493698222,150.45972880027503,-104.30082493698222,-118.45972880027503,True,False,14.158903863292807,POINT (440484.9966469326 4483628.644923923)
1.9249536286343534,136.34239617157775,150.50130003487058,-104.34239617157775,-118.50130003487058,True,False,14.158903863292835,POINT (440469.99937751284 4483660.188035031)
1.923388877116302,136.3297725785351,150.48867644182792,-104.32977257853511,-118.48867644182792,True,False,14.158903863292807,POINT (440448.69157450006 4483687.954517176)
1.9212977103501765,136.3128861010216,150.4717899643144,-104.3128861010216,-118.47178996431441,True,False,14.158903863292807,POINT (440426.47350934654 4483714.996869494)
1.9220884495726336,136.31927359587309,150.4781774591659,-104.31927359587309,-118.47817745916589,True,False,14.158903863292807,POINT (440406.1230451524 4483743.295017548)
1.8720874163484809,135.91010908101006,150.0690129443029,-103.91010908101006,-118.0690129443029,True,False,14.158903863292835,POINT (440441.44585195504 4483607.989051163)
1.8814681930013721,135.9876995082617,150.14660337155453,-103.9876995082617,-118.14660337155453,True,False,14.158903863292835,POINT (440448.17759721895 4483614.806825566)
1.8720874163484809,135.91010908101006,150.0690129443029,-103.91010908101006,-118.0690129443029,True,False,14.158903863292835,POINT (440441.44585195504 4483607.989051163)
1.8374578214741824,135.62027419842514,149.77917806171797,-103.62027419842514,-117.77917806171797,True,False,14.158903863292835,POINT (440415.37884434615 4483584.632882877)
1.8720874163484809,135.91010908101006,150.0690129443029,-103.91010908101006,-118.0690129443029,True,False,14.158903863292835,POINT (440441.44585195504 4483607.989051163)
1.8822825943449677,135.99441733697728,150.15332120027009,-103.99441733697728,-118.15332120027009,True,False,14.158903863292807,POINT (440464.61988414585 4483591.183346134)
1.9597133341092219,136.62020445079446,150.77910831408727,-104.62020445079446,-118.77910831408727,True,False,14.158903863292807,POINT (440547.32236212527 4483605.259045687)
1.994055279825233,136.88987645787097,151.0487803211638,-104.88987645787097,-119.0487803211638,True,False,14.158903863292835,POINT (440572.9021040015 4483629.147888387)
1.9597133341092219,136.62020445079446,150.77910831408727,-104.62020445079446,-118.77910831408727,True,False,14.158903863292807,POINT (440547.32236212527 4483605.259045687)
1.9386034996619095,136.45208295832907,150.61098682162188,-104.45208295832907,-118.61098682162188,True,False,14.158903863292807,POINT (440531.7219663002 4483590.35263288)
2.0255114737435957,137.1328433461135,151.29174720940634,-105.1328433461135,-119.29174720940634,False,False,14.158903863292835,POINT (440596.3176708858 4483651.015614681)
2.0412007212413297,137.25261998672477,151.4115238500176,-105.25261998672477,-119.4115238500176,False,False,14.158903863292835,POINT (440596.77272421686 4483679.485600889)
2.0255114737435957,137.1328433461135,151.29174720940634,-105.1328433461135,-119.29174720940634,False,False,14.158903863292835,POINT (440596.3176708858 4483651.015614681)
2.019501048223533,137.08671191086833,151.24561577416114,-105.08671191086833,-119.24561577416114,False,False,14.158903863292807,POINT (440608.5431580614 4483619.802869539)
1.9386034996619095,136.45208295832907,150.61098682162188,-104.45208295832907,-118.61098682162188,True,False,14.158903863292807,POINT (440531.7219663002 4483590.35263288)
1.9597133341092219,136.62020445079446,150.77910831408727,-104.62020445079446,-118.77910831408727,True,False,14.158903863292807,POINT (440547.32236212527 4483605.259045687)
1.8814681930013721,135.9876995082617,150.14660337155453,-103.9876995082617,-118.14660337155453,True,False,14.158903863292835,POINT (440448.17759721895 4483614.806825566)
1.8720874163484809,135.91010908101006,150.0690129443029,-103.91010908101006,-118.0690129443029,True,False,14.158903863292835,POINT (440441.44585195504 4483607.989051163)
1.8814681930013721,135.9876995082617,150.14660337155453,-103.9876995082617,-118.14660337155453,True,False,14.158903863292835,POINT (440448.17759721895 4483614.806825566)
1.887102920446845,136.0341197951483,150.19302365844115,-104.03411979514831,-118.19302365844115,True,False,14.158903863292835,POINT (440452.48634976824 4483618.502375302)
1.8814681930013721,135.9876995082617,150.14660337155453,-103.9876995082617,-118.14660337155453,True,False,14.158903863292835,POINT (440448.17759721895 4483614.806825566)
1.8783325963691215,135.9618074394325,150.12071130272534,-103.9618074394325,-118.12071130272534,True,False,14.158903863292835,POINT (440425.9990577109 4483641.878131242)
1.8753984491309392,135.93753965451964,150.09644351781245,-103.93753965451964,-118.09644351781245,True,False,14.158903863292807,POINT (440403.474128665 4483668.666702899)
1.8725495569343242,135.91394064152615,150.072844504819,-103.91394064152615,-118.07284450481899,True,False,14.158903863292835,POINT (440380.5668587072 4483695.024568269)
1.8475839101078264,135.70558650904835,149.86449037234118,-103.70558650904835,-117.86449037234118,True,False,14.158903863292835,POINT (440345.9532479616 4483699.319228149)
1.8218634711361499,135.487967853877,149.6468717171698,-103.487967853877,-117.6468717171698,True,False,14.158903863292807,POINT (440311.0728412596 4483702.210115262)
1.887102920446845,136.0341197951483,150.19302365844115,-104.03411979514831,-118.19302365844115,True,False,14.158903863292835,POINT (440452.48634976824 4483618.502375302)
1.8814681930013721,135.9876995082617,150.14660337155453,-103.9876995082617,-118.14660337155453,True,False,14.158903863292835,POINT (440448.17759721895 4483614.806825566)
1.887102920446845,136.0341197951483,150.19302365844115,-104.03411979514831,-118.19302365844115,True,False,14.158903863292835,POINT (440452.48634976824 4483618.502375302)
1.9198054868330399,136.30082493698222,150.45972880027503,-104.30082493698222,-118.45972880027503,True,False,14.158903863292807,POINT (440484.9966469326 4483628.644923923)
1.887102920446845,136.0341197951483,150.19302365844115,-104.03411979514831,-118.19302365844115,True,False,14.158903863292835,POINT (440452.48634976824 4483618.502375302)
1.8783339712586198,135.96181880199913,150.12072266529196,-103.96181880199913,-118.12072266529196,True,False,14.158903863292835,POINT (440461.67811264197 4483588.458166305)
1.3646223830296347,131.00204018672378,145.1609440500166,-99.00204018672378,-113.16094405001661,True,False,14.158903863292835,POINT (439949.4343713996 4483422.356591061)
1.3578218014630676,130.924487067475,145.08339093076782,-98.92448706747501,-113.08339093076782,True,False,14.158903863292807,POINT (439952.63537110284 4483407.311449649)
1.3646223830296347,131.00204018672378,145.1609440500166,-99.00204018672378,-113.16094405001661,True,False,14.158903863292835,POINT (439949.4343713996 4483422.356591061)
1.3578218014630676,130.924487067475,145.08339093076782,-98.92448706747501,-113.08339093076782,True,False,14.158903863292807,POINT (439952.63537110284 4483407.311449649)
1.3646223830296347,131.00204018672378,145.1609440500166,-99.00204018672378,-113.16094405001661,True,False,14.158903863292835,POINT (439949.4343713996 4483422.356591061)
1.3795763611754654,131.17122320815946,145.33012707145227,-99.17122320815946,-113.33012707145227,True,False,14.158903863292807,POINT (439941.07038212736 4483456.271216065)
1.389755389306837,131.28533869386158,145.44424255715438,-99.28533869386158,-113.44424255715438,True,False,14.158903863292807,POINT (439927.0397078225 4483488.325337511)
1.404777802529724,131.45223468794146,145.6111385512343,-99.45223468794146,-113.61113855123429,True,False,14.158903863292835,POINT (439917.7667640454 4483521.1754858615)
1.4382234043964468,131.8174872788221,145.97639114211495,-99.81748727882211,-113.97639114211495,True,False,14.158903863292835,POINT (439945.0727726799 4483540.874086886)
1.4711398398025584,132.1687602061049,146.3276640693977,-100.1687602061049,-114.32766406939771,True,False,14.158903863292807,POINT (439977.468773155 4483554.12112492)
1.5041220023447914,132.5129381402337,146.67184200352654,-100.5129381402337,-114.67184200352654,True,False,14.158903863292835,POINT (440009.8976376195 4483567.288081651)
1.5371950858693586,132.85056843148095,147.0094722947738,-100.85056843148095,-115.00947229477379,True,False,14.158903863292835,POINT (440042.32454850955 4483580.459847105)
1.5705952216357866,133.18424410320077,147.3431479664936,-101.18424410320077,-115.3431479664936,True,False,14.158903863292835,POINT (440074.28516753216 4483594.549903016)
1.600251583320216,133.47462401621183,147.63352787950464,-101.47462401621183,-115.63352787950464,True,False,14.158903863292807,POINT (440086.4507055516 4483625.800295891)
2.0412007212413297,137.25261998672477,151.4115238500176,-105.25261998672477,-119.4115238500176,False,False,14.158903863292835,POINT (440596.77272421686 4483679.485600889)
2.0255114737435957,137.1328433461135,151.29174720940634,-105.1328433461135,-119.29174720940634,False,False,14.158903863292835,POINT (440596.3176708858 4483651.015614681)
2.0412007212413297,137.25261998672477,151.4115238500176,-105.25261998672477,-119.4115238500176,False,False,14.158903863292835,POINT (440596.77272421686 4483679.485600889)
2.0710881265271266,137.47826385962856,151.63716772292136,-105.47826385962856,-119.63716772292136,False,False,14.158903863292807,POINT (440631.76451059454 4483680.243813325)
2.0412007212413297,137.25261998672477,151.4115238500176,-105.25261998672477,-119.4115238500176,False,False,14.158903863292835,POINT (440596.77272421686 4483679.485600889)
2.0603249807040696,137.39738167345047,151.55628553674327,-105.39738167345047,-119.55628553674327,False,False,14.158903863292807,POINT (440596.6845812016 4483714.4854899)
1.3624327893558372,130.9771125563661,145.13601641965892,-98.97711255636611,-113.13601641965892,True,False,14.158903863292807,POINT (440244.4972278349 4482571.279068634)
1.3342257149651764,130.65235502697593,144.81125889026873,-98.65235502697593,-112.81125889026873,True,False,14.158903863292807,POINT (440216.1451203933 4482591.801170557)
1.3063701991870202,130.32483590186777,144.4837397651606,-98.32483590186777,-112.4837397651606,True,False,14.158903863292835,POINT (440187.81493617274 4482612.353557623)
1.278871067537891,129.99458380919486,144.15348767248767,-97.99458380919486,-112.15348767248767,True,False,14.158903863292807,POINT (440159.4896267304 4482632.912663756)
1.2517465068643316,129.66179851765617,143.820702380949,-97.66179851765617,-111.820702380949,True,False,14.158903863292835,POINT (440131.164317288 4482653.471769889)
1.3624327893558372,130.9771125563661,145.13601641965892,-98.97711255636611,-113.13601641965892,True,False,14.158903863292807,POINT (440244.4972278349 4482571.279068634)
1.35398019406013,130.88050591638273,145.03940977967554,-98.88050591638273,-113.03940977967554,True,False,14.158903863292807,POINT (440236.0019021492 4482561.322933118)
1.234742411940005,129.44948137521442,143.60838523850725,-97.44948137521442,-111.60838523850725,True,False,14.158903863292835,POINT (440114.18294792896 4482652.569418528)
1.2612789075544628,129.77956420989418,143.93846807318698,-97.77956420989418,-111.93846807318698,True,False,14.158903863292807,POINT (440141.955499749 4482631.269527322)
1.288281592380838,130.1083924909463,144.26729635423914,-98.1083924909463,-112.26729635423914,True,False,14.158903863292835,POINT (440169.7876209617 4482610.047553376)
1.3157812563729936,130.43626376492546,144.59516762821826,-98.43626376492546,-112.59516762821826,True,False,14.158903863292807,POINT (440197.7377644182 4482588.984363671)
1.3440425245561882,130.7661516930522,144.925055556345,-98.7661516930522,-112.925055556345,True,False,14.158903863292807,POINT (440226.10230914084 4482568.479422739)
1.2309699771035614,129.40198166437705,143.56088552766988,-97.40198166437705,-111.56088552766988,True,False,14.158903863292835,POINT (440109.15902519226 4482669.716015244)
1.2059887210174898,129.08371392954348,143.2426177928363,-97.08371392954348,-111.24261779283631,True,False,14.158903863292835,POINT (440082.09474414174 4482691.847632736)
1.185256462676427,128.81453275521298,142.97343661850581,-96.81453275521298,-110.97343661850581,True,False,14.158903863292835,POINT (440058.36609215866 4482717.534969828)
1.166554625103618,128.5676434375699,142.72654730086273,-96.5676434375699,-110.72654730086273,True,False,14.158903863292835,POINT (440035.83833858854 4482744.3211648865)
1.1486100575800948,128.3270016184638,142.48590548175662,-96.32700161846381,-110.48590548175662,True,False,14.158903863292807,POINT (440013.30618021736 4482771.103656166)
1.1304386356390608,128.07945567753913,142.23835954083196,-96.07945567753913,-110.23835954083196,True,False,14.158903863292835,POINT (439989.89114181773 4482797.083053042)
1.1067527841211888,127.75074532463645,141.9096491879293,-95.75074532463645,-109.90964918792929,True,False,14.158903863292835,POINT (439961.4080013091 4482816.896897822)
0.771840294540349,122.1560603008814,136.31496416417423,-90.1560603008814,-104.31496416417423,True,True,14.15890386329282,POINT (438305.8924155853 4482058.533222793)
0.7403401236400137,121.50924032015773,135.66814418345055,-89.50924032015773,-103.66814418345055,True,True,14.15890386329282,POINT (438320.7287659858 4482089.405384889)
0.7055639477999678,120.76238340946058,134.9212872727534,-88.76238340946058,-102.9212872727534,True,True,14.15890386329282,POINT (438344.6355961359 4482114.957058847)
0.6706510255375809,119.97460438427457,134.1335082475674,-87.97460438427457,-102.13350824756739,True,True,14.15890386329282,POINT (438369.7548917161 4482139.316845933)
0.6356966177572272,119.14368640305374,133.30259026634656,-87.14368640305374,-101.30259026634656,True,True,14.15890386329282,POINT (438395.3373367189 4482163.202669742)
0.6007525211502429,118.26603000086604,132.42493386415885,-86.26603000086604,-100.42493386415885,True,True,14.158903863292807,POINT (438420.8617769685 4482187.15015532)
0.5658328286267674,117.33643249469394,131.49533635798676,-85.33643249469394,-99.49533635798676,True,True,14.15890386329282,POINT (438446.22184188763 4482211.2686142875)
0.5309693457390741,116.3492439715298,130.5081478348226,-84.3492439715298,-98.50814783482261,True,True,14.158903863292807,POINT (438471.22519252874 4482235.749857775)
0.49620458439707216,115.29807515164872,129.45697901494154,-83.29807515164872,-97.45697901494154,True,True,14.15890386329282,POINT (438495.6687708673 4482260.796548593)
0.46135982635589307,114.16783025338441,128.32673411667724,-82.16783025338441,-96.32673411667724,True,True,14.158903863292835,POINT (438521.5714989324 4482284.1924521495)
0.4296101422248901,113.06102408282027,127.21992794611309,-81.06102408282027,-95.21992794611309,True,True,14.15890386329282,POINT (438555.1214929777 4482293.412997387)
0.771840294540349,122.1560603008814,136.31496416417423,-90.1560603008814,-104.31496416417423,True,True,14.15890386329282,POINT (438305.8924155853 4482058.533222793)
0.798055158942616,122.67453617498556,136.83344003827838,-90.67453617498556,-104.83344003827838,True,True,14.15890386329282,POINT (438270.899602625 4482058.916635399)
0.8580408458586708,123.79956450774,137.9584683710328,-91.79956450774,-105.95846837103281,True,False,14.158903863292807,POINT (438320.50004560035 4481923.359728725)
0.8623905451533854,123.8780580808299,138.0369619441227,-91.8780580808299,-106.03696194412271,True,False,14.158903863292807,POINT (438312.25628158316 4481924.782025728)
0.8580408458586708,123.79956450774,137.9584683710328,-91.79956450774,-105.95846837103281,True,False,14.158903863292807,POINT (438320.50004560035 4481923.359728725)
0.836324730600756,123.4016313778624,137.5605352411552,-91.4016313778624,-105.56053524115521,True,False,14.158903863292807,POINT (438315.57140408055 4481956.868418776)
1.35398019406013,130.88050591638273,145.03940977967554,-98.88050591638273,-113.03940977967554,True,False,14.158903863292807,POINT (440236.0019021492 4482561.322933118)
1.3752017875465388,131.12192163654552,145.28082549983833,-99.12192163654552,-113.28082549983833,True,False,14.158903863292807,POINT (440257.0294416512 4482546.5795317255)
1.3752017875465388,131.12192163654552,145.28082549983833,-99.12192163654552,-113.28082549983833,True,False,14.158903863292807,POINT (440257.0294416512 4482546.5795317255)
1.3946417723558395,131.33982257913928,145.4987264424321,-99.33982257913928,-113.49872644243209,True,False,14.158903863292807,POINT (440276.2200526346 4482535.281013152)
1.3752017875465388,131.12192163654552,145.28082549983833,-99.12192163654552,-113.28082549983833,True,False,14.158903863292807,POINT (440257.0294416512 4482546.5795317255)
1.383316132096963,131.2132467426297,145.3721506059225,-99.2132467426297,-113.37215060592251,True,False,14.158903863292807,POINT (440265.3035684695 4482557.492127416)
1.2406474549070805,129.5235427167596,143.68244658005244,-97.52354271675961,-111.68244658005244,True,False,14.158903863292835,POINT (440119.45343168284 4482661.974001554)
1.234742411940005,129.44948137521442,143.60838523850725,-97.44948137521442,-111.60838523850725,True,False,14.158903863292835,POINT (440114.18294792896 4482652.569418528)
1.2406474549070805,129.5235427167596,143.68244658005244,-97.52354271675961,-111.68244658005244,True,False,14.158903863292835,POINT (440119.45343168284 4482661.974001554)
1.2309699771035614,129.40198166437705,143.56088552766988,-97.40198166437705,-111.56088552766988,True,False,14.158903863292835,POINT (440109.15902519226 4482669.716015244)
0.6737919811719207,120.04713669164886,134.2060405549417,-88.04713669164886,-102.2060405549417,True,True,14.158903863292835,POINT (439554.65428842057 4482531.876609055)
0.679086524532795,120.16863863585253,134.32754249914535,-88.16863863585253,-102.32754249914535,True,True,14.15890386329282,POINT (439559.6970987504 4482527.695236539)
0.6737919811719207,120.04713669164886,134.2060405549417,-88.04713669164886,-102.2060405549417,True,True,14.158903863292835,POINT (439554.65428842057 4482531.876609055)
0.6835197511639298,120.26964817241625,134.4285520357091,-88.26964817241625,-102.42855203570909,True,True,14.158903863292835,POINT (439564.25428268895 4482529.490038493)
0.6948955165617661,120.5258732950964,134.6847771583892,-88.5258732950964,-102.68477715838921,True,True,14.158903863292807,POINT (439576.0998002523 4482537.542314658)
0.689815504276518,120.41197457082745,134.57087843412026,-88.41197457082745,-102.57087843412026,True,True,14.158903863292807,POINT (439571.3566110957 4482545.240217465)
0.6948955165617661,120.5258732950964,134.6847771583892,-88.5258732950964,-102.68477715838921,True,True,14.158903863292807,POINT (439576.0998002523 4482537.542314658)
0.7035593536437018,120.71821730920166,134.8771211724945,-88.71821730920166,-102.8771211724945,True,True,14.158903863292835,POINT (439585.25491024205 4482549.3240232235)
0.586688624049234,117.89830327671088,132.0572071400037,-85.89830327671088,-100.0572071400037,True,True,14.15890386329282,POINT (439403.71847517986 4482303.632979199)
0.5884145181830119,117.94390169465004,132.10280555794284,-85.94390169465004,-100.10280555794284,True,True,14.158903863292807,POINT (439404.1438958668 4482300.698912907)
0.586688624049234,117.89830327671088,132.0572071400037,-85.89830327671088,-100.0572071400037,True,True,14.15890386329282,POINT (439403.71847517986 4482303.632979199)
0.5830423638421527,117.80152578386772,131.96042964716054,-85.80152578386772,-99.96042964716054,True,True,14.15890386329282,POINT (439402.75114593864 4482309.768475788)
0.6277111611364086,118.9474528401294,133.10635670342222,-86.9474528401294,-101.10635670342222,True,True,14.15890386329282,POINT (439450.48640182544 4482305.807337389)
0.6248116805715581,118.87558300961415,133.03448687290697,-86.87558300961415,-101.03448687290697,True,True,14.15890386329282,POINT (439449.6891866459 4482310.975677704)
0.6277111611364086,118.9474528401294,133.10635670342222,-86.9474528401294,-101.10635670342222,True,True,14.15890386329282,POINT (439450.48640182544 4482305.807337389)
0.6532364786014357,119.56619337054691,133.72509723383973,-87.56619337054691,-101.72509723383973,True,True,14.15890386329282,POINT (439480.3527075013 4482309.872686461)
0.6831051658263037,120.26022979879284,134.41913366208564,-88.26022979879284,-102.41913366208564,True,True,14.158903863292807,POINT (439564.9137232314 4482553.406995133)
0.6748590818107723,120.07170171430752,134.23060557760033,-88.07170171430752,-102.23060557760033,True,True,14.158903863292807,POINT (439556.8657590522 4482563.262978571)
0.6831051658263037,120.26022979879284,134.41913366208564,-88.26022979879284,-102.41913366208564,True,True,14.158903863292807,POINT (439564.9137232314 4482553.406995133)
0.6780379739400896,120.14465135148482,134.30355521477765,-88.14465135148482,-102.30355521477765,True,True,14.15890386329282,POINT (439559.76436189574 4482550.695610795)
0.6780379739400896,120.14465135148482,134.30355521477765,-88.14465135148482,-102.30355521477765,True,True,14.15890386329282,POINT (439559.76436189574 4482550.695610795)
0.6723920647321074,120.01485107182314,134.17375493511597,-88.01485107182314,-102.17375493511597,True,True,14.15890386329282,POINT (439554.01025156246 4482547.61169046)
0.679086524532795,120.16863863585253,134.32754249914535,-88.16863863585253,-102.32754249914535,True,True,14.15890386329282,POINT (439559.6970987504 4482527.695236539)
0.6835197511639298,120.26964817241625,134.4285520357091,-88.26964817241625,-102.42855203570909,True,True,14.158903863292835,POINT (439564.25428268895 4482529.490038493)
0.679086524532795,120.16863863585253,134.32754249914535,-88.16863863585253,-102.32754249914535,True,True,14.15890386329282,POINT (439559.6970987504 4482527.695236539)
0.6994090396900635,120.62637440088437,134.78527826417718,-88.62637440088437,-102.78527826417718,True,True,14.158903863292807,POINT (439579.4592049714 4482519.065591517)
0.6748590818107723,120.07170171430752,134.23060557760033,-88.07170171430752,-102.23060557760033,True,True,14.158903863292807,POINT (439556.8657590522 4482563.262978571)
0.6652602118343287,119.84932189455091,134.00822575784372,-87.84932189455091,-102.00822575784372,True,True,14.158903863292807,POINT (439547.31075778994 4482576.450303488)
0.6490892725041199,119.4673269624994,133.62623082579222,-87.4673269624994,-101.62623082579222,True,True,14.15890386329282,POINT (439529.946075403 4482532.531519883)
0.643443601558306,119.33171811538894,133.49062197868176,-87.33171811538894,-101.49062197868176,True,True,14.15890386329282,POINT (439524.04176575894 4482528.693980428)
0.6490892725041199,119.4673269624994,133.62623082579222,-87.4673269624994,-101.62623082579222,True,True,14.15890386329282,POINT (439529.946075403 4482532.531519883)
0.6624275132158869,119.78308249496732,133.94198635826015,-87.78308249496732,-101.94198635826015,True,True,14.158903863292835,POINT (439542.6661444017 4482522.959654815)
0.6994090396900635,120.62637440088437,134.78527826417718,-88.62637440088437,-102.78527826417718,True,True,14.158903863292807,POINT (439579.4592049714 4482519.065591517)
0.7083176032285975,120.82284901604731,134.98175287934015,-88.82284901604731,-102.98175287934015,True,True,14.158903863292835,POINT (439588.0046052465 4482514.123282357)
0.810953316449094,122.92341614435888,137.0823200076517,-90.92341614435888,-105.0823200076517,True,False,14.15890386329282,POINT (438254.15132738545 4482058.915838703)
0.7982822389691772,122.67895254597819,136.837856409271,-90.67895254597819,-104.83785640927101,True,True,14.15890386329282,POINT (438278.6520855987 4482049.476395176)
0.7726879820123341,122.17309958098895,136.33200344428178,-90.17309958098895,-104.33200344428178,True,True,14.158903863292835,POINT (438313.64377282804 4482048.7148348205)
0.4211818058683645,112.75345406838987,126.91235793168269,-80.75345406838987,-94.91235793168269,True,True,14.15890386329282,POINT (438565.67572002474 4482294.097167869)
0.4307154812462582,113.10091225911748,127.2598161224103,-81.10091225911748,-95.2598161224103,True,True,14.15890386329282,POINT (438565.04731557757 4482280.537087943)
0.9011559014740029,124.56061384479666,138.71951770808948,-92.56061384479666,-106.71951770808948,True,False,14.15890386329282,POINT (439583.39284952753 4482006.231261123)
0.8959634506951912,124.4709106370348,138.62981450032763,-92.4709106370348,-106.62981450032763,True,False,14.15890386329282,POINT (439580.46384186257 4482010.872864755)
0.9011559014740029,124.56061384479666,138.71951770808948,-92.56061384479666,-106.71951770808948,True,False,14.15890386329282,POINT (439583.39284952753 4482006.231261123)
0.9168834028428219,124.82919689101416,138.988100754307,-92.82919689101416,-106.988100754307,True,False,14.158903863292835,POINT (439593.13700669905 4481993.275598683)
0.8959634506951912,124.4709106370348,138.62981450032763,-92.4709106370348,-106.62981450032763,True,False,14.15890386329282,POINT (439580.46384186257 4482010.872864755)
0.9011559014740029,124.56061384479666,138.71951770808948,-92.56061384479666,-106.71951770808948,True,False,14.15890386329282,POINT (439583.39284952753 4482006.231261123)
0.8959634506951912,124.4709106370348,138.62981450032763,-92.4709106370348,-106.62981450032763,True,False,14.15890386329282,POINT (439580.46384186257 4482010.872864755)
0.8685745381134576,123.98897398510803,138.14787784840087,-91.98897398510803,-106.14787784840087,True,False,14.158903863292835,POINT (439572.06400609115 4482044.548832895)
0.9168834028428219,124.82919689101416,138.988100754307,-92.82919689101416,-106.988100754307,True,False,14.158903863292835,POINT (439593.13700669905 4481993.275598683)
0.9315277593878878,125.07517252923776,139.23407639253057,-93.07517252923776,-107.23407639253057,True,False,14.158903863292807,POINT (439604.8043370532 4481984.411721376)
0.8634241872786684,123.89665270383813,138.05555656713094,-91.89665270383813,-106.05555656713094,True,False,14.158903863292807,POINT (439571.0382646323 4482051.711230508)
0.8575212988253661,123.79016230253545,137.94906616582827,-91.79016230253545,-105.94906616582827,True,False,14.15890386329282,POINT (439569.0708314476 4482058.920459932)
0.5830423638421527,117.80152578386772,131.96042964716054,-85.80152578386772,-99.96042964716054,True,True,14.15890386329282,POINT (439402.75114593864 4482309.768475788)
0.586688624049234,117.89830327671088,132.0572071400037,-85.89830327671088,-100.0572071400037,True,True,14.15890386329282,POINT (439403.71847517986 4482303.632979199)
1.0320931577193884,126.66658355274151,140.82548741603432,-94.66658355274151,-108.82548741603432,True,False,14.158903863292807,POINT (437941.2111026447 4482996.388597938)
1.067082482457028,127.18411685971958,141.34302072301242,-95.18411685971958,-109.34302072301242,True,False,14.158903863292835,POINT (437909.67655594967 4483011.573207408)
1.102072485148411,127.68496073321207,141.8438645965049,-95.68496073321207,-109.84386459650489,True,False,14.15890386329282,POINT (437878.1420092547 4483026.757816877)
1.1422726749062961,128.24111619153956,142.40002005483237,-96.24111619153956,-110.40002005483237,True,False,14.158903863292807,POINT (437841.91267497797 4483044.203566562)
1.1154109047027208,127.87171070027237,142.0306145635652,-95.87171070027237,-110.0306145635652,True,False,14.15890386329282,POINT (437866.12098112865 4483032.546218381)
0.4166288781406895,112.5847364505387,126.74364031383152,-80.5847364505387,-94.74364031383152,True,True,14.15890386329282,POINT (439169.6286712004 4482873.585805312)
0.42302698857978804,112.82131213690077,126.9802160001936,-80.82131213690077,-94.9802160001936,True,True,14.15890386329282,POINT (439177.4028712428 4482874.97676802)
0.4166288781406895,112.5847364505387,126.74364031383152,-80.5847364505387,-94.74364031383152,True,True,14.15890386329282,POINT (439169.6286712004 4482873.585805312)
0.41374411131915567,112.47687890195633,126.63578276524915,-80.47687890195633,-94.63578276524915,True,True,14.15890386329282,POINT (439191.7397543442 4482846.493909082)
0.41216848147291807,112.41765023812138,126.5765541014142,-80.41765023812138,-94.5765541014142,True,True,14.15890386329282,POINT (439212.57709439297 4482818.372649158)
0.4114696536978635,112.39130845844895,126.55021232174177,-80.39130845844895,-94.55021232174177,True,True,14.15890386329282,POINT (439231.68654808926 4482789.072236464)
0.40990609935188554,112.33220907845124,126.49111294174406,-80.33220907845124,-94.49111294174406,True,True,14.15890386329282,POINT (439247.47037890885 4482757.858111143)
0.4108430145979194,112.3676497032568,126.52655356654962,-80.3676497032568,-94.52655356654962,True,True,14.15890386329282,POINT (439262.8325313027 4482726.409672808)
0.4109283471753794,112.37087355573468,126.5297774190275,-80.37087355573468,-94.5297774190275,True,True,14.15890386329282,POINT (439274.65240668756 4482693.507811773)
0.41340016673740326,112.46396913135777,126.62287299465059,-80.46396913135777,-94.62287299465059,True,True,14.15890386329282,POINT (439285.9325406428 4482660.375371809)
0.41618508398231147,112.56819228288296,126.72709614617578,-80.56819228288296,-94.72709614617578,True,True,14.15890386329282,POINT (439294.6812927728 4482626.495297973)
0.4198296042772972,112.70353675231522,126.86244061560805,-80.70353675231522,-94.86244061560805,True,True,14.158903863292835,POINT (439301.41546754836 4482592.157352422)
0.42421808912338804,112.86495879053048,127.0238626538233,-80.86495879053048,-95.0238626538233,True,True,14.15890386329282,POINT (439306.0297809008 4482557.4628555635)
0.4288046555608929,113.03189192970842,127.19079579300124,-81.03189192970842,-95.19079579300124,True,True,14.15890386329282,POINT (439307.9929974479 4482522.528407308)
0.4333971172651245,113.1972601439783,127.35616400727112,-81.1972601439783,-95.35616400727112,True,True,14.15890386329282,POINT (439307.136543016 4482487.571958234)
0.6624275132158869,119.78308249496732,133.94198635826015,-87.78308249496732,-101.94198635826015,True,True,14.158903863292835,POINT (439542.6661444017 4482522.959654815)
0.679086524532795,120.16863863585253,134.32754249914535,-88.16863863585253,-102.32754249914535,True,True,14.15890386329282,POINT (439559.6970987504 4482527.695236539)
0.8557028292709513,123.75720866861674,137.91611253190956,-91.75720866861674,-105.91611253190956,True,False,14.15890386329282,POINT (439558.5412050955 4482048.082346038)
0.8882595994671293,124.33685880980211,138.49576267309493,-92.33685880980211,-106.49576267309493,True,False,14.15890386329282,POINT (439576.27084261447 4482017.961146874)
0.8557028292709513,123.75720866861674,137.91611253190956,-91.75720866861674,-105.91611253190956,True,False,14.15890386329282,POINT (439558.5412050955 4482048.082346038)
0.8634241872786684,123.89665270383813,138.05555656713094,-91.89665270383813,-106.05555656713094,True,False,14.158903863292807,POINT (439571.0382646323 4482051.711230508)
